departure_date,last_seen,flight_number,aircraft,origin_airport,destination_airport,inventory
2026-08-29,1 day ago,UA3454,Embraer E175,EWR,BGR,PZ1
2026-05-06,1 day ago,UA6268,Embraer E175,TAM,IAH,PZ9
2026-08-29,1 day ago,UA3609,Embraer E175,EWR,SDF,PZ2
2026-05-08,2 days ago,UA5583,Embraer E175,TUS,SFO,PZ2
2026-08-12,1 day ago,UA3609,Embraer E175,EWR,SDF,PZ2
2026-10-11,1 day ago,UA3609,Embraer E175,EWR,SDF,PZ1
2026-07-05,1 day ago,UA3682,Embraer E175,SDF,EWR,PZ1
2026-06-01,4 hours ago,UA3562,Embraer E175,EWR,MKE,PZ1
2026-06-27,2 days ago,UA5260,Embraer E175,SHV,DEN,PZ2
2026-11-02,1 day ago,UA3682,Embraer E175,SDF,EWR,PZ1
2026-06-02,2 days ago,UA1847,Boeing 737 MAX 8,DFW,EWR,PZ1
2026-11-11,4 days ago,UA3470,Embraer E175,MKE,EWR,PZ2
2026-05-05,1 day ago,UA3560,Embraer E175,PIT,EWR,PZ3
2026-11-14,4 days ago,UA3667,Embraer E175,MKE,EWR,PZ2
2026-05-21,2 hours ago,UA552,Boeing 737 MAX 9,SFO,ONT,PZ5
2026-06-07,4 days ago,UA3610,Embraer E175,EWR,RIC,PZ2
2026-06-12,2 days ago,UA5253,Embraer E175,DEN,SHV,PZ3
2026-09-23,3 days ago,UA200,Boeing 777-300ER,GUM,HNL,PZ9
2026-06-23,3 days ago,UA5836,Embraer E175,ORD,YYZ,PZ9
2026-07-07,3 days ago,UA1619,Boeing 737 MAX 9,IAH,CUN,PZ7
2026-05-06,4 days ago,UA1403,Boeing 737-700,CMH,IAD,PZ4
2026-05-06,4 days ago,UA4029,Embraer E175,CMH,IAD,PZ3
2026-05-23,1 day ago,UA1247,Boeing 737-900,DEN,PDX,PZ1
2026-05-20,1 day ago,UA1247,Boeing 737 MAX 8,DEN,PDX,PZ2
2027-02-24,4 days ago,UA905,Boeing 767-300,LHR,EWR,PZ1
2027-02-24,4 days ago,UA147,Boeing 767-300,LHR,EWR,PZ1
2026-07-12,3 days ago,UA1020,Boeing 737 MAX 9,IAH,CUN,PZ1
2026-07-12,3 days ago,UA1619,Boeing 737 MAX 9,IAH,CUN,PZ4
2026-08-17,3 days ago,UA1619,Boeing 737 MAX 9,IAH,CUN,PZ1
2026-10-18,3 days ago,UA3412,Embraer E175,EWR,DTW,PZ1
2026-08-17,3 days ago,UA1014,Boeing 737-900,IAH,CUN,PZ1
2026-08-19,3 days ago,UA1619,Boeing 737 MAX 9,IAH,CUN,PZ6
2026-08-17,3 days ago,UA1167,Boeing 737 MAX 9,IAH,CUN,PZ6
2026-08-18,3 days ago,UA1020,Boeing 737 MAX 9,IAH,CUN,PZ7
2026-08-18,3 days ago,UA1619,Boeing 737 MAX 9,IAH,CUN,PZ8
2026-08-18,3 days ago,UA1167,Boeing 737 MAX 9,IAH,CUN,PZ3
2026-08-06,3 days ago,UA1058,Boeing 737 MAX 9,CUN,IAH,PZ2
2026-08-15,3 days ago,UA1018,Boeing 737-900,IAH,CUN,PZ5
2026-08-15,3 days ago,UA1014,Boeing 737-900,IAH,CUN,PZ4
2026-08-15,3 days ago,UA1167,Boeing 737 MAX 9,IAH,CUN,PZ4
2026-08-14,3 days ago,UA1020,Boeing 737 MAX 9,IAH,CUN,PZ1
2026-08-14,3 days ago,UA1014,Boeing 737-900,IAH,CUN,PZ7
2026-08-16,3 days ago,UA1619,Boeing 737 MAX 9,IAH,CUN,PZ6
2026-08-16,3 days ago,UA1018,Boeing 737-900,IAH,CUN,PZ6
2026-06-27,3 days ago,UA1020,Boeing 737 MAX 9,IAH,CUN,PZ1
2026-08-16,3 days ago,UA1167,Boeing 737 MAX 9,IAH,CUN,PZ7
2026-08-13,3 days ago,UA1020,Boeing 737 MAX 9,IAH,CUN,PZ1
2026-08-21,3 days ago,UA1059,Boeing 737-900,CUN,IAH,PZ6
2026-08-06,3 days ago,UA1017,Boeing 737 MAX 9,CUN,IAH,PZ6
2026-08-06,3 days ago,UA1123,Boeing 737 MAX 9,CUN,IAH,PZ4
2026-08-15,3 days ago,UA1058,Boeing 737 MAX 9,CUN,IAH,PZ3
2026-08-13,3 days ago,UA1059,Boeing 737-900,CUN,IAH,PZ7
2026-08-13,3 days ago,UA1017,Boeing 737 MAX 9,CUN,IAH,PZ8
2026-05-09,1 day ago,UA1284,Airbus A320,LAX,SEA,PZ1
2026-08-13,3 days ago,UA1123,Boeing 737 MAX 9,CUN,IAH,PZ8
2026-05-09,1 day ago,UA5408,Embraer E175,LAX,SEA,PZ2
2026-05-09,1 day ago,UA5273,Embraer E175,LAX,SEA,PZ2
2026-08-13,3 days ago,UA1058,Boeing 737 MAX 9,CUN,IAH,PZ5
2026-10-03,4 days ago,UA4485,Bombardier CRJ550,HSV,IAH,PZ1
2026-07-10,3 days ago,UA1058,Boeing 737 MAX 9,CUN,IAH,PZ5
2026-07-09,3 days ago,UA1056,Boeing 737-900,CUN,IAH,PZ4
2026-06-17,1 day ago,UA4572,Bombardier CRJ550,EWR,DCA,PZ1
2026-08-14,3 days ago,UA1056,Boeing 737-900,CUN,IAH,PZ6
2026-08-14,3 days ago,UA1123,Boeing 737 MAX 9,CUN,IAH,PZ4
2026-07-08,3 days ago,UA1056,Boeing 737-900,CUN,IAH,PZ2
2026-06-25,3 days ago,UA1056,Boeing 737-900,CUN,IAH,PZ2
2026-06-24,3 days ago,UA1123,Boeing 737 MAX 9,CUN,IAH,PZ9
2026-05-05,1 day ago,UA5779,Embraer E175,RAP,ORD,PZ1
2026-05-21,3 days ago,UA1059,Boeing 737-900,CUN,IAH,PZ9
2026-08-01,3 days ago,UA1020,Boeing 737 MAX 9,IAH,CUN,PZ7
2026-05-21,3 days ago,UA1123,Boeing 737 MAX 9,CUN,IAH,PZ9
2026-05-21,3 days ago,UA1019,Boeing 737 MAX 9,CUN,IAH,PZ4
2026-05-05,3 days ago,UA1059,Boeing 737-900,CUN,IAH,PZ4
2026-05-08,3 days ago,UA1058,Boeing 737 MAX 9,CUN,IAH,PZ9
2026-05-15,1 day ago,UA5500,Embraer E175,RAP,ORD,PZ5
2026-08-01,3 days ago,UA1167,Boeing 737 MAX 9,IAH,CUN,PZ3
2026-08-02,3 days ago,UA1167,Boeing 737 MAX 9,IAH,CUN,PZ8
2026-06-19,3 days ago,UA1020,Boeing 737 MAX 9,IAH,CUN,PZ2
2026-06-12,1 day ago,UA2781,Airbus A319,DEN,RAP,PZ3
2026-06-19,7 hours ago,UA4408,Bombardier CRJ550,PIT,EWR,PZ1
2026-10-10,4 days ago,UA1265,Boeing 737-900,SEA,ORD,PZ2
2026-06-03,1 day ago,UA5556,Bombardier CRJ550,DEN,RAP,PZ2
2026-05-05,1 day ago,UA1767,Boeing 737-800W,RAP,DEN,PZ3
2026-05-11,1 day ago,UA5225,Bombardier CRJ700,DEN,RAP,PZ3
2026-07-04,1 day ago,UA3421,Embraer E175,EWR,SDF,PZ2
2026-07-03,1 day ago,UA3512,Embraer E175,EWR,SDF,PZ1
2026-05-26,1 day ago,UA2325,Boeing 737 MAX 9,DEN,RAP,PZ2
2026-05-17,1 day ago,UA1020,Boeing 737 MAX 9,IAH,CUN,PZ9
2027-02-09,1 day ago,UA928,Boeing 767-300,LHR,ORD,PZ1
2026-05-18,1 day ago,UA1619,Boeing 737 MAX 9,IAH,CUN,PZ3
2026-05-12,1 day ago,UA1619,Boeing 737 MAX 9,IAH,CUN,PZ3
2026-12-06,3 days ago,UA1024,Boeing 737 MAX 8,IAH,MEX,PZ3
2026-05-12,1 day ago,UA5657,Embraer E175,SEA,LAX,PZ6
2026-05-06,1 day ago,UA494,Boeing 737-900ER,DEN,RAP,PZ2
2026-05-06,1 day ago,UA5303,Embraer E175,DEN,RAP,PZ3
2026-05-21,1 day ago,UA2325,Boeing 737 MAX 9,DEN,RAP,PZ7
2026-11-17,1 day ago,UA3508,Embraer E175,SDF,IAD,PZ1
2026-10-21,1 day ago,UA3508,Embraer E175,SDF,IAD,PZ2
2027-02-03,1 day ago,UA959,Boeing 767-300,LHR,ORD,PZ1
2026-05-06,1 day ago,UA5788,Embraer E175,DEN,BOI,PZ4
2026-05-08,1 day ago,UA5788,Embraer E175,DEN,BOI,PZ3
2026-12-24,3 days ago,UA1085,Airbus A320,MEX,IAH,PZ2
2026-12-03,1 day ago,UA958,Boeing 767-300,LHR,ORD,PZ4
2026-05-17,1 day ago,UA963,Boeing 767-300,BER,EWR,PZ9
2026-12-02,3 days ago,UA1085,Airbus A320,MEX,IAH,PZ2
2026-09-26,1 day ago,UA3718,Embraer E175,GRR,EWR,PZ2
2026-11-13,3 days ago,UA1058,Boeing 737-900,CUN,IAH,PZ4
2026-05-25,4 hours ago,UA3564,Embraer E175,EWR,MKE,PZ1
2026-06-06,13 hours ago,UA1503,Boeing 737 MAX 9,SEA,ORD,PZ1
2026-10-03,1 day ago,UA3415,Embraer E175,EWR,SDF,PZ2
2026-11-10,3 days ago,UA3562,Embraer E175,EWR,MKE,PZ1
2026-06-02,9 hours ago,UA1928,Airbus A321neo,DEN,ORD,PZ1
2026-05-08,1 day ago,UA787,Boeing 737 MAX 9,IAH,ORD,PZ4
2026-05-14,3 days ago,UA1472,Boeing 737 MAX 9,SDQ,EWR,PZ8
2026-08-03,2 days ago,UA307,Boeing 737-900,MSP,ORD,PZ2
2026-05-23,10 hours ago,UA5256,Embraer E175,SBA,SFO,PZ2
2026-08-02,3 days ago,UA1020,Boeing 737 MAX 9,IAH,CUN,PZ6
2026-05-08,16 hours ago,UA1904,Boeing 737 MAX 9,TPA,ORD,PZ1
2026-05-23,1 day ago,UA1520,Boeing 737-900,MCO,DEN,PZ3
2026-06-19,2 days ago,UA5253,Embraer E175,DEN,SHV,PZ1
2026-05-27,1 day ago,UA6238,Embraer E175,AGU,IAH,PZ9
2026-07-29,1 day ago,UA1653,Boeing 737-900,CUN,LAX,PZ5
2026-05-16,1 day ago,UA1693,Airbus A321neo,ORD,BOS,PZ4
2026-08-19,2 days ago,UA2826,Boeing 737-800,RDU,ORD,PZ1
2026-10-18,3 days ago,UA1020,Boeing 737 MAX 9,IAH,CUN,PZ3
2026-10-27,1 day ago,UA4506,Bombardier CRJ550,STL,IAD,PZ1
2026-10-13,1 day ago,UA4506,Bombardier CRJ550,STL,IAD,PZ1
2026-05-16,1 day ago,UA4024,Embraer E175,IAD,DFW,PZ1
2026-06-24,16 hours ago,UA200,Boeing 777-300ER,GUM,HNL,PZ2
2026-05-12,1 day ago,UA5590,Embraer E175,SFO,SLC,PZ6
2026-09-02,1 day ago,UA17,Boeing 767-300,LHR,EWR,PZ9
2026-09-01,11 hours ago,UA15,Boeing 767-300,LHR,EWR,PZ9
2026-09-01,11 hours ago,UA921,Boeing 767-300,LHR,EWR,PZ9
2026-07-10,1 day ago,UA200,Boeing 777-300ER,GUM,HNL,PZ5
2026-05-05,20 hours ago,UA150,Boeing 737-800W,KIX,GUM,PZ9
2026-05-05,4 days ago,UA4191,Bombardier CRJ550,EWR,RIC,PZ4
2026-09-09,1 day ago,UA166,Boeing 737-800,TPE,GUM,PZ1
2026-06-02,4 days ago,UA3639,Embraer E175,EWR,RIC,PZ2
2026-06-12,4 days ago,UA3639,Embraer E175,EWR,RIC,PZ2
2026-05-19,1 day ago,UA957,Boeing 767-300,GVA,EWR,PZ9
2026-06-23,3 days ago,UA428,Airbus A319,MEX,IAH,PZ1
2026-06-23,3 days ago,UA1838,Airbus A320,MEX,IAH,PZ5
2026-06-30,3 days ago,UA428,Airbus A319,MEX,IAH,PZ4
2026-06-17,3 days ago,UA1085,Airbus A319,MEX,IAH,PZ3
2026-07-23,3 days ago,UA1056,Boeing 737-900,CUN,IAH,PZ9
2026-08-25,3 days ago,UA1085,Airbus A319,MEX,IAH,PZ2
2026-08-10,3 days ago,UA1020,Boeing 737 MAX 9,IAH,CUN,PZ8
2026-07-14,3 days ago,UA1619,Boeing 737 MAX 9,IAH,CUN,PZ7
2026-05-09,3 days ago,UA2444,Boeing 737-900,EWR,FLL,PZ1
2026-05-26,2 days ago,UA5720,Bombardier CRJ550,ORD,ABE,PZ1
2026-08-08,3 days ago,UA1020,Boeing 737 MAX 9,IAH,CUN,PZ7
2026-08-08,3 days ago,UA1016,Boeing 737 MAX 9,IAH,CUN,PZ6
2026-08-08,3 days ago,UA1167,Boeing 737 MAX 9,IAH,CUN,PZ3
2026-08-03,3 days ago,UA1016,Boeing 737 MAX 9,IAH,CUN,PZ6
2026-08-03,3 days ago,UA1167,Boeing 737 MAX 9,IAH,CUN,PZ7
2026-08-05,3 days ago,UA1020,Boeing 737 MAX 9,IAH,CUN,PZ5
2026-08-05,3 days ago,UA1018,Boeing 737-900,IAH,CUN,PZ8
2026-08-05,3 days ago,UA1016,Boeing 737 MAX 9,IAH,CUN,PZ5
2026-08-05,3 days ago,UA1167,Boeing 737 MAX 9,IAH,CUN,PZ6
2026-08-04,3 days ago,UA1020,Boeing 737 MAX 9,IAH,CUN,PZ5
2026-08-04,3 days ago,UA1619,Boeing 737 MAX 9,IAH,CUN,PZ3
2026-08-04,3 days ago,UA1014,Boeing 737-900,IAH,CUN,PZ1
2026-08-04,1 day ago,UA3518,Embraer E175,GSP,EWR,PZ2
2026-08-04,1 day ago,UA3700,Embraer E175,GSP,EWR,PZ2
2026-08-19,3 days ago,UA1059,Boeing 737-900,CUN,IAH,PZ3
2026-08-19,3 days ago,UA1058,Boeing 737 MAX 9,CUN,IAH,PZ8
2026-08-26,3 days ago,UA1059,Boeing 737-900,CUN,IAH,PZ6
2026-08-26,3 days ago,UA1058,Boeing 737 MAX 9,CUN,IAH,PZ8
2026-08-24,3 days ago,UA1056,Boeing 737-900,CUN,IAH,PZ5
2026-08-27,3 days ago,UA1017,Boeing 737 MAX 9,CUN,IAH,PZ2
2026-05-20,4 hours ago,UA2396,Boeing 737-900,IAD,EWR,PZ1
2026-08-25,3 days ago,UA1058,Boeing 737 MAX 9,CUN,IAH,PZ8
2026-07-16,3 days ago,UA1123,Boeing 737 MAX 9,CUN,IAH,PZ4
2026-07-14,3 days ago,UA1059,Boeing 737-900,CUN,IAH,PZ4
2026-07-14,3 days ago,UA1123,Boeing 737 MAX 9,CUN,IAH,PZ3
2026-07-15,3 days ago,UA1058,Boeing 737 MAX 9,CUN,IAH,PZ7
2026-07-23,3 days ago,UA1059,Boeing 737-900,CUN,IAH,PZ7
2026-07-23,3 days ago,UA1017,Boeing 737 MAX 9,CUN,IAH,PZ3
2026-07-23,3 days ago,UA1058,Boeing 737 MAX 9,CUN,IAH,PZ8
2026-07-22,3 days ago,UA1019,Boeing 737 MAX 9,CUN,IAH,PZ3
2026-05-12,4 days ago,UA1862,Boeing 737-800,ATL,ORD,PZ6
2026-08-14,3 days ago,UA1059,Boeing 737-900,CUN,IAH,PZ8
2026-07-02,3 days ago,UA1017,Boeing 737 MAX 9,CUN,IAH,PZ4
2026-05-22,23 hours ago,UA3506,Embraer E175,EWR,YOW,PZ3
2026-05-14,3 days ago,UA1019,Boeing 737 MAX 9,CUN,IAH,PZ9
2026-05-27,3 days ago,UA1058,Boeing 737 MAX 9,CUN,IAH,PZ2
2026-05-13,3 days ago,UA1058,Boeing 737 MAX 9,CUN,IAH,PZ9
2026-05-15,3 days ago,UA1058,Boeing 737 MAX 9,CUN,IAH,PZ5
2027-03-02,1 day ago,UA959,Boeing 767-300,LHR,ORD,PZ5
2026-07-22,3 days ago,UA1020,Boeing 737 MAX 9,IAH,CUN,PZ5
2026-06-29,3 days ago,UA1020,Boeing 737 MAX 9,IAH,CUN,PZ4
2026-06-23,3 days ago,UA1167,Boeing 737 MAX 9,IAH,CUN,PZ6
2026-06-01,1 day ago,UA2781,Boeing 737-800,DEN,RAP,PZ1
2026-05-29,1 day ago,UA2325,Boeing 737 MAX 9,DEN,RAP,PZ4
2026-05-25,1 day ago,UA1145,Boeing 737-900,SFO,CUN,PZ8
2026-05-30,1 day ago,UA1623,Boeing 737-900,DEN,RAP,PZ3
2027-03-23,19 hours ago,UA2866,Boeing 737-800,SFO,SBA,PZ1
2026-12-31,3 days ago,UA429,Airbus A320,IAH,MEX,PZ1
2026-12-30,3 days ago,UA1024,Boeing 737 MAX 8,IAH,MEX,PZ2
2026-05-22,1 day ago,UA2781,Airbus A319,DEN,RAP,PZ6
2026-06-06,1 day ago,UA5891,Embraer E175,DEN,RAP,PZ2
2026-05-21,1 day ago,UA3652,Embraer E175,DTW,EWR,PZ4
2026-12-23,3 days ago,UA1085,Airbus A320,MEX,IAH,PZ2
2026-12-24,3 days ago,UA428,Airbus A319,MEX,IAH,PZ1
2027-02-25,1 day ago,UA958,Boeing 767-300,LHR,ORD,PZ5
2027-02-09,1 day ago,UA959,Boeing 767-300,LHR,ORD,PZ5
2026-08-08,1 day ago,UA3980,Embraer E175,IAD,SDF,PZ2
2026-09-16,1 day ago,UA3718,Embraer E175,GRR,EWR,PZ2
2026-06-03,2 hours ago,UA3600,Embraer E175,ORD,RDU,PZ1
2026-11-21,3 days ago,UA1085,Airbus A320,MEX,IAH,PZ2
2026-11-20,3 days ago,UA1085,Airbus A320,MEX,IAH,PZ2
2026-05-28,1 day ago,UA2247,Boeing 737-900,ORD,YYZ,PZ8
2026-05-16,1 day ago,UA1206,Boeing 737-900,EWR,ORD,PZ7
2026-10-22,3 days ago,UA1085,Airbus A319,MEX,IAH,PZ2
2026-11-06,3 days ago,UA1248,Boeing 737-900,CUN,IAH,PZ4
2026-12-17,3 days ago,UA1056,Boeing 737-900,CUN,IAH,PZ1
2026-12-25,3 days ago,UA1058,Boeing 737-900,CUN,IAH,PZ4
2026-12-22,3 days ago,UA1248,Boeing 737-900,CUN,IAH,PZ4
2026-12-22,3 days ago,UA1058,Boeing 737-900,CUN,IAH,PZ4
2026-11-17,3 days ago,UA1248,Boeing 737-900,CUN,IAH,PZ4
2026-11-17,3 days ago,UA1058,Boeing 737-900,CUN,IAH,PZ3
2026-11-03,3 days ago,UA1059,Boeing 737-900,CUN,IAH,PZ3
2026-11-03,3 days ago,UA1058,Boeing 737-900,CUN,IAH,PZ2
2026-06-02,1 day ago,UA1787,Boeing 737 MAX 8,PDX,DEN,PZ2
2026-11-02,3 days ago,UA1248,Boeing 737-900,CUN,IAH,PZ4
2026-11-02,3 days ago,UA1059,Boeing 737-900,CUN,IAH,PZ2
2026-06-03,1 day ago,UA2334,Boeing 737-900,PDX,DEN,PZ5
2026-11-01,3 days ago,UA1058,Boeing 737-900,CUN,IAH,PZ4
2026-05-15,2 days ago,UA284,Boeing 737 MAX 8,CVG,IAH,PZ3
2026-05-07,3 days ago,UA5967,Embraer E175,PVD,ORD,PZ2
2026-06-30,2 days ago,UA5253,Embraer E175,DEN,SHV,PZ2
2026-10-28,1 day ago,UA3594,Embraer E175,SDF,EWR,PZ2
2026-08-24,2 days ago,UA2826,Boeing 737-800,RDU,ORD,PZ1
2026-07-18,1 day ago,UA6266,Embraer E175,SDF,IAH,PZ1
2026-05-17,3 days ago,UA2638,Boeing 737 MAX 9,RDU,ORD,PZ7
2026-06-02,2 days ago,UA580,Boeing 737-900,LAX,ORD,PZ3
2026-06-24,2 days ago,UA5879,Embraer E175,DEN,SHV,PZ1
2026-06-07,4 hours ago,UA3683,Embraer E175,EWR,IND,PZ2
2026-10-07,3 days ago,UA1059,Boeing 737-900,CUN,IAH,PZ3
2026-10-07,3 days ago,UA1058,Boeing 737 MAX 9,CUN,IAH,PZ2
2026-05-19,1 day ago,UA4506,Bombardier CRJ550,STL,IAD,PZ2
2026-06-03,4 hours ago,UA15,Boeing 767-300,LHR,EWR,PZ4
2026-10-13,3 days ago,UA4405,Bombardier CRJ550,BUF,EWR,PZ2
2026-05-10,3 days ago,UA1028,Airbus A319,IAH,MEX,PZ5
2026-05-26,2 days ago,UA429,Airbus A319,IAH,MEX,PZ7
2026-05-17,4 days ago,UA4191,Bombardier CRJ550,EWR,RIC,PZ2
2026-12-24,1 day ago,UA4654,Embraer E175,ORD,ECP,PZ1
2026-05-06,3 days ago,UA1024,Boeing 737-700,IAH,MEX,PZ4
2026-05-13,18 hours ago,UA499,Boeing 737 MAX 9,SEA,SFO,PZ2
2026-05-26,11 hours ago,UA958,Boeing 767-300,LHR,ORD,PZ9
2026-06-05,4 days ago,UA3639,Embraer E175,EWR,RIC,PZ3
2026-08-13,3 days ago,UA1090,Airbus A319,IAH,MEX,PZ4
2026-06-09,3 days ago,UA428,Airbus A319,MEX,IAH,PZ5
2026-05-19,1 day ago,UA1247,Boeing 737-900,DEN,PDX,PZ5
2026-06-03,1 day ago,UA584,Boeing 737 MAX 9,PHL,IAH,PZ1
2026-05-16,3 days ago,UA1085,Airbus A319,MEX,IAH,PZ9
2026-06-18,2 days ago,UA4678,Embraer E175,BOI,SFO,PZ1
2026-05-07,3 days ago,UA428,Airbus A319,MEX,IAH,PZ2
2026-05-08,1 day ago,UA1770,Boeing 737 MAX 9,DEN,PDX,PZ2
2026-05-06,1 day ago,UA1770,Boeing 737 Max 9,DEN,PDX,PZ8
2026-05-26,4 days ago,UA1723,Boeing 737 MAX 9,SFO,KOA,PZ1
2026-07-05,3 days ago,UA1167,Boeing 737 MAX 9,IAH,CUN,PZ9
2026-08-24,3 days ago,UA1020,Boeing 737 MAX 9,IAH,CUN,PZ8
2026-08-25,3 days ago,UA1018,Boeing 737-900,IAH,CUN,PZ2
2026-08-25,3 days ago,UA1014,Boeing 737-900,IAH,CUN,PZ5
2026-08-25,3 days ago,UA1167,Boeing 737 MAX 9,IAH,CUN,PZ5
2026-05-08,1 day ago,UA2334,Boeing 737 MAX 9,PDX,DEN,PZ6
2026-08-22,3 days ago,UA1020,Boeing 737 MAX 9,IAH,CUN,PZ6
2026-08-09,3 days ago,UA1020,Boeing 737 MAX 9,IAH,CUN,PZ8
2026-08-23,3 days ago,UA1619,Boeing 737 MAX 9,IAH,CUN,PZ7
2026-08-23,3 days ago,UA1018,Boeing 737-900,IAH,CUN,PZ7
2026-08-11,3 days ago,UA1014,Boeing 737-900,IAH,CUN,PZ6
2026-08-11,3 days ago,UA1167,Boeing 737 MAX 9,IAH,CUN,PZ2
2026-08-10,3 days ago,UA1619,Boeing 737 MAX 9,IAH,CUN,PZ8
2026-08-10,3 days ago,UA1014,Boeing 737-900,IAH,CUN,PZ5
2026-05-06,1 day ago,UA2334,Boeing 737 Max 9,PDX,DEN,PZ7
2026-08-12,3 days ago,UA1059,Boeing 737-900,CUN,IAH,PZ6
2026-08-12,3 days ago,UA1017,Boeing 737 MAX 9,CUN,IAH,PZ8
2026-07-30,3 days ago,UA1058,Boeing 737 MAX 9,CUN,IAH,PZ1
2026-07-29,3 days ago,UA1123,Boeing 737 MAX 9,CUN,IAH,PZ8
2026-05-22,2 days ago,UA4427,Bombardier CRJ550,ORD,ABE,PZ1
2026-08-05,3 days ago,UA1017,Boeing 737 MAX 9,CUN,IAH,PZ6
2026-08-05,3 days ago,UA1058,Boeing 737 MAX 9,CUN,IAH,PZ6
2026-06-04,3 days ago,UA1056,Boeing 737-900,CUN,IAH,PZ9
2026-06-03,3 days ago,UA1123,Boeing 737 MAX 9,CUN,IAH,PZ7
2026-06-03,3 days ago,UA1058,Boeing 737 MAX 9,CUN,IAH,PZ4
2026-07-28,5 hours ago,UA1020,Boeing 737 MAX 9,IAH,CUN,PZ8
2026-07-28,5 hours ago,UA1018,Boeing 737-900,IAH,CUN,PZ3
2026-07-28,5 hours ago,UA1014,Boeing 737-900,IAH,CUN,PZ7
2026-07-28,5 hours ago,UA1016,Boeing 737 MAX 9,IAH,CUN,PZ1
2027-02-02,1 day ago,UA958,Boeing 767-300,LHR,ORD,PZ6
2026-05-10,1 day ago,UA5500,Embraer E175,RAP,ORD,PZ1
2026-07-26,3 days ago,UA1167,Boeing 737 MAX 9,IAH,CUN,PZ3
2026-08-08,1 day ago,UA1689,Boeing 737-900,ORD,IAD,PZ3
2026-07-15,3 days ago,UA1020,Boeing 737 MAX 9,IAH,CUN,PZ3
2026-07-19,3 days ago,UA1014,Boeing 737-900,IAH,CUN,PZ7
2027-02-11,13 hours ago,UA973,Boeing 787-10 Dreamliner,BRU,ORD,PZ6
2026-06-20,3 hours ago,UA751,Boeing 737-900,SFO,LAS,PZ1
2026-06-20,3 hours ago,UA1995,Boeing 737-900,SFO,LAS,PZ2
2026-06-11,1 day ago,UA2325,Boeing 737 MAX 9,DEN,RAP,PZ3
2026-05-10,3 days ago,UA1014,Boeing 737-900,IAH,CUN,PZ7
2026-11-28,2 days ago,UA429,Airbus A320,IAH,MEX,PZ1
2027-02-09,1 day ago,UA958,Boeing 767-300,LHR,ORD,PZ6
2026-05-20,3 days ago,UA3517,Embraer E175,RDU,ORD,PZ7
2026-05-19,1 day ago,UA494,Boeing 737-900,DEN,RAP,PZ2
2026-05-16,1 day ago,UA5556,Bombardier CRJ550,DEN,RAP,PZ3
2026-06-05,1 day ago,UA2325,Boeing 737 MAX 9,DEN,RAP,PZ1
2026-06-20,1 day ago,UA3443,Embraer E175,EWR,IND,PZ2
2026-12-11,3 days ago,UA1085,Airbus A320,MEX,IAH,PZ2
2026-05-22,1 day ago,UA2114,Boeing 737 MAX 9,DFW,IAH,PZ8
2026-12-10,3 days ago,UA1085,Airbus A320,MEX,IAH,PZ2
2026-12-12,3 days ago,UA428,Airbus A319,MEX,IAH,PZ1
2026-05-23,1 day ago,UA4007,Embraer E175,DFW,IAH,PZ1
2026-05-24,3 days ago,UA6234,Embraer E175,IAD,CLT,PZ1
2026-12-05,3 days ago,UA1025,Airbus A319,MEX,IAH,PZ2
2026-11-26,3 days ago,UA1085,Airbus A320,MEX,IAH,PZ2
2026-05-25,1 day ago,UA1304,Boeing 737-700,ORD,YYZ,PZ1
2026-05-25,1 day ago,UA5836,Embraer E175,ORD,YYZ,PZ3
2026-07-12,1 day ago,UA3718,Embraer E175,GRR,EWR,PZ1
2026-11-12,3 days ago,UA1085,Airbus A320,MEX,IAH,PZ2
2026-10-31,3 days ago,UA428,Airbus A319,MEX,IAH,PZ2
2026-10-31,3 days ago,UA1085,Airbus A320,MEX,IAH,PZ2
2026-10-31,3 days ago,UA1089,Airbus A320,MEX,IAH,PZ2
2026-10-29,3 days ago,UA1085,Airbus A320,MEX,IAH,PZ1
2026-12-04,3 days ago,UA1059,Boeing 737-900,CUN,IAH,PZ1
2026-12-04,3 days ago,UA1058,Boeing 737-900,CUN,IAH,PZ4
2026-12-03,3 days ago,UA1058,Boeing 737-900,CUN,IAH,PZ4
2026-12-02,3 days ago,UA1019,Boeing 737-900,CUN,IAH,PZ3
2026-11-24,3 days ago,UA1058,Boeing 737-900,CUN,IAH,PZ2
2026-11-22,3 days ago,UA1248,Boeing 737-900,CUN,IAH,PZ2
2026-11-22,3 days ago,UA1058,Boeing 737-900,CUN,IAH,PZ4
2026-05-16,1 day ago,UA941,Boeing 767-300,LHR,EWR,PZ9
2026-11-21,3 days ago,UA1248,Boeing 737-900,CUN,IAH,PZ4
2026-09-03,1 day ago,UA127,Boeing 767-300,FCO,IAD,PZ9
2026-07-21,1 day ago,UA364,Airbus A319,ATL,ORD,PZ1
2026-11-23,3 days ago,UA1058,Boeing 737-900,CUN,IAH,PZ1
2026-11-19,3 days ago,UA1058,Boeing 737-900,CUN,IAH,PZ3
2026-05-15,1 day ago,UA348,Boeing 737-700,IAD,CLT,PZ2
2026-11-05,3 days ago,UA1059,Boeing 737-900,CUN,IAH,PZ3
2026-11-05,3 days ago,UA1058,Boeing 737-900,CUN,IAH,PZ3
2026-10-30,3 days ago,UA1248,Boeing 737-900,CUN,IAH,PZ4
2026-10-30,3 days ago,UA1059,Boeing 737-900,CUN,IAH,PZ3
2026-10-30,3 days ago,UA1081,Boeing 737-900,CUN,IAH,PZ3
2026-10-30,3 days ago,UA1058,Boeing 737-900,CUN,IAH,PZ1
2026-10-29,3 days ago,UA1020,Boeing 737-900,IAH,CUN,PZ3
2026-10-29,3 days ago,UA1058,Boeing 737-900,CUN,IAH,PZ1
2026-05-22,1 day ago,UA2334,Boeing 737-900,PDX,DEN,PZ5
2026-09-21,3 days ago,UA1051,Boeing 737-900,CUN,IAH,PZ7
2026-10-01,3 days ago,UA1051,Boeing 737-900,CUN,IAH,PZ3
2026-10-01,3 days ago,UA1056,Boeing 737-900,CUN,IAH,PZ1
2026-09-22,3 days ago,UA1056,Boeing 737-900,CUN,IAH,PZ7
2026-07-20,1 day ago,UA3718,Embraer E175,GRR,EWR,PZ1
2026-09-22,3 days ago,UA1058,Boeing 737 MAX 9,CUN,IAH,PZ8
2026-05-31,1 day ago,UA307,Boeing 737 MAX 9,MSP,ORD,PZ1
2026-05-31,1 day ago,UA758,Boeing 737-900,MSP,ORD,PZ2
2026-09-28,3 days ago,UA1051,Boeing 737-900,CUN,IAH,PZ6
2026-09-16,3 days ago,UA1051,Boeing 737-900,CUN,IAH,PZ8
2026-09-16,3 days ago,UA1056,Boeing 737-900,CUN,IAH,PZ8
2026-09-16,3 days ago,UA1123,Boeing 737 MAX 9,CUN,IAH,PZ7
2026-09-16,3 days ago,UA1058,Boeing 737 MAX 9,CUN,IAH,PZ8
2026-09-14,3 days ago,UA1051,Boeing 737-900,CUN,IAH,PZ5
2027-01-03,3 days ago,UA1114,Boeing 737-900,IAH,CUN,PZ3
2027-02-23,3 days ago,UA1014,Boeing 737-900,IAH,CUN,PZ3
2026-06-08,4 days ago,UA3458,Embraer E175,CMH,EWR,PZ1
2027-01-13,3 days ago,UA1059,Boeing 737-900,CUN,IAH,PZ3
2026-06-09,4 days ago,UA1924,Airbus A321neo,DEN,IAD,PZ2
2027-02-20,3 days ago,UA1114,Boeing 737-900,IAH,CUN,PZ1
2027-02-18,3 days ago,UA1019,Boeing 737-900,CUN,IAH,PZ3
2027-02-18,3 days ago,UA1058,Boeing 737-900,CUN,IAH,PZ4
2026-05-23,1 day ago,UA2412,Boeing 737-800,DEN,CID,PZ1
2027-02-25,3 days ago,UA1058,Boeing 737-900,CUN,IAH,PZ3
2027-02-17,3 days ago,UA1059,Boeing 737-900,CUN,IAH,PZ3
2027-02-12,3 days ago,UA1058,Boeing 737-900,CUN,IAH,PZ4
2027-03-02,3 days ago,UA1058,Boeing 737-900,CUN,IAH,PZ1
2027-02-03,3 days ago,UA1059,Boeing 737-900,CUN,IAH,PZ3
2027-01-06,3 days ago,UA1024,Boeing 737 MAX 8,IAH,MEX,PZ3
2027-03-10,3 days ago,UA1024,Boeing 737 MAX 8,IAH,MEX,PZ1
2027-02-27,3 days ago,UA1024,Boeing 737 MAX 8,IAH,MEX,PZ1
2026-05-28,1 day ago,UA4773,Embraer E175,DEN,CID,PZ2
2027-02-26,3 days ago,UA1024,Boeing 737 MAX 8,IAH,MEX,PZ1
2027-03-07,3 days ago,UA1024,Boeing 737 MAX 8,IAH,MEX,PZ1
2026-07-04,1 day ago,UA3594,Embraer E175,SDF,EWR,PZ2
2027-02-21,3 days ago,UA1024,Boeing 737 MAX 8,IAH,MEX,PZ3
2026-05-13,3 days ago,UA3409,Embraer E175,EWR,PIT,PZ1
2026-08-13,1 day ago,UA3485,Embraer E175,DTW,IAD,PZ1
2027-03-04,3 days ago,UA1085,Airbus A320,MEX,IAH,PZ1
2027-03-05,3 days ago,UA1085,Airbus A320,MEX,IAH,PZ1
2026-08-24,1 day ago,UA3706,Embraer E175,ORD,DTW,PZ1
2027-01-28,3 days ago,UA1085,Airbus A320,MEX,IAH,PZ1
2026-05-05,3 days ago,UA1738,Boeing 737-800,IAD,ORD,PZ4
2027-01-27,3 days ago,UA1085,Airbus A320,MEX,IAH,PZ2
2027-01-30,3 days ago,UA1024,Boeing 737 MAX 8,IAH,MEX,PZ3
2027-02-06,3 days ago,UA429,Airbus A320,IAH,MEX,PZ1
2027-02-06,3 days ago,UA1028,Airbus A319,IAH,MEX,PZ1
2027-02-06,3 days ago,UA1024,Boeing 737 MAX 8,IAH,MEX,PZ3
2026-05-07,3 days ago,UA5676,Embraer E175,SEA,SFO,PZ3
2027-01-27,3 days ago,UA1024,Boeing 737 MAX 8,IAH,MEX,PZ3
2027-02-05,3 days ago,UA429,Airbus A320,IAH,MEX,PZ2
2027-02-05,3 days ago,UA1028,Airbus A319,IAH,MEX,PZ1
2026-05-15,1 day ago,UA2863,Boeing 737-900,MIA,EWR,PZ1
2027-02-05,3 days ago,UA1024,Boeing 737 MAX 8,IAH,MEX,PZ3
2026-11-18,3 days ago,UA988,Boeing 777-300ER,FRA,IAD,PZ6
2026-08-20,1 day ago,UA3487,Embraer E175,BTV,IAD,PZ1
2026-06-06,5 hours ago,UA2866,Airbus A320,SEA,SFO,PZ4
2026-08-22,3 days ago,UA2611,Boeing 737-900,MCO,IAH,PZ2
2026-05-07,3 days ago,UA5409,Embraer E175,PVD,ORD,PZ4
2026-06-20,1 day ago,UA4515,Bombardier CRJ550,FAR,ORD,PZ2
2026-06-20,1 day ago,UA4412,Bombardier CRJ550,FAR,ORD,PZ1
2026-06-13,1 day ago,UA4515,Bombardier CRJ550,FAR,ORD,PZ2
2026-06-13,1 day ago,UA4412,Bombardier CRJ550,FAR,ORD,PZ1
2026-06-07,1 day ago,UA4515,Bombardier CRJ550,FAR,ORD,PZ2
2026-05-30,4 days ago,UA308,Boeing 737 MAX 9,PHL,ORD,PZ1
2026-12-25,3 days ago,UA1248,Boeing 737-900,CUN,IAH,PZ4
2027-03-03,3 days ago,UA1058,Boeing 737-900,CUN,IAH,PZ1
2026-06-05,1 day ago,UA4515,Bombardier CRJ550,FAR,ORD,PZ2
2026-12-25,3 days ago,UA1059,Boeing 737-900,CUN,IAH,PZ4
2026-06-05,1 day ago,UA4778,Bombardier CRJ550,FAR,ORD,PZ2
2026-07-16,3 days ago,UA1019,Boeing 737 MAX 9,CUN,IAH,PZ8
2026-09-27,3 days ago,UA200,Boeing 777-300ER,GUM,HNL,PZ4
2026-09-08,3 days ago,UA200,Boeing 777-300ER,GUM,HNL,PZ2
2026-08-26,3 days ago,UA200,Boeing 777-300ER,GUM,HNL,PZ9
2026-05-24,1 day ago,UA654,Boeing 737-700,DCA,ORD,PZ3
2026-05-24,1 day ago,UA2218,Airbus A319,DCA,ORD,PZ3
2026-12-18,3 days ago,UA1059,Boeing 737-900,CUN,IAH,PZ3
2026-12-24,3 days ago,UA1248,Boeing 737-900,CUN,IAH,PZ4
2026-12-16,3 days ago,UA1248,Boeing 737-900,CUN,IAH,PZ2
2026-12-24,3 days ago,UA1059,Boeing 737-900,CUN,IAH,PZ4
2026-12-14,3 days ago,UA1059,Boeing 737-900,CUN,IAH,PZ3
2026-12-15,3 days ago,UA1059,Boeing 737-900,CUN,IAH,PZ1
2026-12-11,3 days ago,UA1248,Boeing 737-900,CUN,IAH,PZ4
2026-12-11,3 days ago,UA1059,Boeing 737-900,CUN,IAH,PZ3
2026-12-15,3 days ago,UA1058,Boeing 737-900,CUN,IAH,PZ2
2026-12-05,3 days ago,UA1248,Boeing 737-900,CUN,IAH,PZ4
2026-12-11,3 days ago,UA1058,Boeing 737-900,CUN,IAH,PZ2
2026-12-14,3 days ago,UA1058,Boeing 737-900,CUN,IAH,PZ2
2026-12-08,3 days ago,UA1059,Boeing 737-900,CUN,IAH,PZ1
2026-12-07,3 days ago,UA1059,Boeing 737-900,CUN,IAH,PZ3
2026-10-27,3 days ago,UA1020,Boeing 737-900,IAH,CUN,PZ3
2026-10-27,3 days ago,UA1014,Boeing 737-900,IAH,CUN,PZ1
2026-05-14,3 days ago,UA5621,Bombardier CRJ550,ORD,ROA,PZ2
2026-10-26,3 days ago,UA1020,Boeing 737-900,IAH,CUN,PZ4
2026-10-26,3 days ago,UA1114,Boeing 737-900,IAH,CUN,PZ4
2026-10-26,3 days ago,UA1014,Boeing 737-900,IAH,CUN,PZ1
2026-10-20,3 days ago,UA1014,Boeing 737-900,IAH,CUN,PZ1
2026-12-21,3 days ago,UA1058,Boeing 737-900,CUN,IAH,PZ1
2026-10-28,3 days ago,UA1248,Boeing 737-900,CUN,IAH,PZ4
2026-10-28,3 days ago,UA1081,Boeing 737-900,CUN,IAH,PZ3
2026-10-25,3 days ago,UA1020,Boeing 737-900,IAH,CUN,PZ2
2026-09-09,3 days ago,UA1051,Boeing 737-900,CUN,IAH,PZ1
2026-09-09,3 days ago,UA1058,Boeing 737 MAX 9,CUN,IAH,PZ8
2026-09-02,3 days ago,UA1059,Boeing 737-900,CUN,IAH,PZ1
2026-09-10,3 days ago,UA1051,Boeing 737-900,CUN,IAH,PZ4
2026-09-10,3 days ago,UA1058,Boeing 737 MAX 9,CUN,IAH,PZ2
2026-09-03,3 days ago,UA1058,Boeing 737 MAX 9,CUN,IAH,PZ5
2026-12-11,3 days ago,UA1020,Boeing 737-900,IAH,CUN,PZ2
2026-12-10,3 days ago,UA1020,Boeing 737-900,IAH,CUN,PZ2
2026-11-29,1 day ago,UA1020,Boeing 737-900,IAH,CUN,PZ4
2026-12-08,3 days ago,UA1020,Boeing 737-900,IAH,CUN,PZ3
2026-05-14,2 days ago,UA2345,Airbus A319,EWR,ATL,PZ2
2026-12-07,3 days ago,UA1020,Boeing 737-900,IAH,CUN,PZ4
2026-12-05,3 days ago,UA1020,Boeing 737-900,IAH,CUN,PZ3
2026-12-04,3 days ago,UA1020,Boeing 737-900,IAH,CUN,PZ3
2026-12-01,3 days ago,UA1020,Boeing 737-900,IAH,CUN,PZ2
2026-05-30,1 day ago,UA1253,Airbus A321neo,DEN,IAH,PZ1
2027-02-21,3 days ago,UA1114,Boeing 737-900,IAH,CUN,PZ3
2027-02-19,3 days ago,UA1114,Boeing 737-900,IAH,CUN,PZ2
2026-10-04,1 day ago,UA3568,Embraer E175,EWR,DTW,PZ1
2027-02-02,3 days ago,UA1059,Boeing 737-900,CUN,IAH,PZ3
2027-02-02,3 days ago,UA1019,Boeing 737-900,CUN,IAH,PZ3
2027-02-02,3 days ago,UA1058,Boeing 737-900,CUN,IAH,PZ4
2027-02-11,3 days ago,UA1059,Boeing 737-900,CUN,IAH,PZ4
2027-02-11,3 days ago,UA1019,Boeing 737-900,CUN,IAH,PZ3
2027-02-11,3 days ago,UA1058,Boeing 737-900,CUN,IAH,PZ4
2027-01-29,3 days ago,UA1059,Boeing 737-900,CUN,IAH,PZ1
2027-01-29,3 days ago,UA1058,Boeing 737-900,CUN,IAH,PZ4
2026-05-21,1 day ago,UA4773,Embraer E175,DEN,CID,PZ2
2027-01-28,3 days ago,UA1019,Boeing 737-900,CUN,IAH,PZ2
2027-01-28,3 days ago,UA1058,Boeing 737-900,CUN,IAH,PZ4
2027-02-04,3 days ago,UA1019,Boeing 737-900,CUN,IAH,PZ3
2027-02-04,3 days ago,UA1058,Boeing 737-900,CUN,IAH,PZ4
2027-01-16,3 days ago,UA1058,Boeing 737-900,CUN,IAH,PZ3
2027-01-26,3 days ago,UA1059,Boeing 737-900,CUN,IAH,PZ3
2027-01-26,3 days ago,UA1019,Boeing 737-900,CUN,IAH,PZ3
2027-01-26,3 days ago,UA1058,Boeing 737-900,CUN,IAH,PZ4
2027-02-05,3 days ago,UA1058,Boeing 737-900,CUN,IAH,PZ4
2027-01-27,3 days ago,UA1019,Boeing 737-900,CUN,IAH,PZ3
2027-01-27,3 days ago,UA1058,Boeing 737-900,CUN,IAH,PZ4
2026-06-21,1 day ago,UA2232,Airbus A319,ORD,MSP,PZ1
2027-02-24,3 days ago,UA1024,Boeing 737 MAX 8,IAH,MEX,PZ3
2026-05-18,1 day ago,UA476,Boeing 737-800,DEN,CID,PZ5
2027-01-21,3 days ago,UA1085,Airbus A320,MEX,IAH,PZ2
2027-01-14,3 days ago,UA1085,Airbus A320,MEX,IAH,PZ1
2026-07-14,10 hours ago,UA4731,Bombardier CRJ550,DEN,SAF,PZ2
2026-05-15,1 day ago,UA1730,Boeing 737-900,SEA,LAX,PZ3
2026-05-15,1 day ago,UA5467,Embraer E175,SEA,LAX,PZ5
2026-05-11,1 day ago,UA1862,Boeing 737-800,ATL,ORD,PZ3
2027-01-10,3 days ago,UA1024,Boeing 737 MAX 8,IAH,MEX,PZ2
2027-01-16,3 days ago,UA1024,Boeing 737 MAX 8,IAH,MEX,PZ3
2026-05-12,3 days ago,UA2451,Boeing 737 MAX 9,IAH,MCO,PZ6
2026-05-19,3 days ago,UA2662,Boeing 737-900,IAH,MCO,PZ3
2026-05-19,3 days ago,UA2121,Airbus A320,SEA,SFO,PZ1
2026-06-16,3 days ago,UA1571,Boeing 737 MAX 9,IAH,MCO,PZ2
2026-05-20,3 days ago,UA5676,Embraer E175,SEA,SFO,PZ5
2026-05-15,3 days ago,UA1458,Boeing 737-900,IAH,MCO,PZ1
2026-05-25,8 hours ago,UA317,Boeing 757-200,EWR,DUB,PZ9
2026-05-13,3 days ago,UA2451,Boeing 737 MAX 9,IAH,MCO,PZ2
2026-08-22,3 days ago,UA496,Boeing 737-900,IAH,MCO,PZ2
2026-08-12,1 day ago,UA6310,Embraer E175,SDF,IAH,PZ1
2026-06-30,3 days ago,UA468,Boeing 737 MAX 9,MCO,IAH,PZ1
2026-06-09,1 day ago,UA4394,Bombardier CRJ550,FAR,ORD,PZ1
2026-06-09,1 day ago,UA4412,Bombardier CRJ550,FAR,ORD,PZ2
2026-05-14,1 day ago,UA4454,Bombardier CRJ550,STL,IAD,PZ2
2026-06-17,1 day ago,UA4515,Bombardier CRJ550,FAR,ORD,PZ2
2026-05-22,3 days ago,UA1058,Boeing 737 MAX 9,CUN,IAH,PZ9
2026-06-17,1 day ago,UA4394,Bombardier CRJ550,FAR,ORD,PZ2
2026-06-06,1 day ago,UA4515,Bombardier CRJ550,FAR,ORD,PZ2
2026-06-06,1 day ago,UA4394,Bombardier CRJ550,FAR,ORD,PZ2
2026-06-06,1 day ago,UA4412,Bombardier CRJ550,FAR,ORD,PZ2
2026-06-06,1 day ago,UA4778,Bombardier CRJ550,FAR,ORD,PZ1
2026-06-16,1 day ago,UA4412,Bombardier CRJ550,FAR,ORD,PZ2
2026-06-12,1 day ago,UA4515,Bombardier CRJ550,FAR,ORD,PZ1
2026-06-12,1 day ago,UA4778,Bombardier CRJ550,FAR,ORD,PZ1
2026-06-08,1 day ago,UA4515,Bombardier CRJ550,FAR,ORD,PZ3
2026-06-10,1 day ago,UA4515,Bombardier CRJ550,FAR,ORD,PZ2
2026-06-10,1 day ago,UA4394,Bombardier CRJ550,FAR,ORD,PZ2
2026-06-10,1 day ago,UA4778,Bombardier CRJ550,FAR,ORD,PZ1
2026-06-09,1 day ago,UA5462,Bombardier CRJ550,FAR,DEN,PZ2
2026-06-07,1 day ago,UA5239,Bombardier CRJ550,FAR,DEN,PZ1
2026-06-13,1 day ago,UA5462,Bombardier CRJ550,FAR,DEN,PZ1
2026-10-03,1 day ago,UA1525,Boeing 737-900,RDU,EWR,PZ2
2026-10-03,1 day ago,UA794,Boeing 737 MAX 8,RDU,EWR,PZ3
2026-08-08,1 day ago,UA5410,Embraer E175,LAX,RNO,PZ2
2026-12-30,6 hours ago,UA972,Boeing 787-10 Dreamliner,ORD,BRU,PZ7
2026-12-22,3 days ago,UA1059,Boeing 737-900,CUN,IAH,PZ3
2027-01-13,3 days ago,UA1058,Boeing 737-900,CUN,IAH,PZ4
2026-05-18,2 hours ago,UA809,Boeing 777-300ER,SFO,MNL,PZ3
2027-01-27,3 days ago,UA1059,Boeing 737-900,CUN,IAH,PZ3
2026-08-14,3 days ago,UA1058,Boeing 737 MAX 9,CUN,IAH,PZ2
2026-09-01,1 day ago,UA6310,Embraer E175,SDF,IAH,PZ1
2026-05-22,23 hours ago,UA3423,Embraer E175,EWR,BGR,PZ2
2026-08-12,3 days ago,UA1058,Boeing 737 MAX 9,CUN,IAH,PZ8
2026-08-10,4 days ago,UA1399,Boeing 737 MAX 8,EWR,MCI,PZ2
2026-05-24,1 day ago,UA2395,Boeing 737-800,BOI,DEN,PZ2
2026-09-25,3 days ago,UA1058,Boeing 737 MAX 9,CUN,IAH,PZ8
2026-10-14,3 days ago,UA1056,Boeing 737-900,CUN,IAH,PZ3
2026-05-20,1 day ago,UA5410,Embraer E175,LAX,RNO,PZ1
2026-08-22,4 hours ago,UA3551,Embraer E175,ORD,SDF,PZ2
2026-07-08,1 day ago,UA3714,Embraer E175,MYR,EWR,PZ2
2026-11-07,3 days ago,UA1248,Boeing 737-900,CUN,IAH,PZ4
2026-06-07,8 hours ago,UA135,Boeing 767-300,ZRH,EWR,PZ9
2026-11-13,3 days ago,UA1059,Boeing 737-900,CUN,IAH,PZ3
2026-10-26,3 days ago,UA1248,Boeing 737-900,CUN,IAH,PZ4
2026-10-23,3 days ago,UA1056,Boeing 737-900,CUN,IAH,PZ1
2026-10-23,3 days ago,UA1058,Boeing 737 MAX 9,CUN,IAH,PZ4
2026-10-15,3 days ago,UA1058,Boeing 737 MAX 9,CUN,IAH,PZ1
2026-10-22,3 days ago,UA1059,Boeing 737-900,CUN,IAH,PZ4
2026-10-22,3 days ago,UA1051,Boeing 737-900,CUN,IAH,PZ3
2026-10-22,3 days ago,UA1058,Boeing 737 MAX 9,CUN,IAH,PZ3
2026-09-23,3 days ago,UA1056,Boeing 737-900,CUN,IAH,PZ4
2026-09-23,3 days ago,UA1058,Boeing 737 MAX 9,CUN,IAH,PZ8
2026-10-20,3 days ago,UA1051,Boeing 737-900,CUN,IAH,PZ1
2026-10-08,3 days ago,UA1059,Boeing 737-900,CUN,IAH,PZ4
2026-10-08,3 days ago,UA1123,Boeing 737 MAX 9,CUN,IAH,PZ1
2026-10-08,3 days ago,UA1058,Boeing 737 MAX 9,CUN,IAH,PZ3
2026-05-10,3 days ago,UA3672,Embraer E175,ORD,SYR,PZ1
2026-11-06,3 days ago,UA1020,Boeing 737-900,IAH,CUN,PZ1
2026-11-15,1 day ago,UA1020,Boeing 737-900,IAH,CUN,PZ4
2026-11-03,3 days ago,UA1020,Boeing 737-900,IAH,CUN,PZ3
2026-05-23,1 day ago,UA1253,Airbus A321neo,DEN,IAH,PZ8
2026-05-22,1 day ago,UA2419,Boeing 737-900,DEN,IAH,PZ2
2026-05-22,1 day ago,UA1253,Airbus A321neo,DEN,IAH,PZ5
2027-02-06,2 days ago,UA392,Boeing 737-900,EWR,PTY,PZ2
2027-02-15,3 days ago,UA1114,Boeing 737-900,IAH,CUN,PZ2
2026-10-11,1 day ago,UA3568,Embraer E175,EWR,DTW,PZ1
2026-05-27,1 day ago,UA2419,Boeing 737-900,DEN,IAH,PZ3
2026-05-27,1 day ago,UA1253,Airbus A321neo,DEN,IAH,PZ4
2027-03-10,3 days ago,UA1058,Boeing 737-900,CUN,IAH,PZ1
2027-03-06,3 days ago,UA1248,Boeing 737-900,CUN,IAH,PZ1
2027-02-24,3 days ago,UA1058,Boeing 737-900,CUN,IAH,PZ4
2026-11-13,4 days ago,UA3667,Embraer E175,MKE,EWR,PZ1
2027-03-05,3 days ago,UA1248,Boeing 737-900,CUN,IAH,PZ1
2027-03-05,3 days ago,UA1058,Boeing 737-900,CUN,IAH,PZ1
2027-02-25,3 days ago,UA1059,Boeing 737-900,CUN,IAH,PZ3
2027-01-20,3 days ago,UA1059,Boeing 737-900,CUN,IAH,PZ3
2026-06-23,1 day ago,UA5408,Embraer E175,SLC,LAX,PZ2
2027-01-20,3 days ago,UA1058,Boeing 737-900,CUN,IAH,PZ4
2027-01-22,3 days ago,UA1059,Boeing 737-900,CUN,IAH,PZ4
2027-01-13,3 days ago,UA1019,Boeing 737-900,CUN,IAH,PZ3
2027-01-14,3 days ago,UA1059,Boeing 737-900,CUN,IAH,PZ4
2027-01-14,3 days ago,UA1019,Boeing 737-900,CUN,IAH,PZ3
2027-01-14,3 days ago,UA1058,Boeing 737-900,CUN,IAH,PZ4
2027-01-21,3 days ago,UA1058,Boeing 737-900,CUN,IAH,PZ2
2027-01-12,3 days ago,UA1059,Boeing 737-900,CUN,IAH,PZ3
2027-01-12,3 days ago,UA1058,Boeing 737-900,CUN,IAH,PZ4
2027-03-24,3 days ago,UA1024,Boeing 737 MAX 8,IAH,MEX,PZ1
2026-05-11,4 days ago,UA1811,Boeing 737-900,PHL,ORD,PZ1
2027-03-14,3 days ago,UA1024,Boeing 737 MAX 8,IAH,MEX,PZ1
2027-03-13,3 days ago,UA1024,Boeing 737 MAX 8,IAH,MEX,PZ1
2026-07-03,3 days ago,UA3412,Embraer E175,EWR,DTW,PZ1
2026-05-11,6 hours ago,UA2413,Boeing 737-800,LAX,AUS,PZ1
2026-07-08,1 day ago,UA1651,Boeing 737 MAX 9,MCO,EWR,PZ2
2027-03-11,3 days ago,UA1085,Airbus A320,MEX,IAH,PZ1
2027-02-13,3 days ago,UA428,Airbus A319,MEX,IAH,PZ1
2027-02-13,3 days ago,UA1025,Airbus A319,MEX,IAH,PZ1
2027-02-03,3 days ago,UA1085,Airbus A320,MEX,IAH,PZ2
2027-02-03,3 days ago,UA1025,Airbus A319,MEX,IAH,PZ2
2027-02-02,3 days ago,UA1085,Airbus A320,MEX,IAH,PZ1
2027-02-11,3 days ago,UA1085,Airbus A320,MEX,IAH,PZ2
2027-03-03,3 days ago,UA1024,Boeing 737 MAX 8,IAH,MEX,PZ1
2027-02-20,3 days ago,UA429,Airbus A320,IAH,MEX,PZ2
2027-02-20,3 days ago,UA1028,Airbus A319,IAH,MEX,PZ1
2027-02-20,3 days ago,UA1024,Boeing 737 MAX 8,IAH,MEX,PZ3
2027-02-17,3 days ago,UA1024,Boeing 737 MAX 8,IAH,MEX,PZ3
2027-02-14,3 days ago,UA1024,Boeing 737 MAX 8,IAH,MEX,PZ3
2027-01-31,3 days ago,UA1024,Boeing 737 MAX 8,IAH,MEX,PZ3
2027-01-01,3 days ago,UA1024,Boeing 737 MAX 8,IAH,MEX,PZ2
2026-05-18,3 days ago,UA5676,Embraer E175,SEA,SFO,PZ1
2026-06-23,1 day ago,UA3611,Embraer E175,DTW,EWR,PZ1
2026-05-20,3 days ago,UA2451,Boeing 737 MAX 9,IAH,MCO,PZ6
2026-08-05,3 days ago,UA1872,Boeing 737-900,MCO,IAH,PZ2
2026-08-04,3 days ago,UA2215,Boeing 737-900,MCO,IAH,PZ2
2026-08-12,3 days ago,UA2611,Boeing 737-900,MCO,IAH,PZ2
2026-07-29,3 days ago,UA2215,Boeing 737-900,MCO,IAH,PZ2
2026-07-28,3 days ago,UA2215,Boeing 737-900,MCO,IAH,PZ2
2026-06-19,1 day ago,UA4515,Bombardier CRJ550,FAR,ORD,PZ1
2026-06-07,1 day ago,UA4394,Bombardier CRJ550,FAR,ORD,PZ3
2026-06-15,1 day ago,UA4515,Bombardier CRJ550,FAR,ORD,PZ3
2026-07-16,1 day ago,UA3714,Embraer E175,MYR,EWR,PZ1
2026-06-14,1 day ago,UA4515,Bombardier CRJ550,FAR,ORD,PZ3
2026-06-14,1 day ago,UA4394,Bombardier CRJ550,FAR,ORD,PZ2
2026-06-14,1 day ago,UA4778,Bombardier CRJ550,FAR,ORD,PZ1
2026-06-20,1 day ago,UA2052,Boeing 737-800,FAR,DEN,PZ2
2026-06-20,1 day ago,UA5239,Bombardier CRJ550,FAR,DEN,PZ2
2026-06-13,1 day ago,UA5239,Bombardier CRJ550,FAR,DEN,PZ2
2026-06-06,1 day ago,UA5239,Bombardier CRJ550,FAR,DEN,PZ2
2026-06-14,1 day ago,UA5239,Bombardier CRJ550,FAR,DEN,PZ3
2026-05-06,3 days ago,UA1058,Boeing 737 MAX 9,CUN,IAH,PZ9
2026-06-09,1 day ago,UA2052,Boeing 737-800,FAR,DEN,PZ2
2026-08-04,1 day ago,UA4399,Bombardier CRJ550,AVL,EWR,PZ2
2026-08-04,1 day ago,UA4511,Bombardier CRJ550,AVL,EWR,PZ2
2027-02-18,3 days ago,UA1059,Boeing 737-900,CUN,IAH,PZ3
2026-05-12,22 hours ago,UA1798,Boeing 737-700,DTW,IAH,PZ2
2027-03-04,3 days ago,UA1059,Boeing 737-900,CUN,IAH,PZ1
2026-09-05,1 day ago,UA6326,Embraer E175,SDF,IAH,PZ2
2026-12-09,3 days ago,UA1248,Boeing 737-900,CUN,IAH,PZ4
2026-05-23,2 hours ago,UA1753,Boeing 737 MAX 8,RDU,EWR,PZ6
2026-12-09,3 days ago,UA1059,Boeing 737-900,CUN,IAH,PZ2
2026-12-09,3 days ago,UA1058,Boeing 737-900,CUN,IAH,PZ4
2026-12-20,3 days ago,UA1059,Boeing 737-900,CUN,IAH,PZ3
2026-05-25,1 day ago,UA2395,Boeing 737-800,BOI,DEN,PZ1
2026-05-09,3 days ago,UA1085,Airbus A319,MEX,IAH,PZ8
2026-10-23,3 days ago,UA1059,Boeing 737-900,CUN,IAH,PZ4
2026-09-23,3 days ago,UA1051,Boeing 737-900,CUN,IAH,PZ6
2026-07-27,1 day ago,UA1692,Boeing 737 MAX 8,SEA,LAX,PZ1
2026-09-23,3 days ago,UA1123,Boeing 737 MAX 9,CUN,IAH,PZ4
2026-08-25,3 days ago,UA183,Boeing 737-800,GUM,MNL,PZ2
2026-06-06,1 day ago,UA2395,Boeing 737-800,BOI,DEN,PZ4
2026-09-10,3 days ago,UA1056,Boeing 737-900,CUN,IAH,PZ3
2026-06-06,4 days ago,UA1890,Boeing 737-700,EWR,RDU,PZ2
2027-02-05,3 days ago,UA1059,Boeing 737-900,CUN,IAH,PZ1
2027-01-22,3 days ago,UA1058,Boeing 737-900,CUN,IAH,PZ4
2026-09-29,4 hours ago,UA4559,Bombardier CRJ550,ORD,SDF,PZ1
2026-07-14,3 days ago,UA2323,Boeing 737 MAX 9,IAH,MCO,PZ1
2026-05-14,1 day ago,UA4653,Embraer E175,LAX,RNO,PZ3
2026-12-02,3 days ago,UA1248,Boeing 737-900,CUN,IAH,PZ4
2026-12-02,3 days ago,UA1059,Boeing 737-900,CUN,IAH,PZ3
2026-12-02,3 days ago,UA1058,Boeing 737-900,CUN,IAH,PZ4
2026-06-26,1 day ago,UA5329,Embraer E175,LAX,FAT,PZ1
2026-09-06,1 day ago,UA3415,Embraer E175,EWR,SDF,PZ1
2026-07-21,13 hours ago,UA3415,Embraer E175,EWR,SDF,PZ2
2026-11-08,1 day ago,UA2232,Boeing 737-800,ORD,MSP,PZ1
2026-07-06,4 days ago,UA3644,Embraer E175,DTW,EWR,PZ1
2026-09-08,1 day ago,UA3415,Embraer E175,EWR,SDF,PZ1
2027-02-10,3 days ago,UA1059,Boeing 737-900,CUN,IAH,PZ3
2027-02-10,3 days ago,UA1019,Boeing 737-900,CUN,IAH,PZ1
2027-02-10,3 days ago,UA1058,Boeing 737-900,CUN,IAH,PZ4
2026-07-29,3 days ago,UA3517,Embraer E175,EWR,CLT,PZ2
2026-08-18,1 day ago,UA3415,Embraer E175,EWR,SDF,PZ1
2026-08-29,1 day ago,UA3415,Embraer E175,EWR,SDF,PZ2
2026-07-01,3 hours ago,UA2104,Boeing 737 MAX 8,EWR,CLT,PZ3
2026-06-25,1 day ago,UA4471,Bombardier CRJ550,IAD,ROC,PZ1
2026-05-30,1 day ago,UA2395,Boeing 737-800,BOI,DEN,PZ3
2026-06-24,1 day ago,UA796,Boeing 737-900,IAD,ROC,PZ2
2027-02-09,3 days ago,UA1059,Boeing 737-900,CUN,IAH,PZ3
2027-02-09,3 days ago,UA1019,Boeing 737-900,CUN,IAH,PZ2
2027-02-09,3 days ago,UA1058,Boeing 737-900,CUN,IAH,PZ4
2026-06-26,2 days ago,UA5879,Embraer E175,DEN,SHV,PZ1
2027-02-24,3 days ago,UA1059,Boeing 737-900,CUN,IAH,PZ3
2027-02-24,3 days ago,UA1019,Boeing 737-900,CUN,IAH,PZ3
2026-06-15,1 day ago,UA2395,Boeing 737-800,BOI,DEN,PZ1
2026-08-30,1 day ago,UA3609,Embraer E175,EWR,SDF,PZ1
2026-10-21,3 days ago,UA1123,Boeing 737 MAX 9,CUN,IAH,PZ3
2026-10-21,3 days ago,UA1058,Boeing 737 MAX 9,CUN,IAH,PZ4
2026-07-18,3 days ago,UA1058,Boeing 737 MAX 9,CUN,IAH,PZ1
2026-09-19,1 day ago,UA3415,Embraer E175,EWR,SDF,PZ2
2026-05-10,4 days ago,UA442,Boeing 737-800,CMH,ORD,PZ3
2026-06-07,1 day ago,UA2395,Boeing 737-800,BOI,DEN,PZ2
2026-07-22,3 days ago,UA3517,Embraer E175,EWR,CLT,PZ1
2026-08-04,7 hours ago,UA1878,Boeing 737 MAX 9,AUS,ORD,PZ1
2026-12-30,1 day ago,UA3415,Embraer E175,EWR,SDF,PZ2
2026-07-19,1 day ago,UA3512,Embraer E175,EWR,SDF,PZ1
2026-11-03,1 day ago,UA3594,Embraer E175,SDF,EWR,PZ2
2026-08-12,3 days ago,UA2075,Boeing 737 MAX 8,EWR,CLT,PZ1
2026-05-06,11 hours ago,UA17,Boeing 767-300,LHR,EWR,PZ9
2026-10-06,1 day ago,UA3594,Embraer E175,SDF,EWR,PZ2
2026-10-19,1 day ago,UA3452,Embraer E175,SDF,EWR,PZ1
2026-09-26,1 day ago,UA3452,Embraer E175,SDF,EWR,PZ1
2026-09-16,3 days ago,UA2075,Boeing 737 MAX 8,EWR,CLT,PZ1
2026-11-18,1 day ago,UA3594,Embraer E175,SDF,EWR,PZ1
2026-05-29,1 day ago,UA4667,Embraer E175,BGR,ORD,PZ2
2026-11-17,1 day ago,UA3594,Embraer E175,SDF,EWR,PZ2
2026-11-12,1 day ago,UA3594,Embraer E175,SDF,EWR,PZ1
2026-05-25,9 hours ago,UA761,Boeing 787-9 Dreamliner,MUC,DEN,PZ1
2027-01-23,1 day ago,UA3594,Embraer E175,SDF,EWR,PZ1
2026-10-10,1 day ago,UA2822,Boeing 737-800,PDX,ORD,PZ1
2026-07-06,1 day ago,UA3594,Embraer E175,SDF,EWR,PZ1
2026-07-12,1 day ago,UA3694,Embraer E175,SDF,EWR,PZ1
2026-08-21,1 day ago,UA3487,Embraer E175,BTV,IAD,PZ1
2026-05-11,5 hours ago,UA263,Boeing 787-9 Dreamliner,LHR,DEN,PZ9
2026-08-26,1 day ago,UA6266,Embraer E175,SDF,IAH,PZ2
2026-11-04,1 day ago,UA6266,Embraer E175,SDF,IAH,PZ1
2026-05-26,1 day ago,UA3416,Embraer E175,CMH,EWR,PZ2
2026-09-12,1 day ago,UA6326,Embraer E175,SDF,IAH,PZ2
2026-11-17,1 day ago,UA5988,Embraer E175,ABQ,DEN,PZ2
2026-07-27,1 day ago,UA1734,Boeing 737 MAX 9,BOS,IAD,PZ1
2026-09-26,1 day ago,UA6326,Embraer E175,SDF,IAH,PZ2
2026-07-07,4 days ago,UA1966,Boeing 737-900,IAH,MIA,PZ2
2026-05-12,1 day ago,UA2685,Boeing 737-900,MID,IAH,PZ1
2026-11-08,3 days ago,UA212,Airbus A319,EWR,CLT,PZ1
2026-05-16,1 day ago,UA1949,Boeing 737 MAX 9,LAX,SMF,PZ9
2026-05-19,1 day ago,UA2685,Boeing 737-900,MID,IAH,PZ9
2026-09-01,1 day ago,UA1355,Boeing 737 MAX 8,OMA,SFO,PZ1
2026-08-29,1 day ago,UA1355,Boeing 737 MAX 8,OMA,SFO,PZ1
2026-05-23,1 day ago,UA2656,Airbus A320,SNA,DEN,PZ4
2027-03-06,3 days ago,UA2233,Airbus A319,EWR,CLT,PZ2
2027-03-06,3 days ago,UA212,Airbus A319,EWR,CLT,PZ2
2027-03-06,3 days ago,UA2104,Airbus A319,EWR,CLT,PZ2
2026-05-10,1 day ago,UA820,Boeing 787-9 Dreamliner,HKG,BKK,PZ9
2026-11-03,1 day ago,UA921,Boeing 767-300,LHR,EWR,PZ4
2026-05-23,1 day ago,UA3443,Embraer E175,EWR,IND,PZ3
2026-05-24,1 day ago,UA2247,Boeing 737-900,ORD,YYZ,PZ9
2026-05-24,1 day ago,UA5591,Embraer E175,ORD,YYZ,PZ1
2026-05-11,1 day ago,UA4519,Bombardier CRJ550,CID,ORD,PZ5
2026-07-07,1 day ago,UA1453,Airbus A319,BUR,SFO,PZ2
2026-05-18,1 day ago,UA1355,Boeing 737-800,BNA,ORD,PZ6
2026-06-15,1 day ago,UA512,Boeing 737-900,CID,ORD,PZ2
2026-05-08,1 day ago,UA348,Boeing 737-700,IAD,CLT,PZ5
2027-02-25,3 days ago,UA1019,Boeing 737-900,CUN,IAH,PZ1
2026-08-02,1 day ago,UA659,Boeing 737-900,LAX,PHX,PZ2
2027-02-03,3 days ago,UA1019,Boeing 737-900,CUN,IAH,PZ3
2027-02-03,3 days ago,UA1058,Boeing 737-900,CUN,IAH,PZ4
2026-08-01,1 day ago,UA659,Boeing 737-900,LAX,PHX,PZ3
2026-05-31,1 day ago,UA5924,Embraer E175,BOI,DEN,PZ2
2026-07-28,1 day ago,UA659,Boeing 737-900,LAX,PHX,PZ4
2026-09-17,3 days ago,UA1123,Boeing 737 MAX 9,CUN,IAH,PZ4
2026-09-17,3 days ago,UA1058,Boeing 737 MAX 9,CUN,IAH,PZ7
2027-02-12,3 days ago,UA1059,Boeing 737-900,CUN,IAH,PZ3
2026-09-05,3 days ago,UA2611,Boeing 737-900,MCO,IAH,PZ2
2026-10-22,3 days ago,UA1123,Boeing 737 MAX 9,CUN,IAH,PZ1
2026-11-23,3 days ago,UA1248,Boeing 737-900,CUN,IAH,PZ4
2026-09-25,3 days ago,UA1059,Boeing 737-900,CUN,IAH,PZ8
2026-09-25,3 days ago,UA1051,Boeing 737-900,CUN,IAH,PZ4
2026-09-25,3 days ago,UA1056,Boeing 737-900,CUN,IAH,PZ6
2026-07-11,1 day ago,UA2300,Airbus A321neo,ORD,PDX,PZ1
2026-07-01,3 days ago,UA1123,Boeing 737 MAX 9,CUN,IAH,PZ5
2026-05-06,1 day ago,UA5924,Embraer E175,BOI,DEN,PZ1
2026-09-30,3 days ago,UA1123,Boeing 737 MAX 9,CUN,IAH,PZ4
2026-09-30,3 days ago,UA1058,Boeing 737 MAX 9,CUN,IAH,PZ4
2027-01-16,3 days ago,UA325,Boeing 737-900,MCO,IAH,PZ2
2027-03-09,3 days ago,UA1248,Boeing 737-900,CUN,IAH,PZ1
2027-03-09,3 days ago,UA1058,Boeing 737-900,CUN,IAH,PZ1
2026-06-11,1 day ago,UA1496,Boeing 737 MAX 8,LAX,RNO,PZ1
2026-09-12,1 day ago,UA873,Boeing 737 MAX 8,GUM,NRT,PZ3
2026-05-23,1 day ago,UA2395,Boeing 737-800,BOI,DEN,PZ4
2026-12-11,1 day ago,UA3609,Embraer E175,EWR,SDF,PZ1
2027-02-04,3 days ago,UA1059,Boeing 737-900,CUN,IAH,PZ4
2026-06-24,1 day ago,UA5924,Embraer E175,BOI,DEN,PZ1
2026-11-13,1 day ago,UA3609,Embraer E175,EWR,SDF,PZ1
2027-02-01,3 days ago,UA1059,Boeing 737-900,CUN,IAH,PZ2
2027-02-01,3 days ago,UA1058,Boeing 737-900,CUN,IAH,PZ2
2026-06-04,1 day ago,UA3483,Embraer E175,EWR,SDF,PZ2
2026-11-06,3 days ago,UA1059,Boeing 737-900,CUN,IAH,PZ4
2026-05-16,11 hours ago,UA1561,Boeing 737-900,SFO,ONT,PZ7
2026-11-06,3 days ago,UA1058,Boeing 737-900,CUN,IAH,PZ2
2027-01-13,1 day ago,UA3609,Embraer E175,EWR,SDF,PZ2
2026-06-27,1 day ago,UA4504,Bombardier CRJ550,ROC,IAD,PZ1
2026-12-02,1 day ago,UA3609,Embraer E175,EWR,SDF,PZ2
2027-01-24,1 day ago,UA3415,Embraer E175,EWR,SDF,PZ1
2026-08-22,4 days ago,UA2366,Boeing 737-800,SLC,IAH,PZ3
2027-01-24,1 day ago,UA3609,Embraer E175,EWR,SDF,PZ1
2026-08-25,1 day ago,UA3415,Embraer E175,EWR,SDF,PZ1
2026-07-06,22 hours ago,UA3705,Embraer E175,EWR,IND,PZ1
2026-05-21,1 day ago,UA5924,Embraer E175,BOI,DEN,PZ3
2026-07-07,1 day ago,UA3421,Embraer E175,EWR,SDF,PZ1
2026-10-01,3 days ago,UA1058,Boeing 737 MAX 9,CUN,IAH,PZ2
2026-06-28,1 day ago,UA4471,Bombardier CRJ550,IAD,ROC,PZ1
2026-05-10,3 days ago,UA448,Boeing 737-800,ORD,YYZ,PZ2
2026-05-10,3 days ago,UA1712,Airbus A319,ORD,YYZ,PZ1
2026-06-27,1 day ago,UA4471,Bombardier CRJ550,IAD,ROC,PZ2
2026-05-20,5 hours ago,UA2305,Boeing 737 MAX 9,SFO,IAH,PZ1
2027-01-28,3 days ago,UA1059,Boeing 737-900,CUN,IAH,PZ3
2026-06-09,6 hours ago,UA2615,Boeing 737-800,LAS,SFO,PZ3
2026-05-12,4 days ago,UA3492,Embraer E175,CMH,ORD,PZ4
2026-07-07,1 day ago,UA3485,Embraer E175,CVG,ORD,PZ2
2026-07-07,1 day ago,UA4171,Bombardier CRJ550,CVG,ORD,PZ2
2026-07-01,1 day ago,UA1024,Boeing 737-700,IAH,MEX,PZ1
2026-07-25,1 day ago,UA3512,Embraer E175,EWR,SDF,PZ2
2026-05-16,4 days ago,UA1263,Boeing 737-800,ONT,DEN,PZ1
2026-09-23,3 days ago,UA2075,Boeing 737 MAX 8,EWR,CLT,PZ1
2026-11-18,1 day ago,UA3609,Embraer E175,EWR,SDF,PZ2
2026-05-23,1 day ago,UA5681,Embraer E175,ORD,BGR,PZ5
2026-12-08,1 day ago,UA3452,Embraer E175,SDF,EWR,PZ1
2026-06-10,3 days ago,UA4419,Bombardier CRJ550,EWR,CHA,PZ2
2026-08-10,1 day ago,UA1980,Boeing 737 MAX 8,SFO,SAN,PZ1
2026-09-15,1 day ago,UA4729,Embraer E175,SEA,LAX,PZ2
2026-10-27,1 day ago,UA3682,Embraer E175,SDF,EWR,PZ1
2026-10-27,1 day ago,UA3452,Embraer E175,SDF,EWR,PZ1
2027-01-09,1 day ago,UA3682,Embraer E175,SDF,EWR,PZ2
2026-11-04,1 day ago,UA3594,Embraer E175,SDF,EWR,PZ2
2026-12-09,1 day ago,UA3594,Embraer E175,SDF,EWR,PZ1
2026-07-03,1 day ago,UA3594,Embraer E175,SDF,EWR,PZ1
2027-01-25,1 day ago,UA3452,Embraer E175,SDF,EWR,PZ1
2026-11-10,1 day ago,UA3594,Embraer E175,SDF,EWR,PZ1
2026-11-10,1 day ago,UA3452,Embraer E175,SDF,EWR,PZ1
2026-11-10,1 day ago,UA3682,Embraer E175,SDF,EWR,PZ1
2026-06-13,1 day ago,UA641,Boeing 737-700,ATL,IAD,PZ2
2026-11-11,1 day ago,UA3594,Embraer E175,SDF,EWR,PZ2
2026-06-09,8 hours ago,UA2740,Boeing 737 MAX 9,IAH,MIA,PZ4
2026-09-13,1 day ago,UA3594,Embraer E175,SDF,EWR,PZ1
2026-07-06,1 day ago,UA3680,Embraer E175,BGR,EWR,PZ1
2026-08-17,1 day ago,UA3452,Embraer E175,SDF,EWR,PZ1
2026-07-07,1 day ago,UA3680,Embraer E175,BGR,EWR,PZ2
2026-07-01,1 day ago,UA3680,Embraer E175,BGR,EWR,PZ2
2026-07-02,1 day ago,UA718,Airbus A320,MEX,SFO,PZ2
2026-05-16,2 days ago,UA2494,Boeing 737-800,IAH,RSW,PZ3
2026-05-29,1 day ago,UA392,Boeing 737 MAX 9,EWR,PTY,PZ9
2026-05-09,10 hours ago,UA5676,Embraer E175,SEA,SFO,PZ4
2026-09-23,1 day ago,UA6266,Embraer E175,SDF,IAH,PZ2
2026-08-18,1 day ago,UA6310,Embraer E175,SDF,IAH,PZ1
2026-09-09,1 day ago,UA2316,Boeing 737-800,SAT,DEN,PZ1
2026-07-31,1 day ago,UA6266,Embraer E175,SDF,IAH,PZ1
2026-06-10,8 hours ago,UA4462,Bombardier CRJ550,ORD,FSD,PZ2
2026-08-11,1 day ago,UA6310,Embraer E175,SDF,IAH,PZ1
2026-06-17,3 days ago,UA2384,Boeing 737 MAX 8,SFO,PDX,PZ1
2026-11-01,3 days ago,UA212,Airbus A319,EWR,CLT,PZ1
2026-11-10,1 day ago,UA725,Airbus A319,ABQ,DEN,PZ2
2026-05-12,1 day ago,UA6172,Embraer E175,IAD,SBN,PZ6
2026-09-08,1 day ago,UA1355,Boeing 737 MAX 8,OMA,SFO,PZ2
2026-10-27,1 day ago,UA4052,Embraer E175,IAH,SDF,PZ1
2026-12-30,3 days ago,UA212,Airbus A319,EWR,CLT,PZ2
2026-09-19,1 day ago,UA1355,Boeing 737 MAX 8,OMA,SFO,PZ3
2026-05-25,Just now,UA1635,Boeing 737 MAX 8,SEA,LAX,PZ3
2026-08-14,7 hours ago,UA1408,Boeing 737-800,IAH,BZE,PZ2
2027-03-16,1 day ago,UA951,Boeing 777-300ER,BRU,IAD,PZ3
2026-08-16,6 hours ago,UA189,Boeing 777-300ER,SFO,MNL,PZ9
2026-06-19,3 days ago,UA1046,Boeing 737 MAX 9,ATL,ORD,PZ2
2026-05-25,3 days ago,UA4419,Bombardier CRJ550,EWR,CHA,PZ3
2026-05-18,1 day ago,UA5680,Bombardier CRJ550,CID,ORD,PZ4
2026-05-19,1 day ago,UA4189,Bombardier CRJ550,CID,ORD,PZ2
2026-05-16,1 day ago,UA5746,Bombardier CRJ550,CID,ORD,PZ1
2026-06-11,3 days ago,UA4419,Bombardier CRJ550,EWR,CHA,PZ2
2026-05-17,1 day ago,UA5457,Embraer E175,SLC,SFO,PZ3
2026-05-12,1 day ago,UA465,Boeing 737-800,CID,ORD,PZ2
2026-05-12,1 day ago,UA4170,Bombardier CRJ550,CID,ORD,PZ4
2026-10-31,1 day ago,UA5487,Embraer E175,DEN,ABQ,PZ2
2026-05-31,1 day ago,UA512,Boeing 737-900,CID,ORD,PZ4
2026-08-24,3 days ago,UA1123,Boeing 737 MAX 9,CUN,IAH,PZ7
2026-08-25,2 days ago,UA5992,Embraer E175,ORD,MDT,PZ2
2027-01-05,1 day ago,UA1462,Boeing 737-900,EWR,MBJ,PZ4
2027-01-01,1 day ago,UA2126,Boeing 737-900,EWR,MBJ,PZ4
2027-01-01,1 day ago,UA1462,Boeing 737-900,EWR,MBJ,PZ4
2026-08-05,3 days ago,UA1056,Boeing 737-900,CUN,IAH,PZ8
2026-05-22,1 day ago,UA2395,Boeing 737-800,BOI,DEN,PZ1
2026-09-05,8 hours ago,UA2486,Boeing 737-900,SAN,ORD,PZ2
2026-06-28,1 day ago,UA2395,Boeing 737-800,BOI,DEN,PZ2
2026-10-31,3 days ago,UA1248,Boeing 737-900,CUN,IAH,PZ4
2026-10-24,1 day ago,UA3415,Embraer E175,EWR,SDF,PZ1
2026-05-29,1 day ago,UA991,Boeing 767-400ER,BCN,IAD,PZ9
2026-07-01,4 days ago,UA3480,Embraer E175,CMH,EWR,PZ2
2026-07-14,1 day ago,UA3512,Embraer E175,EWR,SDF,PZ2
2026-05-17,1 day ago,UA5410,Embraer E175,LAX,RNO,PZ2
2026-11-07,1 day ago,UA3415,Embraer E175,EWR,SDF,PZ1
2026-05-17,1 day ago,UA4653,Embraer E175,LAX,RNO,PZ5
2026-07-07,3 days ago,UA2662,Boeing 737-900,IAH,MCO,PZ2
2027-03-10,3 days ago,UA1248,Boeing 737-900,CUN,IAH,PZ1
2026-05-23,1 day ago,UA1398,Boeing 737-700,ORD,ATL,PZ1
2026-10-25,1 day ago,UA3609,Embraer E175,EWR,SDF,PZ1
2026-09-05,1 day ago,UA3609,Embraer E175,EWR,SDF,PZ2
2026-07-22,1 day ago,UA3512,Embraer E175,EWR,SDF,PZ2
2026-11-13,3 days ago,UA1248,Boeing 737-900,CUN,IAH,PZ4
2027-02-17,3 days ago,UA1019,Boeing 737-900,CUN,IAH,PZ3
2026-08-10,1 day ago,UA3512,Embraer E175,EWR,SDF,PZ1
2027-02-17,3 days ago,UA1058,Boeing 737-900,CUN,IAH,PZ4
2026-11-10,1 day ago,UA3609,Embraer E175,EWR,SDF,PZ2
2027-01-17,1 day ago,UA3609,Embraer E175,EWR,SDF,PZ1
2026-09-15,3 days ago,UA1056,Boeing 737-900,CUN,IAH,PZ2
2026-09-15,3 days ago,UA1058,Boeing 737 MAX 9,CUN,IAH,PZ8
2026-06-28,10 hours ago,UA3446,Embraer E175,EWR,IND,PZ1
2026-06-08,1 day ago,UA5239,Bombardier CRJ550,FAR,DEN,PZ2
2026-12-03,3 days ago,UA1248,Boeing 737-900,CUN,IAH,PZ4
2026-06-26,1 day ago,UA4615,Bombardier CRJ550,IAD,ROC,PZ1
2026-12-03,3 days ago,UA1056,Boeing 737-900,CUN,IAH,PZ1
2026-07-02,1 day ago,UA4471,Bombardier CRJ550,IAD,ROC,PZ1
2026-07-02,1 day ago,UA4485,Bombardier CRJ550,IAD,ROC,PZ1
2026-07-02,1 day ago,UA4615,Bombardier CRJ550,IAD,ROC,PZ1
2026-06-30,1 day ago,UA4615,Bombardier CRJ550,IAD,ROC,PZ2
2026-06-30,1 day ago,UA4471,Bombardier CRJ550,IAD,ROC,PZ2
2026-06-30,1 day ago,UA4485,Bombardier CRJ550,IAD,ROC,PZ2
2026-07-01,1 day ago,UA4615,Bombardier CRJ550,IAD,ROC,PZ2
2026-07-01,1 day ago,UA4394,Bombardier CRJ550,IAD,ROC,PZ1
2026-07-01,1 day ago,UA4471,Bombardier CRJ550,IAD,ROC,PZ2
2026-06-29,1 day ago,UA4615,Bombardier CRJ550,IAD,ROC,PZ1
2026-06-29,1 day ago,UA4471,Bombardier CRJ550,IAD,ROC,PZ1
2026-08-26,3 days ago,UA1017,Boeing 737 MAX 9,CUN,IAH,PZ5
2026-07-27,1 day ago,UA3512,Embraer E175,EWR,SDF,PZ1
2026-10-17,1 day ago,UA3415,Embraer E175,EWR,SDF,PZ1
2026-11-03,1 day ago,UA3609,Embraer E175,EWR,SDF,PZ2
2026-10-31,1 day ago,UA3415,Embraer E175,EWR,SDF,PZ1
2026-09-07,1 day ago,UA3609,Embraer E175,EWR,SDF,PZ1
2026-10-21,3 days ago,UA1059,Boeing 737-900,CUN,IAH,PZ3
2026-08-29,3 days ago,UA3547,Embraer E175,EWR,CLT,PZ1
2026-08-29,3 days ago,UA3493,Embraer E175,EWR,CLT,PZ1
2026-08-29,3 days ago,UA2075,Boeing 737 MAX 8,EWR,CLT,PZ3
2026-10-21,3 days ago,UA1051,Boeing 737-900,CUN,IAH,PZ3
2026-08-15,1 day ago,UA3415,Embraer E175,EWR,SDF,PZ1
2027-01-08,1 day ago,UA3609,Embraer E175,EWR,SDF,PZ1
2026-07-15,3 days ago,UA3517,Embraer E175,EWR,CLT,PZ1
2026-10-13,1 day ago,UA3682,Embraer E175,SDF,EWR,PZ1
2026-08-28,1 day ago,UA3452,Embraer E175,SDF,EWR,PZ1
2026-11-03,1 day ago,UA3682,Embraer E175,SDF,EWR,PZ1
2027-01-24,1 day ago,UA3594,Embraer E175,SDF,EWR,PZ1
2026-09-10,1 day ago,UA3594,Embraer E175,SDF,EWR,PZ1
2026-10-14,3 days ago,UA1261,Boeing 737 MAX 8,EWR,CLT,PZ1
2026-07-17,3 days ago,UA1059,Boeing 737-900,CUN,IAH,PZ5
2026-10-26,1 day ago,UA3594,Embraer E175,SDF,EWR,PZ1
2026-10-26,1 day ago,UA3682,Embraer E175,SDF,EWR,PZ1
2026-10-08,1 day ago,UA3594,Embraer E175,SDF,EWR,PZ1
2026-07-09,3 days ago,UA1019,Boeing 737 MAX 9,CUN,IAH,PZ2
2027-01-26,1 day ago,UA3594,Embraer E175,SDF,EWR,PZ2
2027-01-26,1 day ago,UA3452,Embraer E175,SDF,EWR,PZ2
2027-01-24,3 days ago,UA212,Airbus A319,EWR,CLT,PZ1
2026-09-19,1 day ago,UA6266,Embraer E175,SDF,IAH,PZ1
2026-08-29,1 day ago,UA6310,Embraer E175,SDF,IAH,PZ1
2026-08-22,1 day ago,UA6266,Embraer E175,SDF,IAH,PZ2
2026-09-02,1 day ago,UA6266,Embraer E175,SDF,IAH,PZ2
2026-05-30,1 day ago,UA1423,Boeing 737-900,EWR,FLL,PZ1
2026-05-25,1 day ago,UA3416,Embraer E175,CMH,EWR,PZ1
2026-05-26,1 day ago,UA3467,Embraer E175,CMH,EWR,PZ1
2026-05-26,1 day ago,UA3596,Embraer E175,CMH,EWR,PZ2
2026-08-15,3 days ago,UA2075,Boeing 737 MAX 8,EWR,CLT,PZ3
2026-05-13,1 day ago,UA1458,Boeing 737-900,LAX,SMF,PZ9
2026-05-13,1 day ago,UA6172,Embraer E175,IAD,SBN,PZ2
2026-09-05,1 day ago,UA1355,Boeing 737 MAX 8,OMA,SFO,PZ3
2026-08-08,1 day ago,UA425,Boeing 737-800,ORD,ATL,PZ3
2026-09-12,1 day ago,UA1355,Boeing 737 MAX 8,OMA,SFO,PZ2
2026-08-31,1 day ago,UA1355,Boeing 737 MAX 8,OMA,SFO,PZ1
2026-09-09,1 day ago,UA1355,Boeing 737 MAX 8,OMA,SFO,PZ3
2026-08-24,1 day ago,UA1355,Boeing 737 MAX 8,OMA,SFO,PZ1
2026-07-08,1 day ago,UA3718,Embraer E175,GRR,EWR,PZ1
2026-08-08,1 day ago,UA2770,Airbus A319,ORD,ATL,PZ2
2026-06-04,3 days ago,UA4419,Bombardier CRJ550,EWR,CHA,PZ2
2026-05-16,4 days ago,UA323,Boeing 737-800,ORD,CMH,PZ6
2026-06-03,11 hours ago,UA1287,Airbus A319,EWR,ATL,PZ2
2026-05-16,4 days ago,UA3624,Embraer E175,ORD,CMH,PZ2
2026-05-27,1 day ago,UA1084,Airbus A319,CID,ORD,PZ2
2026-05-07,1 day ago,UA5680,Bombardier CRJ550,CID,ORD,PZ4
2026-08-25,4 days ago,UA1287,Boeing 737-700,EWR,ATL,PZ1
2026-05-26,3 days ago,UA1094,Airbus A320,DEN,YYZ,PZ1
2026-05-10,1 day ago,UA5680,Bombardier CRJ550,CID,ORD,PZ5
2026-07-04,8 hours ago,UA798,Boeing 737 MAX 8,CLT,EWR,PZ3
2026-05-15,1 day ago,UA2850,Boeing 737 MAX 9,SFO,LAX,PZ4
2026-05-31,1 day ago,UA1082,Airbus A320,CID,ORD,PZ3
2026-05-12,2 days ago,UA2384,Boeing 737 MAX 8,SFO,PDX,PZ6
2026-05-31,1 day ago,UA4533,Bombardier CRJ550,CID,ORD,PZ3
2026-05-30,1 day ago,UA1082,Airbus A319,CID,ORD,PZ2
2026-05-30,1 day ago,UA4170,Bombardier CRJ550,CID,ORD,PZ2
2026-05-05,1 day ago,UA3466,Embraer E175,YYZ,IAD,PZ6
2026-09-05,1 day ago,UA2002,Airbus A319,STL,ORD,PZ1
2026-05-31,1 day ago,UA4614,Bombardier CRJ550,CID,ORD,PZ2
2026-05-05,1 day ago,UA4189,Bombardier CRJ550,CID,ORD,PZ4
2026-05-05,1 day ago,UA4519,Bombardier CRJ550,CID,ORD,PZ3
2026-05-05,1 day ago,UA4606,Bombardier CRJ550,CID,ORD,PZ2
2026-05-20,1 day ago,UA4389,Bombardier CRJ550,ORD,CID,PZ5
2027-01-30,3 days ago,UA371,Airbus A319,CLT,EWR,PZ2
2027-01-30,3 days ago,UA642,Airbus A319,CLT,EWR,PZ2
2026-06-22,2 days ago,UA2053,Airbus A319,ATL,EWR,PZ1
2026-05-18,1 day ago,UA5956,Embraer E175,ORD,CID,PZ4
2026-08-19,2 days ago,UA1778,Airbus A319,ORD,OMA,PZ1
2026-12-28,3 days ago,UA642,Airbus A319,CLT,EWR,PZ1
2026-05-08,4 days ago,UA621,Boeing 737-800,ABQ,DEN,PZ4
2026-08-18,1 day ago,UA2679,Boeing 737-800,LAX,LAS,PZ3
2026-06-12,8 hours ago,UA5975,Embraer E175,DEN,FSD,PZ2
2026-06-17,3 days ago,UA4191,Bombardier CRJ550,EWR,CAE,PZ2
2026-08-18,3 days ago,UA798,Boeing 737 MAX 8,CLT,EWR,PZ2
2026-08-18,3 days ago,UA3649,Embraer E175,CLT,EWR,PZ2
2026-05-09,1 day ago,UA3704,Embraer E175,DCA,EWR,PZ5
2026-05-09,1 day ago,UA3413,Embraer E175,IAD,LGA,PZ7
2026-05-08,3 hours ago,UA3413,Embraer E175,IAD,LGA,PZ2
2027-01-11,3 days ago,UA642,Airbus A319,CLT,EWR,PZ1
2026-08-10,3 days ago,UA798,Boeing 737 MAX 8,CLT,EWR,PZ1
2026-09-09,6 hours ago,UA947,Boeing 767-300,AMS,IAD,PZ9
2026-08-01,2 days ago,UA2064,Boeing 737 MAX 9,IAD,PWM,PZ2
2026-08-08,3 days ago,UA3468,Embraer E175,CLT,EWR,PZ2
2026-07-13,1 day ago,UA3438,Embraer E175,SDF,IAD,PZ1
2027-02-01,3 days ago,UA642,Airbus A319,CLT,EWR,PZ1
2026-05-22,23 hours ago,UA2398,Boeing 737 MAX 8,EWR,CLE,PZ5
2026-11-26,3 days ago,UA371,Airbus A319,CLT,EWR,PZ1
2026-11-26,3 days ago,UA642,Airbus A319,CLT,EWR,PZ1
2026-05-23,1 day ago,UA1217,Boeing 757-300,ORD,DEN,PZ2
2026-08-05,1 day ago,UA3526,Embraer E175,IAD,SDF,PZ2
2026-08-26,3 days ago,UA3649,Embraer E175,CLT,EWR,PZ1
2026-11-17,1 day ago,UA3570,Embraer E175,IAD,SDF,PZ1
2027-02-13,3 days ago,UA642,Airbus A319,CLT,EWR,PZ2
2026-08-05,2 days ago,UA1733,Boeing 737-900,JAX,ORD,PZ2
2026-05-05,1 day ago,UA3664,Embraer E175,EWR,ROC,PZ1
2026-07-23,1 day ago,UA3526,Embraer E175,IAD,SDF,PZ1
2026-05-16,1 day ago,UA2064,Boeing 737-800,LAX,FAT,PZ2
2026-07-26,1 day ago,UA3526,Embraer E175,IAD,SDF,PZ1
2026-05-11,2 hours ago,UA921,Boeing 767-300,LHR,EWR,PZ9
2026-06-05,1 day ago,UA3412,Embraer E175,EWR,DTW,PZ2
2026-09-15,4 days ago,UA1358,Boeing 737-900,ORD,MIA,PZ2
2026-06-01,1 day ago,UA3412,Embraer E175,EWR,DTW,PZ1
2026-06-01,1 day ago,UA3586,Embraer E175,EWR,DTW,PZ1
2026-06-11,1 day ago,UA3412,Embraer E175,EWR,DTW,PZ2
2026-06-11,1 day ago,UA3558,Embraer E175,EWR,DTW,PZ1
2027-04-02,1 day ago,UA153,Boeing 787-9 Dreamliner,SGN,HKG,PZ9
2026-08-05,2 days ago,UA1853,Boeing 737-700,MTY,IAH,PZ1
2026-05-30,1 day ago,UA4716,Embraer E175,CID,DEN,PZ2
2026-06-03,1 day ago,UA4716,Embraer E175,CID,DEN,PZ1
2026-07-27,1 day ago,UA3526,Embraer E175,IAD,SDF,PZ1
2026-05-23,6 hours ago,UA921,Boeing 767-300,LHR,EWR,PZ9
2026-07-28,1 day ago,UA3526,Embraer E175,IAD,SDF,PZ2
2026-07-29,1 day ago,UA3526,Embraer E175,IAD,SDF,PZ2
2027-02-09,1 day ago,UA6110,Embraer E175,ORF,IAD,PZ1
2026-06-06,2 days ago,UA3652,Embraer E175,DTW,EWR,PZ2
2026-05-16,2 days ago,UA3618,Embraer E175,ORD,CLT,PZ1
2026-07-14,3 days ago,UA334,Boeing 737-800,IAH,LGA,PZ1
2026-05-15,2 days ago,UA2861,Airbus A319,DEN,MSP,PZ2
2026-06-14,1 day ago,UA3586,Embraer E175,EWR,DTW,PZ2
2026-05-31,1 day ago,UA3586,Embraer E175,EWR,DTW,PZ3
2026-06-02,5 hours ago,UA6007,Bombardier CRJ550,MAF,DEN,PZ2
2026-07-08,3 days ago,UA1019,Boeing 737 MAX 9,CUN,IAH,PZ3
2026-05-29,1 day ago,UA5489,Embraer E175,MCI,LAX,PZ3
2026-05-18,1 day ago,UA349,Boeing 737-900,BWI,ORD,PZ5
2026-07-28,10 hours ago,UA4449,Bombardier CRJ550,BHM,ORD,PZ1
2026-06-16,1 day ago,UA5405,Embraer E175,SFO,SLC,PZ5
2026-07-04,1 day ago,UA1301,Boeing 737-900,DEN,SFO,PZ1
2026-05-24,5 hours ago,UA900,Boeing 787-9 Dreamliner,LHR,SFO,PZ6
2026-05-13,1 day ago,UA2102,Boeing 737 MAX 9,LAS,ORD,PZ2
2026-07-03,2 days ago,UA3477,Embraer E175,EWR,PIT,PZ1
2026-12-19,3 days ago,UA2740,Boeing 737 MAX 8,MDE,IAH,PZ1
2026-12-18,3 days ago,UA2740,Boeing 737 MAX 8,MDE,IAH,PZ3
2026-09-05,1 day ago,UA4423,Bombardier CRJ550,STL,ORD,PZ1
2026-08-22,1 day ago,UA3508,Embraer E175,SDF,IAD,PZ2
2026-06-03,3 days ago,UA3443,Embraer E175,IND,ORD,PZ2
2026-12-14,4 days ago,UA3475,Embraer E175,MCI,EWR,PZ1
2026-12-14,4 days ago,UA3503,Embraer E175,MCI,EWR,PZ1
2026-05-22,1 day ago,UA3565,Embraer E175,CID,ORD,PZ6
2026-05-22,1 day ago,UA4170,Bombardier CRJ550,CID,ORD,PZ5
2026-06-14,3 days ago,UA4413,Bombardier CRJ550,CHA,EWR,PZ1
2026-06-18,1 day ago,UA1430,Airbus A320,PDX,SFO,PZ1
2026-05-16,1 day ago,UA4479,Bombardier CRJ550,ORD,CID,PZ1
2026-05-16,1 day ago,UA5300,Bombardier CRJ550,ORD,CID,PZ1
2026-06-16,4 days ago,UA3641,Embraer E175,EWR,CMH,PZ1
2026-06-16,4 days ago,UA3492,Embraer E175,EWR,CMH,PZ2
2026-06-15,4 days ago,UA3692,Embraer E175,EWR,CMH,PZ1
2026-06-12,4 days ago,UA3641,Embraer E175,EWR,CMH,PZ1
2026-05-19,2 days ago,UA1983,Boeing 737 MAX 8,MIA,ORD,PZ7
2026-06-29,3 days ago,UA4191,Bombardier CRJ550,EWR,CAE,PZ1
2026-09-22,3 days ago,UA3649,Embraer E175,CLT,EWR,PZ2
2026-05-29,1 day ago,UA5458,Embraer E175,LAX,PHX,PZ1
2026-05-29,1 day ago,UA5450,Embraer E175,LAX,PHX,PZ2
2026-06-02,1 day ago,UA5934,Embraer E175,YYZ,ORD,PZ3
2026-06-30,2 days ago,UA299,Airbus A319,ATL,EWR,PZ1
2026-06-01,1 day ago,UA5934,Embraer E175,YYZ,ORD,PZ6
2026-08-01,1 day ago,UA3438,Embraer E175,SDF,IAD,PZ2
2026-05-27,1 day ago,UA4579,Bombardier CRJ550,XNA,ORD,PZ1
2026-05-27,1 day ago,UA4564,Bombardier CRJ550,XNA,ORD,PZ1
2027-03-08,3 days ago,UA642,Airbus A319,CLT,EWR,PZ1
2026-09-01,1 day ago,UA4067,Embraer E175,SDF,IAD,PZ1
2026-07-11,3 days ago,UA798,Boeing 737 MAX 8,CLT,EWR,PZ3
2026-05-07,1 day ago,UA3413,Embraer E175,IAD,LGA,PZ1
2026-08-13,1 day ago,UA3438,Embraer E175,SDF,IAD,PZ1
2026-07-30,1 day ago,UA3438,Embraer E175,SDF,IAD,PZ1
2026-05-11,1 day ago,UA1784,Boeing 737-900,EWR,IAD,PZ5
2026-05-19,10 hours ago,UA1993,Boeing 737-800,IAH,OMA,PZ1
2026-10-24,1 day ago,UA3508,Embraer E175,SDF,IAD,PZ1
2027-01-23,1 day ago,UA3508,Embraer E175,SDF,IAD,PZ1
2026-12-04,3 days ago,UA2740,Boeing 737 MAX 8,MDE,IAH,PZ2
2026-05-23,1 day ago,UA2666,Boeing 737-900,ORD,DEN,PZ6
2026-06-08,1 day ago,UA3603,Embraer E175,GRR,EWR,PZ1
2026-08-05,3 days ago,UA3448,Embraer E175,CLT,EWR,PZ1
2026-07-28,1 day ago,UA3438,Embraer E175,SDF,IAD,PZ2
2026-05-12,1 day ago,UA4,Boeing 777-200,LHR,IAH,PZ9
2027-01-19,1 day ago,UA3508,Embraer E175,SDF,IAD,PZ1
2026-05-29,1 day ago,UA5329,Embraer E175,LAX,FAT,PZ1
2026-07-28,1 day ago,UA4067,Embraer E175,SDF,IAD,PZ2
2026-05-18,1 day ago,UA5300,Bombardier CRJ550,ORD,CID,PZ4
2027-01-25,3 days ago,UA642,Airbus A319,CLT,EWR,PZ1
2026-08-01,3 days ago,UA3468,Embraer E175,CLT,EWR,PZ1
2026-06-02,1 day ago,UA2432,Boeing 737 MAX 8,LAX,FAT,PZ6
2026-08-15,1 day ago,UA3570,Embraer E175,IAD,SDF,PZ2
2027-02-25,1 day ago,UA209,Boeing 737 MAX 8,IAH,BOG,PZ3
2026-08-08,1 day ago,UA3526,Embraer E175,IAD,SDF,PZ2
2026-07-29,2 days ago,UA1778,Airbus A320,ORD,OMA,PZ2
2026-09-02,1 day ago,UA3980,Embraer E175,IAD,SDF,PZ2
2026-05-09,1 day ago,UA5603,Embraer E175,ORD,BWI,PZ7
2026-06-13,1 day ago,UA2800,Airbus A319,MCI,ORD,PZ2
2026-05-23,1 day ago,UA2432,Boeing 737-900,LAX,FAT,PZ5
2026-05-13,1 day ago,UA2064,Boeing 737-800,LAX,FAT,PZ5
2026-05-10,1 day ago,UA2064,Boeing 737-800,LAX,FAT,PZ1
2026-11-10,1 day ago,UA3570,Embraer E175,IAD,SDF,PZ1
2026-05-22,4 days ago,UA3457,Embraer E175,CMH,ORD,PZ2
2026-05-25,1 day ago,UA4716,Embraer E175,CID,DEN,PZ3
2026-05-23,1 day ago,UA4716,Embraer E175,CID,DEN,PZ6
2026-05-23,1 day ago,UA1500,Boeing 737-900,CID,DEN,PZ4
2026-05-29,1 day ago,UA514,Boeing 737-800,CID,DEN,PZ1
2026-08-24,3 days ago,UA1833,Boeing 737 MAX 9,BOS,EWR,PZ1
2026-06-17,1 day ago,UA3412,Embraer E175,EWR,DTW,PZ2
2026-06-17,1 day ago,UA3586,Embraer E175,EWR,DTW,PZ2
2026-05-09,1 day ago,UA3488,Embraer E175,DCA,ORD,PZ5
2026-09-01,1 day ago,UA3570,Embraer E175,IAD,SDF,PZ1
2026-05-24,1 day ago,UA4716,Embraer E175,CID,DEN,PZ3
2026-06-04,1 day ago,UA4716,Embraer E175,CID,DEN,PZ2
2026-05-07,11 hours ago,UA307,Boeing 737-900ER,MSP,ORD,PZ4
2026-10-24,1 day ago,UA3980,Embraer E175,IAD,SDF,PZ1
2026-05-23,3 days ago,UA4498,Bombardier CRJ550,IAD,CLT,PZ2
2026-06-08,4 days ago,UA1596,Boeing 737 MAX 8,PDX,SFO,PZ3
2026-05-25,3 days ago,UA6234,Embraer E175,IAD,CLT,PZ2
2026-05-25,1 day ago,UA1030,Boeing 737 MAX 9,IAH,ATL,PZ1
2026-07-01,3 days ago,UA3412,Embraer E175,EWR,DTW,PZ2
2026-06-30,1 day ago,UA5336,Bombardier CRJ550,MEM,ORD,PZ2
2026-06-30,1 day ago,UA5780,Embraer E175,MEM,ORD,PZ1
2026-06-17,1 day ago,UA247,Airbus A319,MEM,ORD,PZ1
2026-06-27,1 day ago,UA656,Boeing 737-900,CID,ORD,PZ4
2026-06-13,1 day ago,UA5336,Bombardier CRJ550,MEM,ORD,PZ2
2026-06-20,1 day ago,UA5336,Bombardier CRJ550,MEM,ORD,PZ2
2026-05-13,4 days ago,UA822,Airbus A319,MEX,SFO,PZ1
2026-06-28,1 day ago,UA3451,Embraer E175,IND,EWR,PZ1
2026-06-27,1 day ago,UA3451,Embraer E175,IND,EWR,PZ2
2026-05-31,1 day ago,UA5485,Embraer E175,MCI,ORD,PZ3
2026-05-23,1 day ago,UA2647,Boeing 737 MAX 8,LAX,SFO,PZ8
2026-05-20,3 hours ago,UA2151,Boeing 737 MAX 8,CLT,EWR,PZ4
2026-06-20,4 days ago,UA3481,Embraer E175,EWR,CMH,PZ1
2026-12-24,4 days ago,UA2445,Boeing 737-800,LAX,CMH,PZ1
2026-07-28,3 days ago,UA1059,Boeing 737-900,CUN,IAH,PZ2
2027-03-03,1 day ago,UA21,Boeing 767-300,AMS,IAH,PZ2
2026-06-15,1 day ago,UA5489,Embraer E175,MCI,LAX,PZ3
2026-05-19,1 day ago,UA1081,Airbus A320,BWI,ORD,PZ1
2026-05-19,1 day ago,UA5635,Embraer E175,BWI,ORD,PZ1
2026-06-05,3 days ago,UA1738,Boeing 737 MAX 9,IAD,ORD,PZ3
2026-06-30,1 day ago,UA1711,Airbus A319,AUS,EWR,PZ1
2026-05-09,1 day ago,UA1546,Boeing 737-800,ORD,BWI,PZ1
2026-06-21,2 days ago,UA3667,Embraer E175,EWR,CVG,PZ1
2026-05-20,3 days ago,UA3620,Embraer E175,PWM,EWR,PZ5
2026-05-19,3 days ago,UA3528,Embraer E175,PWM,EWR,PZ5
2026-05-18,1 day ago,UA1081,Airbus A319,BWI,ORD,PZ5
2026-05-12,1 day ago,UA1975,Boeing 737 MAX 9,LAS,EWR,PZ2
2026-09-08,3 days ago,UA3649,Embraer E175,CLT,EWR,PZ1
2026-06-30,4 days ago,UA2384,Boeing 737 MAX 8,SFO,PDX,PZ2
2026-12-15,1 day ago,UA2118,Boeing 737 MAX 8,ABQ,IAH,PZ1
2026-08-19,1 day ago,UA609,Airbus A321neo,ORD,MCO,PZ2
2026-05-06,15 hours ago,UA2725,Boeing 737-800W,FLL,CLE,PZ8
2026-06-03,1 day ago,UA4517,Bombardier CRJ550,STL,ORD,PZ3
2026-09-16,23 hours ago,UA1748,Boeing 737-800,ORD,CLT,PZ3
2026-09-16,23 hours ago,UA4792,Embraer E175,ORD,ROA,PZ2
2026-09-16,23 hours ago,UA5956,Embraer E175,ORD,MKE,PZ1
2026-09-16,23 hours ago,UA3674,Embraer E175,ORD,MKE,PZ2
2026-06-07,10 hours ago,UA958,Boeing 767-300,LHR,ORD,PZ9
2027-01-26,2 days ago,UA42,Boeing 777-300ER,EWR,FRA,PZ1
2026-06-02,4 hours ago,UA921,Boeing 767-300,LHR,EWR,PZ9
2026-05-20,23 hours ago,UA1321,Boeing 737-900,TPA,EWR,PZ1
2026-05-17,9 hours ago,UA2661,Boeing 737 MAX 9,SFO,ONT,PZ2
2026-11-17,13 hours ago,UA4051,Embraer E175,XNA,IAH,PZ2
2026-07-15,1 day ago,UA1381,Boeing 737-800,IAH,ABQ,PZ1
2026-06-16,2 hours ago,UA1847,Boeing 737 MAX 8,DFW,EWR,PZ2
2026-05-16,23 hours ago,UA1784,Boeing 737 MAX 9,LAS,EWR,PZ4
2026-05-28,11 hours ago,UA684,Boeing 737 MAX 8,LAX,SEA,PZ3
2026-10-18,3 days ago,UA3568,Embraer E175,EWR,DTW,PZ1
2026-07-07,1 day ago,UA2386,Airbus A320,BUR,SFO,PZ1
2026-05-24,1 day ago,UA4170,Bombardier CRJ550,CID,ORD,PZ3
2026-05-11,1 day ago,UA3656,Embraer E175,IAD,CLT,PZ2
2026-06-20,1 day ago,UA3656,Embraer E175,LGA,IAD,PZ1
2026-12-15,4 days ago,UA3503,Embraer E175,MCI,EWR,PZ2
2026-09-12,3 days ago,UA3468,Embraer E175,CLT,EWR,PZ2
2026-07-10,3 days ago,UA3448,Embraer E175,CLT,EWR,PZ1
2026-05-22,1 day ago,UA4614,Bombardier CRJ550,CID,ORD,PZ5
2026-08-05,1 day ago,UA2179,Boeing 737-800,SFO,LAX,PZ3
2026-05-23,1 day ago,UA1084,Airbus A319,CID,ORD,PZ2
2026-05-09,1 day ago,UA5440,Embraer E175,SFO,SNA,PZ1
2026-05-09,1 day ago,UA5410,Embraer E175,LAX,RNO,PZ8
2026-08-12,2 days ago,UA1145,Airbus A320,PDX,SFO,PZ1
2026-07-08,3 days ago,UA3448,Embraer E175,CLT,EWR,PZ2
2026-05-19,1 day ago,UA4389,Bombardier CRJ550,ORD,CID,PZ1
2027-01-09,3 days ago,UA642,Airbus A319,CLT,EWR,PZ1
2026-05-13,1 day ago,UA4170,Bombardier CRJ550,ORD,CID,PZ4
2027-02-17,4 hours ago,UA109,Boeing 787-8 Dreamliner,MUC,IAD,PZ1
2026-06-04,8 hours ago,UA65,Boeing 787-10 Dreamliner,LIS,EWR,PZ1
2026-05-19,1 day ago,UA4805,Embraer E175,SFO,SLC,PZ4
2026-06-03,1 day ago,UA1334,Boeing 737-900,YYZ,ORD,PZ9
2026-05-23,4 days ago,UA1666,Boeing 737-900,CVG,DEN,PZ1
2026-06-03,1 day ago,UA6019,Embraer E175,YYZ,ORD,PZ1
2026-06-14,1 day ago,UA4174,Bombardier CRJ550,DCA,EWR,PZ2
2026-06-03,1 day ago,UA5934,Embraer E175,YYZ,ORD,PZ5
2026-06-02,1 day ago,UA1334,Boeing 737-900,YYZ,ORD,PZ9
2026-06-02,1 day ago,UA312,Boeing 737-700,YYZ,ORD,PZ1
2026-06-02,1 day ago,UA6019,Embraer E175,YYZ,ORD,PZ9
2026-10-15,13 hours ago,UA3652,Embraer E175,DTW,EWR,PZ1
2026-10-05,1 day ago,UA3508,Embraer E175,SDF,IAD,PZ1
2026-06-01,2 days ago,UA2053,Airbus A319,ATL,EWR,PZ1
2026-07-21,3 days ago,UA798,Boeing 737 MAX 8,CLT,EWR,PZ3
2026-07-21,3 days ago,UA3456,Embraer E175,CLT,EWR,PZ1
2026-05-11,4 days ago,UA4075,Embraer E175,SDF,IAD,PZ2
2026-10-20,3 days ago,UA798,Boeing 737 MAX 8,CLT,EWR,PZ1
2026-11-10,1 day ago,UA3508,Embraer E175,SDF,IAD,PZ1
2026-05-12,4 days ago,UA4075,Embraer E175,SDF,IAD,PZ2
2026-09-02,1 day ago,UA941,Boeing 767-300,LHR,EWR,PZ9
2026-05-09,11 hours ago,UA5628,Embraer E175,SMF,LAX,PZ6
2026-05-30,4 days ago,UA660,Boeing 737 MAX 8,PHL,ORD,PZ1
2026-05-12,4 days ago,UA2655,Boeing 737-800,PHL,ORD,PZ5
2026-05-19,1 day ago,UA5299,Embraer E175,LAX,FAT,PZ5
2026-05-08,1 day ago,UA1822,Boeing 737-900,EWR,BOS,PZ2
2026-08-04,1 day ago,UA3526,Embraer E175,IAD,SDF,PZ2
2026-08-04,1 day ago,UA3538,Embraer E175,IAD,SDF,PZ2
2026-06-25,1 day ago,UA1692,Boeing 737 MAX 8,SEA,LAX,PZ2
2026-06-25,1 day ago,UA1730,Boeing 737 MAX 9,SEA,LAX,PZ1
2026-07-07,1 day ago,UA3526,Embraer E175,IAD,SDF,PZ2
2026-07-04,1 day ago,UA1085,Airbus A319,MEX,IAH,PZ4
2026-07-04,1 day ago,UA428,Airbus A319,MEX,IAH,PZ3
2026-05-17,3 days ago,UA1762,Airbus A319,CLT,IAD,PZ5
2026-05-12,4 days ago,UA308,Boeing 737 MAX 9,PHL,ORD,PZ2
2026-05-20,1 day ago,UA5257,Embraer E175,LAX,FAT,PZ7
2026-06-03,1 day ago,UA2432,Boeing 737 MAX 8,LAX,FAT,PZ6
2026-06-03,1 day ago,UA5299,Embraer E175,LAX,FAT,PZ3
2026-06-10,1 day ago,UA3586,Embraer E175,EWR,DTW,PZ1
2026-06-11,1 day ago,UA3586,Embraer E175,EWR,DTW,PZ3
2026-06-02,1 day ago,UA3586,Embraer E175,EWR,DTW,PZ1
2026-05-08,1 day ago,UA5692,Embraer E175,CID,DEN,PZ1
2026-06-12,1 day ago,UA3412,Embraer E175,EWR,DTW,PZ3
2026-06-08,1 day ago,UA3412,Embraer E175,EWR,DTW,PZ1
2026-05-28,1 day ago,UA3412,Embraer E175,EWR,DTW,PZ3
2026-05-28,1 day ago,UA3586,Embraer E175,EWR,DTW,PZ2
2026-06-14,1 day ago,UA5692,Embraer E175,CID,DEN,PZ1
2026-06-08,1 day ago,UA4716,Embraer E175,CID,DEN,PZ3
2026-05-22,1 day ago,UA2449,Boeing 737-900,LAS,IAH,PZ4
2026-06-10,1 day ago,UA4716,Embraer E175,CID,DEN,PZ2
2026-06-02,1 day ago,UA190,Boeing 777-300ER,MNL,SFO,PZ3
2026-08-06,1 day ago,UA3526,Embraer E175,IAD,SDF,PZ1
2026-08-02,1 day ago,UA3526,Embraer E175,IAD,SDF,PZ1
2026-07-03,3 days ago,UA1331,Boeing 737 MAX 9,EWR,MSP,PZ1
2026-10-31,1 day ago,UA3980,Embraer E175,IAD,SDF,PZ1
2026-07-07,1 day ago,UA5336,Bombardier CRJ550,MEM,ORD,PZ2
2026-07-07,1 day ago,UA5780,Embraer E175,MEM,ORD,PZ2
2026-06-14,1 day ago,UA247,Airbus A319,MEM,ORD,PZ2
2026-06-27,1 day ago,UA5336,Bombardier CRJ550,MEM,ORD,PZ1
2026-08-08,2 days ago,UA6245,Embraer E175,MTY,IAH,PZ5
2026-07-14,1 day ago,UA3526,Embraer E175,IAD,SDF,PZ2
2026-06-23,1 day ago,UA5336,Bombardier CRJ550,MEM,ORD,PZ2
2026-05-12,17 hours ago,UA957,Boeing 767-300,GVA,EWR,PZ9
2026-06-16,2 hours ago,UA1032,Boeing 737-900,DFW,EWR,PZ3
2026-06-01,3 days ago,UA2104,Boeing 737 MAX 9,STL,EWR,PZ3
2026-10-10,1 day ago,UA1752,Airbus A320,SFO,SEA,PZ2
2026-06-06,3 days ago,UA1935,Boeing 737-800,LGA,IAH,PZ1
2026-05-11,5 hours ago,UA4682,Bombardier CRJ550,MAF,DEN,PZ3
2026-05-13,5 hours ago,UA4807,Bombardier CRJ550,MAF,DEN,PZ1
2026-05-13,3 days ago,UA1059,Boeing 737-900,CUN,IAH,PZ9
2026-05-27,5 hours ago,UA2053,Airbus A319,ATL,EWR,PZ1
2026-10-04,1 day ago,UA4629,Embraer E175,LAX,SLC,PZ1
2026-05-23,1 day ago,UA2753,Boeing 737-800,LAS,IAH,PZ2
2026-06-06,1 day ago,UA5489,Embraer E175,MCI,LAX,PZ2
2026-07-12,7 hours ago,UA6005,Embraer E175,ORD,MCI,PZ1
2026-05-21,1 day ago,UA590,Boeing 737-800,BWI,ORD,PZ5
2026-05-21,1 day ago,UA276,Boeing 737-700,BWI,ORD,PZ4
2026-05-19,1 day ago,UA1738,Boeing 737-800,IAD,ORD,PZ1
2026-05-22,1 day ago,UA590,Boeing 737-800,BWI,ORD,PZ7
2026-07-15,3 days ago,UA2486,Boeing 737-900,SAN,ORD,PZ1
2026-11-02,8 hours ago,UA1375,Boeing 737 MAX 9,ONT,SFO,PZ2
2026-07-18,3 days ago,UA1457,Airbus A321neo,SAN,ORD,PZ1
2026-07-04,3 days ago,UA2486,Boeing 737-800,SAN,ORD,PZ2
2026-05-07,3 days ago,UA301,Boeing 737 MAX 9,SFO,DEN,PZ4
2026-07-20,1 day ago,UA689,Boeing 737-800,SFO,BUR,PZ2
2026-05-06,3 days ago,UA301,Boeing 737 MAX 9,SFO,DEN,PZ7
2026-05-05,3 days ago,UA1315,Boeing 737 MAX 9,SFO,DEN,PZ1
2026-05-17,23 hours ago,UA4064,Embraer E175,IAH,DTW,PZ1
2026-05-15,23 hours ago,UA4064,Embraer E175,IAH,DTW,PZ3
2026-05-09,23 hours ago,UA685,Boeing 737-700,IAH,DTW,PZ3
2026-08-25,2 days ago,UA1145,Boeing 737 MAX 8,SFO,DEN,PZ1
2026-05-23,1 day ago,UA5891,Embraer E175,DEN,RAP,PZ6
2026-07-19,4 days ago,UA1969,Boeing 737 MAX 9,MCI,EWR,PZ1
2026-05-05,3 days ago,UA2486,Boeing 737-900,SAN,ORD,PZ5
2026-12-21,22 hours ago,UA2661,Boeing 737 MAX 9,SFO,ONT,PZ2
2026-06-26,1 day ago,UA4654,Embraer E175,ORD,ECP,PZ1
2026-05-06,3 days ago,UA2298,Boeing 737-700,ORD,MSP,PZ1
2026-05-07,3 days ago,UA5405,Embraer E175,ORD,MSP,PZ2
2026-05-07,3 days ago,UA2298,Boeing 737-700,ORD,MSP,PZ2
2026-09-27,1 day ago,UA5988,Embraer E175,ABQ,DEN,PZ1
2026-05-12,1 day ago,UA643,Boeing 737 MAX 8,SNA,IAH,PZ1
2026-07-28,1 day ago,UA4652,Embraer E175,ABQ,DEN,PZ2
2026-05-22,23 hours ago,UA3584,Embraer E175,EWR,GSP,PZ5
2026-05-22,23 hours ago,UA3606,Embraer E175,EWR,GSP,PZ2
2026-05-22,23 hours ago,UA3421,Embraer E175,EWR,SDF,PZ4
2026-05-09,23 hours ago,UA1760,Boeing 737 MAX 9,AUS,EWR,PZ1
2026-06-02,3 days ago,UA2865,Boeing 737-900,ORD,MSP,PZ2
2026-07-16,3 days ago,UA4016,Embraer E175,IAD,SBN,PZ1
2026-06-23,1 day ago,UA247,Airbus A319,MEM,ORD,PZ2
2026-10-31,1 day ago,UA4526,Bombardier CRJ550,EWR,GSP,PZ2
2026-06-09,3 days ago,UA1206,Boeing 737-900,EWR,ORD,PZ1
2026-10-31,1 day ago,UA5988,Embraer E175,ABQ,DEN,PZ1
2026-07-09,1 day ago,UA4652,Embraer E175,ABQ,DEN,PZ1
2026-07-16,3 days ago,UA3417,Embraer E175,EWR,CVG,PZ1
2026-05-19,3 days ago,UA5657,Embraer E175,SEA,LAX,PZ2
2026-05-18,2 days ago,UA1288,Boeing 737-800,ORD,LGA,PZ1
2027-02-02,4 days ago,UA904,Boeing 777-200,EWR,LHR,PZ1
2026-05-06,1 day ago,UA348,Boeing 737-700W,IAD,CLT,PZ4
2026-05-08,9 hours ago,UA5676,Embraer E175,SEA,SFO,PZ1
2026-05-16,22 hours ago,UA33,Boeing 737-800,CEB,NRT,PZ8
2026-05-12,11 hours ago,UA4657,Embraer E175,LAX,PHX,PZ4
2026-09-12,1 day ago,UA5405,Embraer E175,SFO,SNA,PZ2
2026-07-05,22 hours ago,UA3443,Embraer E175,EWR,IND,PZ1
2026-07-07,22 hours ago,UA3669,Embraer E175,EWR,IND,PZ1
2026-07-02,22 hours ago,UA3669,Embraer E175,EWR,IND,PZ1
2026-07-02,22 hours ago,UA3446,Embraer E175,EWR,IND,PZ1
2026-11-03,1 day ago,UA725,Airbus A319,ABQ,DEN,PZ2
2026-05-10,4 days ago,UA725,Airbus A319,ABQ,DEN,PZ2
2026-05-06,1 day ago,UA5406,Embraer E175,ORD,RAP,PZ4
2026-05-14,13 hours ago,UA3665,Embraer E175,EWR,PWM,PZ5
2026-08-15,1 day ago,UA5487,Embraer E175,DEN,ABQ,PZ2
2026-06-10,1 day ago,UA906,Boeing 787-10 Dreamliner,FRA,ORD,PZ1
2026-09-13,3 days ago,UA4463,Bombardier CRJ550,ORD,ABE,PZ1
2026-12-18,22 hours ago,UA5406,Embraer E175,ZIH,IAH,PZ2
2026-07-30,4 days ago,UA1948,Boeing 737 MAX 9,CUN,SFO,PZ6
2026-12-20,22 hours ago,UA5406,Embraer E175,ZIH,IAH,PZ2
2026-12-24,22 hours ago,UA5406,Embraer E175,ZIH,IAH,PZ2
2026-09-01,1 day ago,UA2679,Boeing 737-800,LAX,LAS,PZ2
2026-05-20,1 day ago,UA2334,Boeing 737 MAX 9,PDX,DEN,PZ4
2026-08-25,5 hours ago,UA1456,Boeing 737 MAX 9,EWR,NAS,PZ7
2026-05-11,1 day ago,UA5406,Embraer E175,ORD,RAP,PZ2
2026-05-10,1 day ago,UA5406,Embraer E175,ORD,RAP,PZ4
2026-06-03,3 days ago,UA1730,Boeing 737 MAX 9,LAX,MCO,PZ2
2026-05-08,1 day ago,UA498,Airbus A321neo,DEN,PDX,PZ1
2026-05-17,4 days ago,UA2427,Boeing 737-800,ORD,EUG,PZ3
2026-05-22,3 days ago,UA3655,Embraer E175,PWM,EWR,PZ3
2026-05-06,22 hours ago,UA132,Boeing 737 Max 8,HNL,MAJ,PZ7
2026-11-25,3 days ago,UA945,Boeing 787-10 Dreamliner,FRA,ORD,PZ1
2026-05-25,4 days ago,UA2232,Boeing 737-900,ORD,MSP,PZ5
2026-05-21,3 days ago,UA1058,Boeing 737 MAX 9,CUN,IAH,PZ6
2026-05-15,3 days ago,UA5890,Bombardier CRJ550,ORD,DTW,PZ2
2026-05-15,3 days ago,UA5597,Embraer E175,ORD,DTW,PZ4
2026-05-15,3 days ago,UA6049,Embraer E175,ORD,DTW,PZ5
2026-05-13,22 hours ago,UA6251,Embraer E175,DTW,IAH,PZ2
2026-05-30,1 day ago,UA380,Boeing 767-300,EWR,BRI,PZ9
2026-09-09,22 hours ago,UA1789,Boeing 737 MAX 8,RDU,IAD,PZ1
2026-09-12,1 day ago,UA5487,Embraer E175,DEN,ABQ,PZ2
2026-05-18,1 day ago,UA780,Boeing 737 MAX 8,PDX,IAH,PZ1
2026-05-19,1 day ago,UA780,Boeing 737 MAX 9,PDX,IAH,PZ2
2026-06-06,16 hours ago,UA2438,Boeing 737 MAX 9,EWR,IAH,PZ3
2026-05-20,1 day ago,UA780,Boeing 737 MAX 9,PDX,IAH,PZ1
2026-08-10,1 day ago,UA4760,Embraer E175,DEN,ABQ,PZ1
2026-12-29,22 hours ago,UA904,Boeing 777-200,EWR,LHR,PZ2
2026-06-02,4 days ago,UA2035,Airbus A321neo,IAD,DEN,PZ1
2026-07-01,22 hours ago,UA4383,Bombardier CRJ550,ATW,ORD,PZ2
2026-07-01,22 hours ago,UA4190,Bombardier CRJ550,ATW,ORD,PZ2
2026-05-08,22 hours ago,UA2379,Boeing 737 MAX 9,SEA,IAH,PZ2
2026-05-27,22 hours ago,UA2748,Boeing 737 MAX 8,SEA,IAH,PZ1
2026-07-19,3 days ago,UA797,Boeing 737 MAX 8,LAX,SJD,PZ6
2026-09-07,22 hours ago,UA1939,Boeing 737 MAX 9,PDX,SFO,PZ1
2026-06-11,1 day ago,UA2239,Boeing 737-900,DEN,DFW,PZ5
2026-05-09,4 hours ago,UA1894,Boeing 737-900,DEN,MSN,PZ6
2026-07-25,10 hours ago,UA1550,Boeing 737-900,LAX,SEA,PZ4
2026-05-17,1 day ago,UA4805,Embraer E175,SFO,SLC,PZ1
2026-05-11,9 hours ago,UA686,Boeing 737-800,LGA,ORD,PZ1
2026-05-10,3 days ago,UA211,Boeing 737-800,LGA,ORD,PZ1
2026-05-09,3 hours ago,UA2400,Boeing 737 MAX 9,SFO,LAS,PZ4
2026-07-05,13 hours ago,UA6290,Embraer E175,XNA,IAH,PZ1
2026-08-15,4 hours ago,UA123,Boeing 787-9 Dreamliner,LHR,EWR,PZ9
2026-09-02,3 days ago,UA200,Boeing 777-300ER,GUM,HNL,PZ4
2026-05-15,1 day ago,UA2318,Boeing 737-900,SMF,LAX,PZ1
2026-05-19,1 day ago,UA412,Airbus A319,SFO,MEX,PZ4
2026-08-14,1 day ago,UA659,Boeing 737 MAX 8,LAX,RNO,PZ1
2026-07-29,10 hours ago,UA4731,Bombardier CRJ550,DEN,SAF,PZ1
2026-06-08,3 days ago,UA1228,Boeing 737-800,DFW,ORD,PZ4
2026-05-15,4 days ago,UA1504,Boeing 737-900,ORD,MIA,PZ3
2026-11-08,10 hours ago,UA4731,Embraer E175,DEN,SAF,PZ1
2026-10-03,10 hours ago,UA4731,Bombardier CRJ550,DEN,SAF,PZ2
2027-01-02,2 days ago,UA4654,Embraer E175,ORD,ECP,PZ2
2026-07-28,23 hours ago,UA2471,Boeing 737-900,IAD,DFW,PZ3
2026-11-16,13 hours ago,UA6169,Embraer E175,IAH,XNA,PZ1
2026-06-05,23 hours ago,UA153,Boeing 787-9 Dreamliner,SGN,HKG,PZ9
2026-05-09,1 day ago,UA1936,Boeing 737-900,ONT,IAH,PZ3
2026-06-03,1 day ago,UA1253,Airbus A321neo,DEN,IAH,PZ3
2026-08-07,5 hours ago,UA5591,Embraer E175,ORD,YYZ,PZ9
2026-08-04,1 day ago,UA1649,Boeing 737-800,ORD,YYZ,PZ3
2026-08-11,3 days ago,UA941,Boeing 767-300,LHR,EWR,PZ9
2026-05-21,3 days ago,UA3673,Embraer E175,PIT,EWR,PZ3
2026-05-24,5 hours ago,UA3672,Embraer E175,EWR,DTW,PZ4
2026-08-15,2 days ago,UA1265,Boeing 737 MAX 9,SEA,ORD,PZ2
2026-05-27,1 day ago,UA3412,Embraer E175,EWR,DTW,PZ1
2026-09-15,1 day ago,UA5988,Embraer E175,ABQ,DEN,PZ2
2026-08-26,1 day ago,UA5988,Embraer E175,ABQ,DEN,PZ1
2026-07-14,1 day ago,UA4652,Embraer E175,ABQ,DEN,PZ1
2026-05-22,23 hours ago,UA4470,Bombardier CRJ550,EWR,GSO,PZ2
2026-05-22,4 hours ago,UA3562,Embraer E175,EWR,MKE,PZ2
2026-05-17,1 day ago,UA5073,Bombardier CRJ550,IAH,VCT,PZ8
2026-05-17,1 day ago,UA6288,Embraer E175,IAH,MLM,PZ9
2026-08-04,1 day ago,UA4652,Embraer E175,ABQ,DEN,PZ2
2026-09-15,23 hours ago,UA5426,Embraer E175,LAX,MCI,PZ2
2026-07-04,1 day ago,UA5780,Embraer E175,MEM,ORD,PZ2
2026-05-09,4 days ago,UA451,Boeing 737-700,ORD,CMH,PZ1
2026-11-12,1 day ago,UA5988,Embraer E175,ABQ,DEN,PZ1
2026-07-16,3 days ago,UA3472,Embraer E175,EWR,CVG,PZ1
2026-06-09,1 day ago,UA5336,Bombardier CRJ550,MEM,ORD,PZ2
2026-07-16,3 days ago,UA4430,Bombardier CRJ550,DCA,EWR,PZ1
2026-06-16,1 day ago,UA4172,Bombardier CRJ550,EWR,DCA,PZ2
2026-06-16,1 day ago,UA4457,Bombardier CRJ550,EWR,DCA,PZ1
2026-05-08,23 hours ago,UA641,Airbus A319,ATL,IAD,PZ4
2026-09-21,1 day ago,UA5988,Embraer E175,ABQ,DEN,PZ1
2026-05-12,23 hours ago,UA1831,Boeing 737-800,ATL,IAD,PZ3
2026-06-22,16 hours ago,UA873,Boeing 737-800,GUM,NRT,PZ3
2026-10-24,3 days ago,UA2470,Boeing 737 MAX 8,DEN,MSP,PZ3
2026-05-10,1 day ago,UA1085,Airbus A319,MEX,IAH,PZ2
2026-10-24,1 day ago,UA5988,Embraer E175,ABQ,DEN,PZ1
2026-05-18,1 day ago,UA1020,Boeing 737 MAX 9,IAH,CUN,PZ9
2026-06-06,3 days ago,UA1501,Boeing 737-900,TPA,EWR,PZ3
2026-07-29,1 day ago,UA4652,Embraer E175,ABQ,DEN,PZ2
2026-12-21,22 hours ago,UA5406,Embraer E175,ZIH,IAH,PZ2
2026-05-13,3 days ago,UA3477,Embraer E175,EWR,PIT,PZ4
2026-11-10,1 day ago,UA5988,Embraer E175,ABQ,DEN,PZ1
2026-07-23,1 day ago,UA5988,Embraer E175,ABQ,DEN,PZ1
2026-11-11,1 day ago,UA5988,Embraer E175,ABQ,DEN,PZ1
2026-07-04,22 hours ago,UA3683,Embraer E175,EWR,IND,PZ2
2026-09-16,23 hours ago,UA4618,Bombardier CRJ550,ORD,ROA,PZ2
2026-11-01,1 day ago,UA5988,Embraer E175,ABQ,DEN,PZ1
2026-05-30,1 day ago,UA1035,Airbus A319,SJC,DEN,PZ2
2026-05-15,2 days ago,UA1342,Boeing 737 MAX 8,EWR,PWM,PZ2
2026-05-25,3 days ago,UA307,Boeing 737 MAX 9,MSP,ORD,PZ2
2026-06-27,3 days ago,UA425,Boeing 737 MAX 9,ORD,ATL,PZ3
2027-01-12,1 day ago,UA5487,Embraer E175,DEN,ABQ,PZ2
2026-09-10,11 hours ago,UA1980,Boeing 737-800,SFO,SAN,PZ1
2026-05-19,3 days ago,UA3666,Embraer E175,PWM,EWR,PZ5
2026-05-21,3 days ago,UA3655,Embraer E175,PWM,EWR,PZ5
2026-12-25,22 hours ago,UA5406,Embraer E175,ZIH,IAH,PZ2
2026-10-04,1 day ago,UA5487,Embraer E175,DEN,ABQ,PZ1
2026-09-22,1 day ago,UA5487,Embraer E175,DEN,ABQ,PZ2
2026-05-30,1 day ago,UA1610,Airbus A321neo,EWR,ORD,PZ1
2026-05-16,4 days ago,UA1309,Boeing 737-900,EWR,TPA,PZ4
2026-07-21,22 hours ago,UA2666,Boeing 737 MAX 9,ORD,DEN,PZ1
2026-05-15,1 day ago,UA3528,Embraer E175,PWM,EWR,PZ5
2026-07-31,1 day ago,UA691,Boeing 737-800,DEN,ABQ,PZ1
2026-06-16,3 hours ago,UA3450,Embraer E175,CLT,EWR,PZ1
2026-05-24,1 day ago,UA4667,Embraer E175,BGR,ORD,PZ3
2026-08-05,1 day ago,UA691,Boeing 737-800,DEN,ABQ,PZ1
2026-10-11,22 hours ago,UA1050,Boeing 737 MAX 8,MFR,SFO,PZ1
2026-10-01,1 day ago,UA5487,Embraer E175,DEN,ABQ,PZ1
2026-10-11,22 hours ago,UA5305,Embraer E175,ACV,SFO,PZ1
2026-06-28,1 day ago,UA2114,Boeing 737 MAX 9,DFW,IAH,PZ1
2026-09-03,22 hours ago,UA469,Airbus A320,SFO,ACV,PZ1
2026-09-03,22 hours ago,UA4695,Embraer E175,SFO,ACV,PZ1
2026-09-03,22 hours ago,UA5480,Embraer E175,SFO,ACV,PZ1
2026-09-03,22 hours ago,UA4708,Embraer E175,SFO,ACV,PZ1
2026-11-14,1 day ago,UA5487,Embraer E175,DEN,ABQ,PZ1
2026-05-12,2 days ago,UA1185,Boeing 737-800,LAX,SJD,PZ2
2027-03-25,22 hours ago,UA951,Boeing 777-300ER,BRU,IAD,PZ3
2026-09-01,22 hours ago,UA2651,Boeing 737 MAX 8,DEN,SEA,PZ1
2026-08-23,22 hours ago,UA1194,Boeing 737 MAX 9,IAD,SAL,PZ7
2026-06-09,3 days ago,UA3645,Embraer E175,IND,EWR,PZ2
2026-06-12,22 hours ago,UA849,Boeing 737-800,GUM,HND,PZ2
2027-02-16,3 days ago,UA1014,Boeing 737-900,IAH,CUN,PZ2
2026-11-20,3 days ago,UA1248,Boeing 737-900,CUN,IAH,PZ4
2026-05-22,4 hours ago,UA1894,Boeing 737 MAX 9,DEN,MSN,PZ7
2026-05-12,9 hours ago,UA5349,Embraer E175,LAX,SMF,PZ7
2026-05-24,21 hours ago,UA71,Boeing 777-200,AMS,EWR,PZ9
2026-07-12,3 days ago,UA1692,Boeing 737-900,SEA,LAX,PZ1
2026-06-19,3 days ago,UA3473,Embraer E175,EWR,CVG,PZ1
2026-08-09,1 day ago,UA2238,Boeing 737 MAX 9,LAX,RNO,PZ1
2026-05-16,3 days ago,UA3430,Embraer E175,CMH,IAD,PZ1
2026-05-13,1 day ago,UA1949,Airbus A320,LAX,SMF,PZ1
2026-05-13,1 day ago,UA4170,Bombardier CRJ550,CID,ORD,PZ1
2026-12-21,22 hours ago,UA5220,Embraer E175,SFO,SMF,PZ1
2026-05-18,3 days ago,UA1991,Boeing 737 MAX 9,EWR,RSW,PZ1
2026-05-18,3 days ago,UA435,Boeing 737 MAX 9,EWR,RSW,PZ1
2026-05-07,21 hours ago,UA5753,Embraer E175,SFO,SLC,PZ5
2026-05-08,21 hours ago,UA5590,Embraer E175,SFO,SLC,PZ5
2026-05-08,21 hours ago,UA5753,Embraer E175,SFO,SLC,PZ7
2026-05-09,21 hours ago,UA4802,Embraer E175,SFO,SLC,PZ3
2026-06-08,3 days ago,UA2114,Boeing 737 MAX 9,DFW,IAH,PZ4
2026-09-29,4 days ago,UA2316,Boeing 737-900,DEN,LAS,PZ1
2026-10-12,10 hours ago,UA4731,Bombardier CRJ550,DEN,SAF,PZ1
2026-06-04,3 days ago,UA2226,Boeing 737-900,MSP,ORD,PZ3
2026-06-09,3 days ago,UA2160,Boeing 737-800,DFW,ORD,PZ1
2026-06-28,21 hours ago,UA1321,Boeing 737-800,SFO,BUR,PZ1
2026-06-27,7 hours ago,UA1695,Boeing 737-900,DFW,ORD,PZ4
2026-06-27,7 hours ago,UA1517,Airbus A319,DFW,ORD,PZ2
2026-07-03,4 days ago,UA2786,Boeing 737-800,GEG,DEN,PZ2
2026-06-22,3 days ago,UA1228,Boeing 737-800,DFW,ORD,PZ2
2026-05-19,1 day ago,UA5590,Embraer E175,SFO,SLC,PZ1
2026-05-18,1 day ago,UA2384,Boeing 737 MAX 9,SFO,PDX,PZ6
2026-06-24,1 day ago,UA1720,Airbus A320,RAP,DEN,PZ1
2026-05-26,3 days ago,UA4413,Bombardier CRJ550,CHA,EWR,PZ1
2026-05-26,2 days ago,UA3482,Embraer E175,MSN,EWR,PZ2
2027-02-02,3 days ago,UA193,Boeing 737 MAX 8,GUM,ROR,PZ1
2026-06-26,3 days ago,UA5937,Embraer E175,MTJ,ORD,PZ1
2027-01-26,3 days ago,UA193,Boeing 737 MAX 8,GUM,ROR,PZ1
2027-01-27,3 days ago,UA157,Boeing 737 MAX 8,GUM,ROR,PZ1
2027-01-24,3 days ago,UA157,Boeing 737 MAX 8,GUM,ROR,PZ1
2026-11-21,10 hours ago,UA4731,Embraer E175,DEN,SAF,PZ2
2027-01-28,3 days ago,UA132,Boeing 737 MAX 8,KWA,PNI,PZ8
2027-01-27,3 days ago,UA133,Boeing 737 MAX 8,TKK,PNI,PZ9
2027-02-04,3 days ago,UA132,Boeing 737 MAX 8,KWA,PNI,PZ8
2027-01-25,3 days ago,UA155,Boeing 737 MAX 8,TKK,PNI,PZ3
2027-01-26,3 days ago,UA154,Boeing 737 MAX 8,MAJ,PNI,PZ2
2027-01-26,3 days ago,UA154,Boeing 737 MAX 8,KWA,PNI,PZ5
2027-01-24,3 days ago,UA132,Boeing 737 MAX 8,MAJ,PNI,PZ6
2027-01-22,3 days ago,UA154,Boeing 737 MAX 8,KWA,PNI,PZ5
2027-01-21,3 days ago,UA132,Boeing 737 MAX 8,KWA,PNI,PZ8
2027-01-21,3 days ago,UA155,Boeing 737 MAX 8,TKK,PNI,PZ5
2027-01-22,3 days ago,UA154,Boeing 737 MAX 8,MAJ,PNI,PZ1
2026-05-09,5 hours ago,UA3401,Embraer E175,DTW,ORD,PZ5
2026-06-09,23 hours ago,UA1414,Airbus A321neo,BOS,ORD,PZ1
2026-05-29,23 hours ago,UA4064,Embraer E175,IAH,DTW,PZ1
2026-08-22,1 day ago,UA6362,Embraer E175,DTW,IAD,PZ1
2026-05-21,23 hours ago,UA1724,Boeing 737 MAX 9,KOA,SFO,PZ2
2026-06-16,1 day ago,UA1904,Boeing 737-900,EWR,TPA,PZ3
2026-05-20,23 hours ago,UA4064,Embraer E175,IAH,DTW,PZ1
2026-10-17,2 days ago,UA3422,Embraer E175,SDF,ORD,PZ1
2026-06-10,2 hours ago,UA1032,Boeing 737-900,DFW,EWR,PZ4
2026-08-05,4 hours ago,UA3598,Embraer E175,ORD,SDF,PZ2
2026-06-28,1 day ago,UA4654,Embraer E175,ORD,ECP,PZ1
2027-01-21,3 days ago,UA1059,Boeing 737-900,CUN,IAH,PZ3
2027-01-21,3 days ago,UA1019,Boeing 737-900,CUN,IAH,PZ3
2026-05-23,9 hours ago,UA406,Boeing 737 MAX 8,LAS,EWR,PZ4
2026-08-04,1 day ago,UA5591,Embraer E175,ORD,YYZ,PZ4
2026-11-17,13 hours ago,UA6308,Embraer E175,IAH,XNA,PZ2
2026-08-15,19 hours ago,UA5307,Embraer E175,FAT,LAX,PZ2
2026-05-06,3 days ago,UA2232,Boeing 737-900,ORD,MSP,PZ9
2026-05-16,1 day ago,UA3410,Embraer E175,ORD,SDF,PZ5
2026-05-16,1 day ago,UA3598,Embraer E175,ORD,SDF,PZ4
2026-05-16,1 day ago,UA3605,Embraer E175,ORD,SDF,PZ4
2026-05-16,1 day ago,UA6019,Bombardier CRJ550,ORD,SDF,PZ4
2026-08-01,3 days ago,UA1503,Boeing 737 MAX 9,SEA,ORD,PZ2
2026-09-28,1 day ago,UA5988,Embraer E175,ABQ,DEN,PZ1
2026-05-09,1 day ago,UA3598,Embraer E175,ORD,SDF,PZ5
2026-05-21,23 hours ago,UA263,Boeing 787-9 Dreamliner,LHR,DEN,PZ9
2026-05-18,1 day ago,UA5576,Embraer E175,RAP,DEN,PZ4
2026-05-14,1 day ago,UA5249,Bombardier CRJ550,ORD,SDF,PZ3
2026-08-20,23 hours ago,UA957,Boeing 767-300,GVA,EWR,PZ9
2026-05-23,23 hours ago,UA1568,Boeing 737-900,ORD,ROC,PZ7
2026-05-23,23 hours ago,UA3629,Embraer E175,ORD,ROC,PZ1
2026-12-05,1 day ago,UA725,Airbus A319,ABQ,DEN,PZ1
2026-05-22,23 hours ago,UA6242,Embraer E175,LGA,IAD,PZ2
2026-07-07,1 day ago,UA3474,Embraer E175,BGR,EWR,PZ2
2026-05-31,1 day ago,UA569,Boeing 737 MAX 9,EWR,BQN,PZ1
2026-05-07,23 hours ago,UA351,Boeing 757-200W,AGP,EWR,PZ5
2026-05-07,23 hours ago,UA22,Boeing 777-222B,DUB,EWR,PZ9
2026-05-09,4 days ago,UA4633,Embraer E175,ABQ,DEN,PZ6
2026-06-30,3 days ago,UA1155,Boeing 737 MAX 9,EWR,AUS,PZ1
2026-06-03,2 days ago,UA2805,Airbus A320,ORD,MSP,PZ1
2026-07-16,3 days ago,UA4586,Bombardier CRJ550,EWR,ROC,PZ1
2026-07-16,3 days ago,UA4471,Bombardier CRJ550,IAD,ROC,PZ1
2026-07-16,3 days ago,UA4615,Bombardier CRJ550,IAD,ROC,PZ1
2026-07-22,1 day ago,UA725,Boeing 737-800,ABQ,DEN,PZ3
2026-06-17,22 hours ago,UA1533,Boeing 737 MAX 8,MGA,IAH,PZ6
2026-12-01,1 day ago,UA5988,Embraer E175,ABQ,DEN,PZ1
2026-07-08,1 day ago,UA4652,Embraer E175,ABQ,DEN,PZ2
2026-05-09,4 days ago,UA3614,Embraer E175,ORD,CMH,PZ4
2026-12-21,22 hours ago,UA552,Boeing 737 MAX 9,SFO,ONT,PZ2
2026-05-07,2 hours ago,UA5988,Embraer E175,ABQ,DEN,PZ5
2026-10-05,1 day ago,UA5988,Embraer E175,ABQ,DEN,PZ1
2026-07-15,1 day ago,UA4659,Embraer E175,ABQ,DEN,PZ1
2026-05-17,1 day ago,UA4559,Bombardier CRJ550,SDF,ORD,PZ3
2026-07-11,1 day ago,UA4652,Embraer E175,ABQ,DEN,PZ2
2026-08-29,1 day ago,UA3408,Embraer E175,EWR,BGR,PZ2
2026-06-28,1 day ago,UA1955,Airbus A320,ATL,ORD,PZ1
2026-06-07,1 day ago,UA3627,Embraer E175,EWR,PWM,PZ1
2026-07-21,1 day ago,UA4761,Embraer E175,DEN,ABQ,PZ1
2026-05-06,1 day ago,UA3569,Embraer E175,GSP,EWR,PZ5
2026-05-14,22 hours ago,UA5547,Embraer E175,LAX,PHX,PZ2
2026-05-14,22 hours ago,UA4775,Embraer E175,LAX,PHX,PZ1
2026-05-17,2 days ago,UA1338,Airbus A321neo,IAH,ORD,PZ1
2026-05-13,1 day ago,UA2334,Boeing 737 MAX 9,PDX,DEN,PZ4
2026-05-11,22 hours ago,UA1730,Boeing 737-900,SEA,LAX,PZ7
2026-05-11,22 hours ago,UA5657,Embraer E175,SEA,LAX,PZ3
2026-05-21,3 hours ago,UA1650,Boeing 737 MAX 9,AUA,ORD,PZ9
2026-05-23,17 hours ago,UA2075,Boeing 737 MAX 9,IAD,SFO,PZ1
2026-08-04,1 day ago,UA5487,Embraer E175,DEN,ABQ,PZ2
2026-11-07,4 days ago,UA785,Boeing 737-700,ATL,ORD,PZ2
2026-09-26,1 day ago,UA5487,Embraer E175,DEN,ABQ,PZ2
2026-08-24,3 days ago,UA3591,Embraer E175,PIT,ORD,PZ1
2026-06-28,4 days ago,UA382,Boeing 737-700,ORD,DCA,PZ1
2026-10-21,1 day ago,UA5487,Embraer E175,DEN,ABQ,PZ1
2026-05-16,22 hours ago,UA1798,Boeing 737-700,DTW,IAH,PZ1
2026-12-05,1 day ago,UA5487,Embraer E175,DEN,ABQ,PZ1
2026-09-07,22 hours ago,UA1649,Airbus A320,MCI,SFO,PZ1
2026-11-17,1 day ago,UA5487,Embraer E175,DEN,ABQ,PZ1
2026-07-05,3 days ago,UA2232,Boeing 737-900,ORD,MSP,PZ2
2026-07-05,3 days ago,UA1131,Boeing 737-900,ORD,MSP,PZ1
2026-07-02,22 hours ago,UA4391,Bombardier CRJ550,ATW,ORD,PZ1
2026-05-09,1 day ago,UA2148,Boeing 737-700,DCA,ORD,PZ4
2026-06-20,22 hours ago,UA488,Boeing 737 MAX 8,BUR,SFO,PZ2
2026-06-19,3 days ago,UA2148,Boeing 737 MAX 8,ORD,CVG,PZ1
2026-06-19,3 days ago,UA2465,Airbus A319,ORD,CVG,PZ1
2026-05-18,2 days ago,UA3567,Embraer E175,IND,EWR,PZ3
2026-05-19,5 hours ago,UA4807,Bombardier CRJ550,MAF,DEN,PZ2
2026-05-05,2 days ago,UA3567,Embraer E175,IND,EWR,PZ2
2026-05-10,1 day ago,UA3446,Embraer E175,EWR,IND,PZ3
2026-05-20,3 days ago,UA3430,Embraer E175,CMH,IAD,PZ3
2026-05-15,2 days ago,UA3714,Embraer E175,EWR,SDF,PZ4
2026-07-14,21 hours ago,UA5430,Embraer E175,SFO,SLC,PZ2
2026-05-13,16 hours ago,UA283,Boeing 737-900,BOS,ORD,PZ1
2026-05-10,21 hours ago,UA4763,Embraer E175,SLC,SFO,PZ3
2026-07-06,4 days ago,UA2786,Boeing 737-800,GEG,DEN,PZ1
2026-05-12,21 hours ago,UA5970,Embraer E175,SLC,SFO,PZ7
2026-05-12,21 hours ago,UA5732,Embraer E175,SLC,SFO,PZ1
2026-05-11,21 hours ago,UA5457,Embraer E175,SLC,SFO,PZ3
2026-08-27,3 days ago,UA947,Boeing 767-300,AMS,IAD,PZ9
2026-06-04,3 days ago,UA4021,Embraer E175,MSP,IAH,PZ2
2026-08-12,4 days ago,UA624,Boeing 737 MAX 8,DEN,LAS,PZ1
2026-06-06,3 days ago,UA1695,Boeing 737-900,DFW,ORD,PZ4
2026-06-17,10 hours ago,UA5680,Embraer E175,ORD,BGR,PZ2
2026-06-14,3 days ago,UA1228,Boeing 737-800,DFW,ORD,PZ4
2026-06-14,3 days ago,UA1517,Airbus A319,DFW,ORD,PZ1
2026-05-20,21 hours ago,UA3461,Embraer E175,PIT,ORD,PZ4
2026-10-19,10 hours ago,UA4731,Bombardier CRJ550,DEN,SAF,PZ1
2026-11-02,10 hours ago,UA4731,Embraer E175,DEN,SAF,PZ1
2027-02-03,3 days ago,UA157,Boeing 737 MAX 8,GUM,ROR,PZ1
2027-02-02,3 days ago,UA185,Boeing 737 MAX 8,GUM,YAP,PZ1
2026-06-23,3 days ago,UA2247,Boeing 737-900,ORD,YYZ,PZ1
2026-09-05,3 days ago,UA3476,Embraer E175,RIC,EWR,PZ1
2026-08-25,6 hours ago,UA3656,Embraer E175,LGA,IAD,PZ1
2026-06-19,4 hours ago,UA4792,Bombardier CRJ550,ORD,SCE,PZ1
2026-09-09,3 days ago,UA3619,Embraer E175,EWR,RIC,PZ2
2026-05-05,21 hours ago,UA1784,Boeing 737-900ER,EWR,IAD,PZ7
2027-02-03,4 days ago,UA947,Boeing 767-300,AMS,IAD,PZ1
2026-07-14,1 day ago,UA3594,Embraer E175,SDF,EWR,PZ2
2026-05-27,3 days ago,UA2275,Boeing 737-800,LGA,ORD,PZ2
2026-05-05,3 days ago,UA3488,Embraer E175,DCA,ORD,PZ1
2026-05-22,23 hours ago,UA5919,Embraer E175,ORD,ROC,PZ2
2026-06-30,3 days ago,UA3472,Embraer E175,EWR,CVG,PZ2
2026-07-24,20 hours ago,UA151,Boeing 737-800,GUM,KIX,PZ3
2026-07-10,20 hours ago,UA151,Boeing 737-800,GUM,KIX,PZ5
2026-06-29,3 days ago,UA1603,Boeing 737 MAX 9,LAX,LAS,PZ2
2026-06-23,3 days ago,UA1367,Boeing 737-800,LAX,LAS,PZ2
2026-05-29,1 day ago,UA1709,Boeing 737 MAX 9,BNA,IAD,PZ3
2026-12-26,20 hours ago,UA945,Boeing 787-10 Dreamliner,FRA,ORD,PZ4
2026-05-19,2 days ago,UA21,Boeing 767-300,AMS,IAH,PZ9
2026-06-20,1 day ago,UA1767,Boeing 737 MAX 9,RAP,DEN,PZ3
2027-01-24,3 days ago,UA132,Boeing 737 MAX 8,PNI,TKK,PZ1
2027-01-21,3 days ago,UA132,Boeing 737 MAX 8,PNI,TKK,PZ6
2027-01-22,3 days ago,UA154,Boeing 737 MAX 8,PNI,TKK,PZ5
2027-01-25,3 days ago,UA176,Boeing 737 MAX 8,PNI,TKK,PZ9
2026-05-09,1 day ago,UA1592,Airbus A320,LGA,ORD,PZ1
2026-06-03,1 day ago,UA4174,Bombardier CRJ550,DCA,EWR,PZ1
2026-05-15,1 day ago,UA4616,Bombardier CRJ550,ORD,SDF,PZ1
2026-05-20,1 day ago,UA4408,Bombardier CRJ550,DCA,EWR,PZ3
2026-05-15,1 day ago,UA150,Boeing 737-800,KIX,GUM,PZ8
2026-07-01,1 day ago,UA1789,Boeing 737 MAX 8,IAD,SAT,PZ3
2026-07-27,2 days ago,UA2037,Boeing 737-700,MTY,IAH,PZ1
2026-05-19,20 hours ago,UA1206,Boeing 737 MAX 9,TPA,ORD,PZ2
2026-06-06,1 day ago,UA4181,Bombardier CRJ550,EWR,DCA,PZ1
2026-05-19,1 day ago,UA4486,Bombardier CRJ550,EWR,DCA,PZ1
2026-05-29,3 hours ago,UA1048,Boeing 737-800,CLT,ORD,PZ3
2026-05-29,3 days ago,UA3681,Embraer E175,GSO,EWR,PZ3
2026-06-08,4 days ago,UA718,Airbus A320,MEX,SFO,PZ3
2026-05-10,21 hours ago,UA5732,Embraer E175,SLC,SFO,PZ2
2026-05-12,2 days ago,UA5644,Embraer E175,SFO,BOI,PZ2
2026-05-10,3 hours ago,UA5288,Embraer E175,TUL,ORD,PZ4
2026-11-29,19 hours ago,UA209,Boeing 737 MAX 8,IAH,BOG,PZ2
2026-07-14,3 days ago,UA1831,Airbus A319,ATL,IAD,PZ2
2026-06-16,4 hours ago,UA3697,Embraer E175,EWR,MKE,PZ1
2026-06-08,1 day ago,UA1867,Boeing 737-800,CZM,IAH,PZ1
2026-05-17,1 day ago,UA3546,Embraer E175,SDF,ORD,PZ2
2026-06-19,9 hours ago,UA1600,Boeing 737-800,IAH,TQO,PZ1
2026-09-16,23 hours ago,UA5337,Embraer E175,ORD,ROA,PZ2
2026-07-04,2 days ago,UA2037,Boeing 737-700,MTY,IAH,PZ1
2026-05-31,1 day ago,UA5405,Embraer E175,SFO,SLC,PZ1
2027-03-23,19 hours ago,UA5446,Embraer E175,SFO,SBP,PZ2
2027-03-22,19 hours ago,UA2866,Boeing 737-800,SFO,SBA,PZ1
2026-09-30,4 days ago,UA5589,Bombardier CRJ550,ORD,HSV,PZ1
2026-06-12,4 hours ago,UA3470,Embraer E175,MKE,EWR,PZ1
2026-08-15,19 hours ago,UA1745,Boeing 737-800,PHX,DEN,PZ1
2026-05-08,4 hours ago,UA5850,Embraer E175,DEN,TUL,PZ2
2026-07-13,19 hours ago,UA5309,Embraer E175,MCI,ORD,PZ1
2026-12-06,3 days ago,UA1020,Boeing 737-900,IAH,CUN,PZ3
2026-06-17,2 days ago,UA2053,Airbus A319,ATL,EWR,PZ2
2026-11-17,1 day ago,UA1114,Boeing 737-900,IAH,CUN,PZ2
2026-08-15,3 days ago,UA319,Boeing 737 MAX 9,IAD,LAX,PZ1
2026-06-23,4 hours ago,UA1997,Boeing 737 MAX 8,IAD,EWR,PZ1
2026-06-03,1 day ago,UA6267,Embraer E175,IAH,TAM,PZ3
2026-07-14,18 hours ago,UA3665,Embraer E175,EWR,PWM,PZ2
2026-05-08,4 days ago,UA5988,Embraer E175,ABQ,DEN,PZ4
2026-05-09,1 day ago,UA589,Boeing 737-800,SFO,SNA,PZ7
2026-08-18,13 hours ago,UA4513,Bombardier CRJ550,XNA,IAH,PZ1
2026-06-24,1 day ago,UA5805,Bombardier CRJ550,RAP,DEN,PZ1
2026-05-23,3 days ago,UA5937,Embraer E175,MTJ,ORD,PZ1
2026-05-06,4 days ago,UA1591,Boeing 737 MAX 9,IAH,ATL,PZ8
2026-06-15,13 hours ago,UA684,Boeing 737 MAX 8,LAX,SEA,PZ1
2026-05-26,1 day ago,UA4430,Bombardier CRJ550,DCA,EWR,PZ2
2026-05-26,1 day ago,UA4184,Bombardier CRJ550,DCA,EWR,PZ1
2026-05-26,1 day ago,UA4174,Bombardier CRJ550,DCA,EWR,PZ2
2026-05-26,1 day ago,UA4180,Bombardier CRJ550,DCA,EWR,PZ1
2026-12-20,2 days ago,UA5796,Embraer E175,SFO,SMF,PZ1
2026-06-05,3 days ago,UA5371,Embraer E175,IAH,TUL,PZ1
2026-06-05,3 days ago,UA4066,Embraer E175,IAH,TUL,PZ2
2026-06-08,3 days ago,UA5905,Embraer E175,ORD,MTJ,PZ1
2026-09-07,3 days ago,UA3476,Embraer E175,RIC,EWR,PZ1
2027-02-03,3 days ago,UA133,Boeing 737 MAX 8,TKK,PNI,PZ7
2027-02-02,3 days ago,UA154,Boeing 737 MAX 8,KWA,PNI,PZ1
2027-02-01,3 days ago,UA155,Boeing 737 MAX 8,TKK,PNI,PZ5
2026-05-07,2 days ago,UA4420,Bombardier CRJ550,SCE,ORD,PZ1
2027-01-31,3 days ago,UA132,Boeing 737 MAX 8,MAJ,PNI,PZ7
2027-01-30,3 days ago,UA133,Boeing 737 MAX 8,TKK,PNI,PZ7
2027-01-29,3 days ago,UA154,Boeing 737 MAX 8,KWA,PNI,PZ3
2027-02-04,3 days ago,UA132,Boeing 737 MAX 8,MAJ,PNI,PZ1
2027-02-04,3 days ago,UA155,Boeing 737 MAX 8,TKK,PNI,PZ5
2026-08-07,1 day ago,UA2238,Boeing 737 MAX 8,LAX,RNO,PZ1
2026-06-21,4 hours ago,UA5823,Bombardier CRJ550,ORD,SCE,PZ1
2026-05-14,13 hours ago,UA3496,Embraer E175,EWR,PWM,PZ5
2026-05-31,4 hours ago,UA4491,Bombardier CRJ550,EWR,ACK,PZ2
2026-05-25,3 days ago,UA3718,Embraer E175,GRR,EWR,PZ1
2026-06-09,1 day ago,UA5410,Embraer E175,LAX,RNO,PZ1
2026-07-18,3 days ago,UA1190,Boeing 737-900,EWR,MCO,PZ2
2026-07-29,1 day ago,UA1239,Boeing 737-800,ATL,ORD,PZ3
2027-03-08,3 days ago,UA3525,Embraer E175,EWR,BUF,PZ1
2027-03-08,3 days ago,UA3607,Embraer E175,EWR,BUF,PZ1
2026-07-21,20 hours ago,UA150,Boeing 737-800,KIX,GUM,PZ3
2026-07-11,20 hours ago,UA150,Boeing 737-800,KIX,GUM,PZ5
2026-07-12,20 hours ago,UA151,Boeing 737-800,GUM,KIX,PZ3
2026-08-15,3 hours ago,UA6148,Embraer E175,IAH,RDU,PZ2
2026-06-30,3 days ago,UA2741,Boeing 737-900,LAX,LAS,PZ3
2026-10-03,20 hours ago,UA1367,Boeing 737 MAX 8,SFO,BUR,PZ2
2027-02-02,3 days ago,UA154,Boeing 737 MAX 8,PNI,TKK,PZ4
2027-02-01,3 days ago,UA176,Boeing 737 MAX 8,PNI,TKK,PZ8
2027-01-28,3 days ago,UA132,Boeing 737 MAX 8,PNI,TKK,PZ7
2027-01-31,3 days ago,UA132,Boeing 737 MAX 8,PNI,TKK,PZ8
2027-01-29,3 days ago,UA154,Boeing 737 MAX 8,PNI,TKK,PZ3
2027-02-04,3 days ago,UA132,Boeing 737 MAX 8,PNI,TKK,PZ5
2027-01-26,3 days ago,UA154,Boeing 737 MAX 8,PNI,TKK,PZ8
2026-05-30,1 day ago,UA4560,Bombardier CRJ550,DCA,EWR,PZ1
2026-07-07,3 days ago,UA2812,Boeing 737-800,IAH,TPA,PZ2
2026-07-04,3 days ago,UA1501,Boeing 737-800,IAH,TPA,PZ1
2026-05-25,23 hours ago,UA4520,Bombardier CRJ550,ROC,EWR,PZ3
2026-06-16,20 hours ago,UA2179,Boeing 737-900,SFO,LAX,PZ6
2026-06-09,20 hours ago,UA2179,Boeing 737-900,SFO,LAX,PZ5
2026-05-27,20 hours ago,UA1896,Boeing 737-800,SFO,LAX,PZ1
2026-07-04,3 days ago,UA2491,Boeing 737 MAX 9,TPA,IAH,PZ1
2026-05-26,20 hours ago,UA2409,Boeing 737 MAX 9,SFO,LAX,PZ4
2026-06-08,20 hours ago,UA2850,Boeing 737-900,SFO,LAX,PZ2
2026-06-01,1 day ago,UA1334,Boeing 737-900,YYZ,ORD,PZ6
2026-05-12,3 days ago,UA1194,Boeing 737 MAX 8,IAH,TPA,PZ3
2026-05-09,1 day ago,UA3605,Embraer E175,ORD,SDF,PZ5
2026-05-09,1 day ago,UA3551,Embraer E175,ORD,SDF,PZ7
2026-06-10,1 day ago,UA4572,Bombardier CRJ550,EWR,DCA,PZ3
2026-05-27,1 day ago,UA4432,Bombardier CRJ550,EWR,DCA,PZ1
2027-01-26,3 days ago,UA158,Boeing 737 MAX 8,ROR,GUM,PZ1
2027-01-27,3 days ago,UA192,Boeing 737 MAX 8,ROR,GUM,PZ1
2027-01-28,3 days ago,UA158,Boeing 737 MAX 8,ROR,GUM,PZ1
2026-05-15,1 day ago,UA1538,Boeing 737-900,MIA,IAD,PZ5
2026-06-02,1 day ago,UA4763,Embraer E175,SLC,SFO,PZ4
2026-07-03,11 hours ago,UA6205,Embraer E175,IAH,ZIH,PZ6
2026-05-17,1 day ago,UA4763,Embraer E175,SLC,SFO,PZ3
2026-07-04,5 hours ago,UA539,Boeing 737-800,ORD,DFW,PZ1
2026-05-18,1 day ago,UA5970,Embraer E175,SLC,SFO,PZ2
2026-05-20,19 hours ago,UA382,Boeing 737-800,SFO,PHX,PZ3
2026-05-13,1 day ago,UA5970,Embraer E175,SLC,SFO,PZ4
2026-08-08,5 hours ago,UA2496,Airbus A319,ORD,YYZ,PZ4
2026-05-16,19 hours ago,UA1388,Boeing 737-700,IAH,DFW,PZ1
2026-05-16,19 hours ago,UA1117,Airbus A320,IAH,DFW,PZ3
2026-05-16,19 hours ago,UA1535,Airbus A320,IAH,DFW,PZ4
2026-05-17,19 hours ago,UA1896,Boeing 737 MAX 8,PDX,SFO,PZ5
2026-11-28,19 hours ago,UA209,Boeing 737 MAX 8,IAH,BOG,PZ2
2026-06-28,1 day ago,UA3567,Embraer E175,IND,EWR,PZ1
2026-06-06,1 day ago,UA5408,Embraer E175,SLC,LAX,PZ5
2026-08-18,4 days ago,UA15,Boeing 767-300,LHR,EWR,PZ9
2027-03-22,19 hours ago,UA6044,Embraer E175,SFO,MFR,PZ1
2026-05-17,1 day ago,UA5411,Embraer E175,SFO,SLC,PZ3
2026-05-23,1 day ago,UA5753,Embraer E175,SFO,SLC,PZ7
2026-05-11,1 day ago,UA5590,Embraer E175,SFO,SLC,PZ2
2026-05-05,2 days ago,UA3708,Embraer E175,IND,EWR,PZ4
2027-03-30,19 hours ago,UA2127,Boeing 737-900,SFO,LAX,PZ3
2026-08-12,7 hours ago,UA1569,Boeing 737-800,IAH,BZE,PZ4
2026-05-24,1 day ago,UA1793,Boeing 737-700,DCA,ORD,PZ1
2026-07-20,1 day ago,UA1321,Boeing 737-800,SFO,BUR,PZ2
2026-06-03,1 day ago,UA1442,Boeing 737-900,OMA,DEN,PZ3
2026-05-28,4 hours ago,UA3470,Embraer E175,MKE,EWR,PZ3
2026-10-23,4 days ago,UA5418,Bombardier CRJ550,ORD,HSV,PZ1
2026-09-19,6 hours ago,UA1408,Boeing 737-800,IAH,BZE,PZ4
2026-07-28,2 days ago,UA1006,Boeing 737-800,LAX,LAS,PZ3
2026-11-07,3 days ago,UA1114,Boeing 737-900,IAH,CUN,PZ1
2026-08-25,6 hours ago,UA17,Boeing 767-300,LHR,EWR,PZ9
2026-11-15,1 day ago,UA1114,Boeing 737-900,IAH,CUN,PZ3
2027-01-12,19 hours ago,UA958,Boeing 767-300,LHR,ORD,PZ4
2026-06-08,4 days ago,UA3524,Embraer E175,CMH,ORD,PZ1
2026-08-04,2 days ago,UA1544,Boeing 737-900,EWR,TPA,PZ2
2026-06-26,1 day ago,UA2781,Boeing 737-800,DEN,RAP,PZ1
2026-05-13,18 hours ago,UA2681,Boeing 737 MAX 9,SFO,MCO,PZ2
2026-05-17,1 day ago,UA6267,Embraer E175,IAH,TAM,PZ9
2026-05-10,18 hours ago,UA4395,Bombardier CRJ550,STL,ORD,PZ2
2026-05-05,3 days ago,UA2200,Airbus A319,DEN,DAY,PZ1
2026-05-23,3 days ago,UA1134,Airbus A319,DEN,DAY,PZ1
2026-05-24,4 days ago,UA1492,Boeing 737-900,ORD,CMH,PZ3
2027-02-08,6 hours ago,UA925,Boeing 767-400ER,LHR,IAD,PZ1
2026-07-01,4 days ago,UA3416,Embraer E175,CMH,EWR,PZ2
2026-06-16,1 day ago,UA2325,Boeing 737-800,DEN,RAP,PZ3
2027-02-01,3 days ago,UA873,Boeing 737 MAX 8,GUM,NRT,PZ1
2027-01-29,3 days ago,UA873,Boeing 737 MAX 8,GUM,NRT,PZ1
2026-07-07,10 hours ago,UA1058,Boeing 737 MAX 9,CUN,IAH,PZ5
2026-12-08,3 days ago,UA1248,Boeing 737-900,CUN,IAH,PZ4
2026-08-06,3 days ago,UA1059,Boeing 737-900,CUN,IAH,PZ7
2026-05-15,18 hours ago,UA2850,Airbus A320,PDX,SFO,PZ3
2026-08-04,3 days ago,UA1017,Boeing 737 MAX 9,CUN,IAH,PZ7
2026-05-13,18 hours ago,UA5676,Embraer E175,SEA,SFO,PZ3
2026-09-14,13 hours ago,UA4051,Embraer E175,XNA,IAH,PZ1
2026-08-26,3 days ago,UA1123,Boeing 737 MAX 9,CUN,IAH,PZ7
2026-12-21,3 days ago,UA1248,Boeing 737-900,CUN,IAH,PZ4
2026-05-10,18 hours ago,UA837,Boeing 737-800,NRT,KHH,PZ9
2026-06-15,1 day ago,UA2325,Boeing 737 MAX 9,DEN,RAP,PZ1
2026-08-21,3 days ago,UA1058,Boeing 737 MAX 9,CUN,IAH,PZ6
2026-11-24,3 days ago,UA1248,Boeing 737-900,CUN,IAH,PZ4
2026-11-24,3 days ago,UA1059,Boeing 737-900,CUN,IAH,PZ3
2026-11-07,3 days ago,UA5336,Embraer E175,MEM,ORD,PZ1
2026-11-24,3 days ago,UA1019,Boeing 737-900,CUN,IAH,PZ2
2026-11-04,3 days ago,UA1248,Boeing 737-900,CUN,IAH,PZ4
2026-11-04,3 days ago,UA1059,Boeing 737-900,CUN,IAH,PZ3
2026-08-02,17 hours ago,UA3626,Embraer E175,ROC,EWR,PZ1
2026-12-20,3 days ago,UA1248,Boeing 737-900,CUN,IAH,PZ4
2026-12-20,3 days ago,UA1019,Boeing 737-900,CUN,IAH,PZ3
2026-05-05,17 hours ago,UA330,Boeing 767-300,IAD,CDG,PZ1
2026-05-08,1 day ago,UA2690,Boeing 737-900,IAH,SAN,PZ3
2026-07-14,13 hours ago,UA6290,Embraer E175,XNA,IAH,PZ2
2026-05-18,17 hours ago,UA1490,Boeing 737 MAX 8,PDX,ORD,PZ1
2026-05-25,6 hours ago,UA60,Boeing 787-9 Dreamliner,SFO,MEL,PZ5
2026-06-14,17 hours ago,UA442,Boeing 737 MAX 8,SFO,BUR,PZ2
2026-06-24,3 days ago,UA4419,Bombardier CRJ550,EWR,CHA,PZ2
2026-06-15,3 days ago,UA4419,Bombardier CRJ550,EWR,CHA,PZ1
2026-11-17,13 hours ago,UA4062,Embraer E175,IAH,XNA,PZ2
2026-06-27,16 hours ago,UA873,Boeing 737-800,GUM,NRT,PZ5
2026-06-27,16 hours ago,UA849,Boeing 737-800,GUM,HND,PZ1
2027-03-16,6 hours ago,UA919,Boeing 777-200,LHR,IAD,PZ1
2026-07-04,16 hours ago,UA873,Boeing 737-800,GUM,NRT,PZ1
2026-06-21,16 hours ago,UA873,Boeing 737-800,GUM,NRT,PZ5
2026-06-20,16 hours ago,UA873,Boeing 737-800,GUM,NRT,PZ2
2026-06-26,2 days ago,UA838,Boeing 737-800,KHH,NRT,PZ4
2026-05-31,1 day ago,UA3672,Embraer E175,EWR,DTW,PZ1
2026-08-17,4 hours ago,UA921,Boeing 767-300,LHR,EWR,PZ9
2026-05-23,1 day ago,UA6268,Embraer E175,TAM,IAH,PZ8
2026-05-07,1 day ago,UA6268,Embraer E175,TAM,IAH,PZ9
2026-06-04,1 day ago,UA6268,Embraer E175,TAM,IAH,PZ3
2026-05-20,1 day ago,UA6268,Embraer E175,TAM,IAH,PZ9
2026-05-23,1 day ago,UA514,Boeing 737-800,CID,DEN,PZ4
2026-09-09,3 days ago,UA4176,Bombardier CRJ550,EWR,RIC,PZ2
2026-09-08,3 days ago,UA3619,Embraer E175,EWR,RIC,PZ1
2026-05-11,2 days ago,UA1287,Boeing 737 MAX 9,EWR,ATL,PZ7
2026-06-11,1 day ago,UA1720,Boeing 737-800,RAP,DEN,PZ4
2026-05-23,4 days ago,UA3458,Embraer E175,CMH,EWR,PZ2
2026-06-10,4 hours ago,UA788,Boeing 737 MAX 9,EWR,MCO,PZ3
2026-06-10,4 hours ago,UA411,Boeing 737-900,EWR,MCO,PZ5
2026-05-09,3 days ago,UA765,Boeing 737-900,EWR,FLL,PZ4
2026-05-09,3 days ago,UA573,Boeing 737-900,EWR,FLL,PZ8
2026-06-22,3 days ago,UA3588,Embraer E175,CVG,EWR,PZ1
2026-05-06,20 hours ago,UA150,Boeing 737-800W,KIX,GUM,PZ9
2026-05-19,1 day ago,UA1919,Boeing 737-800,IAH,CZM,PZ4
2026-05-07,20 hours ago,UA150,Boeing 737 Max 8,KIX,GUM,PZ9
2026-11-26,1 day ago,UA958,Boeing 767-300,LHR,ORD,PZ6
2026-06-20,1 day ago,UA5767,Bombardier CRJ550,ORD,CID,PZ2
2026-05-22,2 hours ago,UA2127,Boeing 737-800,SFO,LAX,PZ4
2026-06-20,3 hours ago,UA3450,Embraer E175,ORD,CLT,PZ2
2026-08-30,3 days ago,UA6115,Embraer E175,ATL,IAD,PZ1
2026-08-27,3 days ago,UA6115,Embraer E175,ATL,IAD,PZ1
2026-08-26,3 days ago,UA6115,Embraer E175,ATL,IAD,PZ1
2026-05-14,3 days ago,UA4546,Bombardier CRJ550,ORD,ROA,PZ2
2026-05-14,3 days ago,UA4460,Bombardier CRJ550,ORD,ROA,PZ1
2026-06-05,1 day ago,UA1518,Boeing 737 MAX 8,PUJ,EWR,PZ8
2026-07-01,1 day ago,UA5805,Bombardier CRJ550,RAP,DEN,PZ1
2026-05-18,4 hours ago,UA2863,Boeing 737-900,MIA,EWR,PZ4
2026-10-16,1 day ago,UA6362,Embraer E175,DTW,IAD,PZ1
2026-06-09,1 day ago,UA4167,Bombardier CRJ550,DCA,EWR,PZ2
2026-06-19,1 day ago,UA1720,Boeing 737-800,RAP,DEN,PZ1
2026-05-11,1 day ago,UA4591,Bombardier CRJ550,DCA,EWR,PZ2
2026-05-11,1 day ago,UA4408,Bombardier CRJ550,DCA,EWR,PZ4
2027-02-03,3 days ago,UA200,Boeing 777-300ER,GUM,HNL,PZ1
2026-06-07,1 day ago,UA4174,Bombardier CRJ550,DCA,EWR,PZ2
2026-05-14,1 day ago,UA4616,Bombardier CRJ550,ORD,SDF,PZ3
2027-01-31,3 days ago,UA186,Boeing 737 MAX 8,YAP,GUM,PZ1
2026-06-02,1 day ago,UA763,Boeing 737-800,YYZ,ORD,PZ2
2026-05-12,11 hours ago,UA2848,Boeing 737 MAX 9,EWR,MSY,PZ2
2027-01-23,3 days ago,UA192,Boeing 737 MAX 8,ROR,GUM,PZ1
2026-05-08,1 day ago,UA4432,Bombardier CRJ550,EWR,DCA,PZ1
2026-05-20,2 hours ago,UA2318,Boeing 737-900,SMF,LAX,PZ7
2026-05-14,1 day ago,UA4486,Bombardier CRJ550,EWR,DCA,PZ2
2026-08-25,8 hours ago,UA2681,Boeing 737 MAX 8,SFO,YUL,PZ9
2026-06-25,1 day ago,UA2114,Boeing 737 MAX 9,DFW,IAH,PZ2
2026-09-09,2 days ago,UA6245,Embraer E175,MTY,IAH,PZ5
2026-06-15,3 days ago,UA3451,Embraer E175,IND,EWR,PZ1
2026-06-10,3 days ago,UA3451,Embraer E175,IND,EWR,PZ1
2026-06-08,3 days ago,UA3451,Embraer E175,IND,EWR,PZ2
2026-06-08,3 days ago,UA3551,Embraer E175,IND,EWR,PZ1
2026-06-08,3 days ago,UA3645,Embraer E175,IND,EWR,PZ3
2026-06-07,3 days ago,UA3567,Embraer E175,IND,EWR,PZ1
2026-08-06,2 days ago,UA1853,Boeing 737-700,MTY,IAH,PZ3
2026-06-13,1 day ago,UA5970,Embraer E175,SLC,SFO,PZ4
2026-05-14,19 hours ago,UA358,Boeing 737 MAX 8,IAH,DFW,PZ4
2026-06-08,4 hours ago,UA3564,Embraer E175,EWR,MKE,PZ2
2026-05-10,3 days ago,UA5730,Embraer E175,DEN,JAC,PZ4
2026-05-17,19 hours ago,UA2114,Boeing 737-700,DFW,IAH,PZ2
2026-05-18,19 hours ago,UA539,Boeing 737-900,DFW,IAH,PZ8
2026-05-18,19 hours ago,UA2114,Boeing 737-700,DFW,IAH,PZ4
2026-05-14,1 day ago,UA2457,Boeing 737 MAX 8,RTB,IAH,PZ4
2026-08-15,19 hours ago,UA2096,Boeing 737 MAX 8,FAT,LAX,PZ2
2026-06-02,1 day ago,UA5484,Embraer E175,SLC,LAX,PZ1
2026-07-18,19 hours ago,UA1864,Boeing 737-900,MIA,EWR,PZ2
2026-05-27,1 day ago,UA2017,Boeing 737-800,SFO,SLC,PZ4
2026-07-08,22 hours ago,UA3683,Embraer E175,EWR,IND,PZ1
2026-05-09,1 day ago,UA1635,Airbus A319,IAD,ATL,PZ6
2026-06-13,1 day ago,UA5923,Embraer E175,DEN,BOI,PZ3
2026-06-14,1 day ago,UA2325,Boeing 737 MAX 9,DEN,RAP,PZ1
2026-06-23,1 day ago,UA5923,Embraer E175,DEN,BOI,PZ2
2026-06-29,4 hours ago,UA3470,Embraer E175,MKE,EWR,PZ1
2026-05-09,1 day ago,UA1846,Boeing 737-800,LAX,SLC,PZ9
2026-06-03,1 day ago,UA5526,Embraer E175,LAX,SLC,PZ4
2026-05-09,1 day ago,UA1299,Boeing 737-800,CLE,FLL,PZ6
2026-06-24,1 day ago,UA3467,Embraer E175,CMH,EWR,PZ2
2026-08-19,2 hours ago,UA837,Boeing 737 MAX 8,NRT,KHH,PZ3
2026-06-08,4 days ago,UA3416,Embraer E175,CMH,EWR,PZ3
2026-05-20,4 days ago,UA1279,Boeing 737-900,DEN,IAD,PZ3
2026-05-11,4 days ago,UA1503,Boeing 737 MAX 9,ONT,SFO,PZ6
2026-05-11,4 days ago,UA2363,Boeing 737 MAX 9,ONT,SFO,PZ5
2026-11-23,3 days ago,UA1059,Boeing 737-900,CUN,IAH,PZ3
2026-12-23,3 days ago,UA1248,Boeing 737-900,CUN,IAH,PZ4
2026-12-23,3 days ago,UA1058,Boeing 737-900,CUN,IAH,PZ4
2026-09-26,3 days ago,UA1058,Boeing 737 MAX 9,CUN,IAH,PZ7
2026-09-02,3 days ago,UA1058,Boeing 737 MAX 9,CUN,IAH,PZ8
2026-05-28,18 hours ago,UA2265,Airbus A320,SFO,PDX,PZ1
2026-06-29,1 day ago,UA5927,Bombardier CRJ550,DEN,RAP,PZ1
2026-08-09,4 days ago,UA1189,Boeing 737-800,SFO,SJD,PZ5
2026-12-22,3 days ago,UA1019,Boeing 737-900,CUN,IAH,PZ3
2026-08-11,3 days ago,UA1059,Boeing 737-900,CUN,IAH,PZ7
2026-07-15,3 days ago,UA1017,Boeing 737 MAX 9,CUN,IAH,PZ5
2026-07-20,3 days ago,UA1185,Boeing 737-800,LAX,SJD,PZ7
2026-07-13,12 hours ago,UA797,Boeing 737 MAX 8,LAX,SJD,PZ3
2026-07-12,12 hours ago,UA1185,Boeing 737-800,LAX,SJD,PZ7
2026-05-20,4 hours ago,UA1795,Boeing 737 MAX 9,EWR,MCO,PZ3
2026-12-04,3 days ago,UA1248,Boeing 737-900,CUN,IAH,PZ4
2026-09-08,13 hours ago,UA4513,Bombardier CRJ550,XNA,IAH,PZ1
2026-07-16,3 days ago,UA1059,Boeing 737-900,CUN,IAH,PZ5
2026-12-10,3 days ago,UA1248,Boeing 737-900,CUN,IAH,PZ4
2026-12-10,3 days ago,UA1058,Boeing 737-900,CUN,IAH,PZ3
2026-08-15,3 days ago,UA2483,Airbus A319,IAD,PVD,PZ1
2026-07-14,3 days ago,UA1020,Boeing 737 MAX 9,IAH,CUN,PZ2
2026-08-04,17 hours ago,UA904,Boeing 767-300,EWR,LHR,PZ9
2026-05-26,6 hours ago,UA1711,Boeing 737 MAX 8,AUS,EWR,PZ1
2026-05-10,4 days ago,UA5988,Embraer E175,ABQ,DEN,PZ2
2026-09-21,11 hours ago,UA3683,Embraer E175,EWR,IND,PZ1
2026-05-20,1 day ago,UA4457,Bombardier CRJ550,EWR,DCA,PZ5
2026-05-23,4 hours ago,UA5408,Embraer E175,SLC,LAX,PZ3
2026-06-24,16 hours ago,UA873,Boeing 737-800,GUM,NRT,PZ4
2026-07-03,16 hours ago,UA200,Boeing 777-300ER,GUM,HNL,PZ5
2026-06-02,1 day ago,UA5753,Embraer E175,SFO,SLC,PZ5
2026-05-09,5 hours ago,UA426,Airbus A320,DTW,ORD,PZ3
2026-11-04,5 hours ago,UA1570,Boeing 737-800,BZE,IAH,PZ2
2026-05-10,1 day ago,UA3503,Embraer E175,EWR,IND,PZ3
2026-07-18,23 hours ago,UA2471,Boeing 737-900,IAD,DFW,PZ2
2026-05-29,1 day ago,UA6153,Embraer E175,AGU,IAH,PZ9
2026-05-09,1 day ago,UA6238,Embraer E175,AGU,IAH,PZ9
2026-05-11,3 days ago,UA2661,Boeing 737 MAX 9,SFO,ONT,PZ2
2026-05-28,1 day ago,UA6153,Embraer E175,AGU,IAH,PZ9
2026-09-30,2 days ago,UA1190,Boeing 737 MAX 9,EWR,MCO,PZ2
2026-08-26,1 day ago,UA5487,Embraer E175,DEN,ABQ,PZ1
2026-05-23,16 hours ago,UA556,Boeing 737-900,EWR,IAH,PZ4
2026-06-04,3 days ago,UA1635,Boeing 737 MAX 8,SEA,LAX,PZ2
2026-05-16,19 hours ago,UA1439,Boeing 737-700,IAH,DFW,PZ1
2027-03-24,3 days ago,UA1546,Boeing 737 MAX 8,BWI,LAX,PZ1
2026-05-09,1 day ago,UA641,Boeing 737 MAX 9,IAD,BOS,PZ2
2026-08-19,1 day ago,UA5487,Embraer E175,DEN,ABQ,PZ1
2026-06-28,16 hours ago,UA3412,Embraer E175,EWR,DTW,PZ1
2026-07-18,1 day ago,UA6193,Embraer E175,IAD,SAV,PZ1
2026-08-27,1 day ago,UA5487,Embraer E175,DEN,ABQ,PZ1
2026-05-27,2 days ago,UA2114,Boeing 737 MAX 9,DFW,IAH,PZ4
2026-12-20,2 days ago,UA5644,Embraer E175,SFO,BOI,PZ1
2026-09-13,1 day ago,UA5487,Embraer E175,DEN,ABQ,PZ1
2026-06-05,4 days ago,UA3615,Embraer E175,CMH,ORD,PZ2
2026-08-30,2 days ago,UA150,Boeing 737-800,KIX,GUM,PZ1
2026-08-02,4 days ago,UA6137,Embraer E175,IAD,DTW,PZ1
2026-11-05,3 days ago,UA1085,Airbus A320,MEX,IAH,PZ2
2026-07-29,2 days ago,UA5215,Bombardier CRJ550,ORD,LNK,PZ2
2026-10-19,3 days ago,UA6115,Embraer E175,ATL,IAD,PZ1
2026-06-18,6 hours ago,UA6160,Embraer E175,IAH,STL,PZ1
2026-09-19,3 days ago,UA6115,Embraer E175,ATL,IAD,PZ2
2026-06-06,1 day ago,UA2426,Airbus A320,ORD,DTW,PZ2
2026-06-06,1 day ago,UA5232,Embraer E175,ORD,DTW,PZ1
2027-01-04,3 days ago,UA641,Airbus A319,ATL,IAD,PZ1
2027-03-09,3 days ago,UA632,Airbus A319,ATL,IAD,PZ2
2026-10-17,4 hours ago,UA3551,Embraer E175,ORD,SDF,PZ2
2026-09-15,4 days ago,UA6321,Embraer E175,IAD,SAV,PZ1
2026-07-14,3 days ago,UA632,Boeing 737 MAX 8,ATL,IAD,PZ2
2026-07-14,3 days ago,UA2634,Boeing 737-900,ATL,IAD,PZ2
2026-05-11,2 days ago,UA5325,Embraer E175,COS,IAH,PZ3
2026-07-07,10 hours ago,UA4799,Bombardier CRJ550,SAF,DEN,PZ2
2027-01-23,10 hours ago,UA4799,Embraer E175,SAF,DEN,PZ2
2026-05-05,6 hours ago,UA142,Boeing 787-9,NRT,DEN,PZ4
2026-05-08,15 hours ago,UA448,Boeing 737-800,ORD,YYZ,PZ2
2026-07-15,1 day ago,UA3594,Embraer E175,SDF,EWR,PZ2
2026-07-22,1 day ago,UA5487,Embraer E175,DEN,ABQ,PZ2
2026-09-02,10 hours ago,UA4799,Bombardier CRJ550,SAF,DEN,PZ2
2027-01-01,10 hours ago,UA4799,Embraer E175,SAF,DEN,PZ1
2026-09-10,15 hours ago,UA3485,Embraer E175,DTW,IAD,PZ1
2026-09-11,15 hours ago,UA6362,Embraer E175,DTW,IAD,PZ1
2026-05-31,2 days ago,UA6027,Embraer E175,SFO,BOI,PZ2
2026-06-20,22 hours ago,UA2854,Boeing 737-800,BUR,SFO,PZ3
2026-07-08,10 hours ago,UA4799,Bombardier CRJ550,SAF,DEN,PZ2
2026-06-19,1 day ago,UA6267,Embraer E175,IAH,TAM,PZ5
2026-08-28,10 hours ago,UA4799,Bombardier CRJ550,SAF,DEN,PZ1
2026-05-19,2 days ago,UA5435,Embraer E175,SFO,BOI,PZ5
2026-09-29,3 days ago,UA6115,Embraer E175,ATL,IAD,PZ2
2026-06-02,3 days ago,UA2232,Boeing 737-900,ORD,MSP,PZ3
2027-01-09,4 days ago,UA837,Boeing 737 MAX 8,NRT,KHH,PZ1
2026-08-29,4 hours ago,UA3598,Embraer E175,ORD,SDF,PZ2
2026-10-03,10 hours ago,UA4799,Bombardier CRJ550,SAF,DEN,PZ2
2026-07-22,10 hours ago,UA4799,Bombardier CRJ550,SAF,DEN,PZ2
2026-05-30,3 days ago,UA1649,Boeing 737-800,ORD,YYZ,PZ9
2026-10-24,3 days ago,UA6115,Embraer E175,ATL,IAD,PZ2
2026-05-14,2 hours ago,UA5676,Embraer E175,SEA,SFO,PZ1
2026-11-01,3 days ago,UA1248,Boeing 737-900,CUN,IAH,PZ4
2026-12-14,3 days ago,UA1248,Boeing 737-900,CUN,IAH,PZ4
2026-11-22,3 days ago,UA1059,Boeing 737-900,CUN,IAH,PZ2
2026-11-03,3 days ago,UA1248,Boeing 737-900,CUN,IAH,PZ4
2026-11-03,3 days ago,UA1019,Boeing 737-900,CUN,IAH,PZ3
2026-08-18,4 days ago,UA1979,Boeing 737 MAX 9,EWR,TPA,PZ2
2026-07-21,3 days ago,UA6011,Embraer E175,ASE,DEN,PZ1
2026-12-03,3 days ago,UA1019,Boeing 737-900,CUN,IAH,PZ3
2026-05-09,3 days ago,UA4192,Bombardier CRJ550,RIC,EWR,PZ5
2026-11-19,3 days ago,UA1019,Boeing 737-900,CUN,IAH,PZ3
2026-10-27,3 days ago,UA1059,Boeing 737-900,CUN,IAH,PZ3
2026-07-22,3 days ago,UA1059,Boeing 737-900,CUN,IAH,PZ7
2026-05-29,18 hours ago,UA399,Boeing 757-200,KEF,IAD,PZ9
2026-07-31,1 day ago,UA725,Boeing 737-800,ABQ,DEN,PZ2
2026-08-12,3 days ago,UA1056,Boeing 737-900,CUN,IAH,PZ2
2026-05-08,3 days ago,UA484,Airbus A319,JAC,DEN,PZ6
2026-07-08,3 days ago,UA1123,Boeing 737 MAX 9,CUN,IAH,PZ7
2026-07-10,3 days ago,UA1059,Boeing 737-900,CUN,IAH,PZ4
2026-12-15,3 days ago,UA1248,Boeing 737-900,CUN,IAH,PZ4
2026-05-23,3 days ago,UA3466,Embraer E175,YYZ,IAD,PZ3
2026-05-26,3 days ago,UA3559,Embraer E175,YYZ,IAD,PZ3
2026-06-09,17 hours ago,UA43,Boeing 777-300ER,FRA,EWR,PZ9
2026-08-03,17 hours ago,UA16,Boeing 767-300,EWR,LHR,PZ9
2026-05-28,1 day ago,UA4763,Embraer E175,SLC,SFO,PZ2
2026-07-12,4 days ago,UA3514,Embraer E175,IAD,BUF,PZ1
2026-06-12,1 day ago,UA6289,Embraer E175,MLM,IAH,PZ5
2026-05-24,1 day ago,UA6289,Embraer E175,MLM,IAH,PZ9
2026-05-22,2 days ago,UA327,Boeing 737 MAX 9,SAN,EWR,PZ4
2026-11-07,4 days ago,UA837,Boeing 737 MAX 8,NRT,KHH,PZ1
2026-05-21,3 days ago,UA2414,Boeing 737-800,RDU,ORD,PZ1
2026-05-21,1 day ago,UA6238,Embraer E175,AGU,IAH,PZ9
2026-06-26,16 hours ago,UA865,Boeing 737-800,NRT,GUM,PZ2
2026-06-23,16 hours ago,UA848,Boeing 737-800,HND,GUM,PZ2
2026-06-22,16 hours ago,UA848,Boeing 737-800,HND,GUM,PZ3
2026-06-29,16 hours ago,UA197,Boeing 737 MAX 8,NRT,GUM,PZ2
2026-06-16,16 hours ago,UA848,Boeing 737-800,HND,GUM,PZ3
2026-09-23,11 hours ago,UA3683,Embraer E175,EWR,IND,PZ1
2026-05-13,1 day ago,UA6237,Embraer E175,IAH,AGU,PZ9
2026-08-05,13 hours ago,UA6308,Embraer E175,IAH,XNA,PZ1
2026-05-18,1 day ago,UA6154,Embraer E175,IAH,AGU,PZ9
2026-10-25,5 hours ago,UA1405,Boeing 737-800,BZE,IAH,PZ1
2026-07-04,9 hours ago,UA334,Boeing 737-800,IAH,LGA,PZ2
2026-05-07,3 days ago,UA2174,Boeing 737-800,SFO,BUR,PZ3
2026-08-25,6 hours ago,UA123,Boeing 787-9 Dreamliner,LHR,EWR,PZ9
2026-08-25,6 hours ago,UA921,Boeing 767-300,LHR,EWR,PZ9
2026-08-26,4 hours ago,UA921,Boeing 767-300,LHR,EWR,PZ9
2026-08-13,4 hours ago,UA123,Boeing 787-9 Dreamliner,LHR,EWR,PZ9
2026-08-13,4 hours ago,UA905,Boeing 777-200,LHR,EWR,PZ9
2026-09-24,5 hours ago,UA1570,Boeing 737-800,BZE,IAH,PZ4
2026-05-27,1 day ago,UA6153,Embraer E175,AGU,IAH,PZ9
2026-06-30,2 days ago,UA4049,Embraer E175,GSP,IAH,PZ2
2026-08-04,3 days ago,UA1697,Boeing 737 MAX 8,IAH,LGA,PZ2
2026-05-14,1 day ago,UA6154,Embraer E175,IAH,AGU,PZ8
2026-06-12,4 days ago,UA2854,Boeing 737-800,BUR,SFO,PZ3
2026-05-31,1 day ago,UA5073,Bombardier CRJ550,IAH,VCT,PZ8
2026-05-19,3 days ago,UA3405,Embraer E175,PWM,EWR,PZ4
2026-06-12,4 days ago,UA3615,Embraer E175,CMH,ORD,PZ1
2026-07-09,4 days ago,UA837,Boeing 737-800,NRT,KHH,PZ2
2026-05-10,1 day ago,UA6237,Embraer E175,IAH,AGU,PZ9
2026-07-09,3 days ago,UA3592,Embraer E175,EWR,ILM,PZ1
2026-09-01,1 day ago,UA2122,Boeing 737 MAX 9,EWR,PUJ,PZ7
2026-07-28,1 day ago,UA5387,Embraer E175,SFO,BOI,PZ1
2026-06-13,4 days ago,UA4800,Embraer E175,CMH,ORD,PZ1
2026-06-27,Just now,UA2247,Boeing 737-900,ORD,YYZ,PZ5
2026-09-03,6 hours ago,UA925,Boeing 777-200,LHR,IAD,PZ9
2026-05-27,3 hours ago,UA788,Boeing 737 MAX 9,EWR,MCO,PZ3
2026-05-08,8 hours ago,UA5975,Embraer E175,DEN,FSD,PZ4
2026-05-13,16 hours ago,UA1833,Airbus A319,BOS,EWR,PZ1
2026-05-06,11 hours ago,UA921,Boeing 767-300,LHR,EWR,PZ8
2026-05-16,4 days ago,UA3646,Embraer E175,IAD,CMH,PZ3
2026-08-11,3 days ago,UA632,Boeing 737-700,ATL,IAD,PZ2
2026-08-11,3 days ago,UA6115,Embraer E175,ATL,IAD,PZ2
2026-08-24,3 days ago,UA6115,Embraer E175,ATL,IAD,PZ1
2026-08-25,16 hours ago,UA2808,Boeing 737-900,LAS,LAX,PZ3
2026-08-04,4 hours ago,UA3598,Embraer E175,ORD,SDF,PZ2
2026-09-23,3 days ago,UA6115,Embraer E175,ATL,IAD,PZ2
2026-08-25,3 days ago,UA6115,Embraer E175,ATL,IAD,PZ2
2026-07-21,1 day ago,UA5487,Embraer E175,DEN,ABQ,PZ1
2026-09-28,3 days ago,UA6115,Embraer E175,ATL,IAD,PZ1
2026-07-09,4 days ago,UA745,Airbus A319,ATL,ORD,PZ1
2026-10-20,3 days ago,UA632,Airbus A319,ATL,IAD,PZ2
2026-10-20,3 days ago,UA6115,Embraer E175,ATL,IAD,PZ2
2026-06-09,6 hours ago,UA1267,Boeing 737-900,LAS,SFO,PZ4
2026-10-27,3 days ago,UA641,Airbus A319,ATL,IAD,PZ2
2026-10-13,3 days ago,UA6115,Embraer E175,ATL,IAD,PZ2
2026-07-13,2 days ago,UA6027,Embraer E175,SFO,BOI,PZ1
2026-10-14,3 days ago,UA6115,Embraer E175,ATL,IAD,PZ2
2026-07-05,10 hours ago,UA4799,Bombardier CRJ550,SAF,DEN,PZ1
2026-08-29,3 days ago,UA6115,Embraer E175,ATL,IAD,PZ1
2026-05-25,2 days ago,UA6027,Embraer E175,SFO,BOI,PZ2
2026-07-11,10 hours ago,UA5377,Bombardier CRJ550,SAF,DEN,PZ2
2026-07-28,3 days ago,UA632,Boeing 737 MAX 8,ATL,IAD,PZ3
2026-07-28,3 days ago,UA1831,Airbus A319,ATL,IAD,PZ1
2026-05-18,7 hours ago,UA1730,Boeing 737-900,SEA,LAX,PZ5
2026-05-18,7 hours ago,UA5657,Embraer E175,SEA,LAX,PZ4
2026-11-17,4 hours ago,UA3551,Embraer E175,ORD,SDF,PZ1
2026-07-21,3 days ago,UA632,Boeing 737 MAX 8,ATL,IAD,PZ1
2026-10-30,10 hours ago,UA4799,Embraer E175,SAF,DEN,PZ1
2026-07-07,3 days ago,UA641,Boeing 737-700,ATL,IAD,PZ1
2026-09-23,10 hours ago,UA4799,Bombardier CRJ550,SAF,DEN,PZ2
2026-07-07,3 days ago,UA1831,Airbus A319,ATL,IAD,PZ2
2026-07-07,3 days ago,UA2634,Boeing 737-900,ATL,IAD,PZ4
2026-09-25,3 days ago,UA6115,Embraer E175,ATL,IAD,PZ1
2026-06-10,4 days ago,UA4014,Embraer E175,CMH,IAD,PZ2
2026-09-02,1 day ago,UA5880,Embraer E175,DEN,ABQ,PZ1
2026-09-01,3 days ago,UA6115,Embraer E175,ATL,IAD,PZ2
2026-07-05,2 days ago,UA6027,Embraer E175,SFO,BOI,PZ1
2026-08-02,1 day ago,UA3458,Embraer E175,CMH,EWR,PZ1
2027-01-21,4 days ago,UA837,Boeing 737 MAX 8,NRT,KHH,PZ1
2027-01-20,4 days ago,UA837,Boeing 737 MAX 8,NRT,KHH,PZ1
2026-09-04,3 days ago,UA6115,Embraer E175,ATL,IAD,PZ1
2026-09-09,10 hours ago,UA4799,Bombardier CRJ550,SAF,DEN,PZ2
2026-05-19,4 days ago,UA5579,Embraer E175,SFO,SEA,PZ5
2026-08-31,3 days ago,UA6115,Embraer E175,ATL,IAD,PZ1
2026-09-16,3 days ago,UA4043,Embraer E175,IAD,ATL,PZ2
2026-06-30,3 days ago,UA3587,Embraer E175,EWR,ILM,PZ1
2026-07-24,10 hours ago,UA4731,Bombardier CRJ550,DEN,SAF,PZ1
2026-06-29,3 days ago,UA3587,Embraer E175,EWR,ILM,PZ1
2026-05-09,3 days ago,UA428,Airbus A319,MEX,IAH,PZ3
2026-10-16,10 hours ago,UA4731,Bombardier CRJ550,DEN,SAF,PZ1
2026-10-07,3 days ago,UA4043,Embraer E175,IAD,ATL,PZ2
2026-07-12,15 hours ago,UA297,Boeing 737 MAX 8,EWR,BZN,PZ1
2026-05-11,2 days ago,UA3699,Embraer E175,DTW,EWR,PZ4
2026-10-07,10 hours ago,UA4731,Bombardier CRJ550,DEN,SAF,PZ2
2026-08-31,3 days ago,UA4043,Embraer E175,IAD,ATL,PZ1
2026-05-26,6 hours ago,UA940,Boeing 767-300,EWR,LHR,PZ6
2026-05-25,6 hours ago,UA16,Boeing 767-300,EWR,LHR,PZ9
2026-05-07,15 hours ago,UA2725,Boeing 737-800W,FLL,CLE,PZ5
2026-05-15,3 days ago,UA2486,Boeing 737-900,SAN,ORD,PZ3
2026-10-19,3 days ago,UA4043,Embraer E175,IAD,ATL,PZ1
2026-07-07,3 days ago,UA3587,Embraer E175,EWR,ILM,PZ2
2026-07-07,3 days ago,UA3592,Embraer E175,EWR,ILM,PZ2
2026-09-02,3 days ago,UA4043,Embraer E175,IAD,ATL,PZ2
2026-06-17,13 hours ago,UA1287,Airbus A319,EWR,ATL,PZ1
2026-06-30,1 day ago,UA3557,Embraer E175,GRR,EWR,PZ2
2026-07-14,13 hours ago,UA4051,Embraer E175,XNA,IAH,PZ2
2026-05-09,1 day ago,UA4457,Bombardier CRJ550,EWR,DCA,PZ3
2026-05-09,2 hours ago,UA3516,Embraer E175,LGA,IAD,PZ1
2026-05-09,2 hours ago,UA3656,Embraer E175,LGA,IAD,PZ7
2026-05-19,2 days ago,UA1128,Boeing 737-900,EWR,MIA,PZ2
2026-10-06,13 hours ago,UA4513,Bombardier CRJ550,XNA,IAH,PZ1
2026-10-06,13 hours ago,UA4526,Bombardier CRJ550,XNA,IAH,PZ1
2026-07-07,4 days ago,UA4405,Bombardier CRJ550,EWR,AVL,PZ2
2026-05-19,3 days ago,UA2322,Boeing 737-800,YVR,SFO,PZ3
2026-07-11,1 day ago,UA6310,Embraer E175,SDF,IAH,PZ1
2026-11-10,13 hours ago,UA4051,Embraer E175,XNA,IAH,PZ2
2026-06-30,1 day ago,UA5708,Bombardier CRJ550,RAP,DEN,PZ2
2026-06-30,1 day ago,UA5805,Bombardier CRJ550,RAP,DEN,PZ2
2026-08-04,13 hours ago,UA4051,Embraer E175,XNA,IAH,PZ2
2026-08-04,13 hours ago,UA6290,Embraer E175,XNA,IAH,PZ2
2026-05-05,3 days ago,UA2168,Boeing 737 MAX 9,SFO,IAH,PZ5
2026-05-05,3 days ago,UA505,Boeing 737 MAX 9,SFO,IAH,PZ1
2026-08-05,13 hours ago,UA4051,Embraer E175,XNA,IAH,PZ2
2026-08-05,13 hours ago,UA6290,Embraer E175,XNA,IAH,PZ2
2027-03-18,3 days ago,UA3470,Embraer E175,MKE,EWR,PZ1
2026-07-23,13 hours ago,UA6308,Embraer E175,IAH,XNA,PZ1
2026-05-24,4 hours ago,UA921,Boeing 767-300,LHR,EWR,PZ9
2026-09-19,13 hours ago,UA4485,Bombardier CRJ550,IAH,XNA,PZ2
2026-05-17,4 days ago,UA3524,Embraer E175,CMH,ORD,PZ5
2026-09-16,13 hours ago,UA4485,Bombardier CRJ550,IAH,XNA,PZ2
2026-06-03,1 day ago,UA6238,Embraer E175,AGU,IAH,PZ6
2026-06-13,1 day ago,UA6238,Embraer E175,AGU,IAH,PZ5
2026-06-09,1 day ago,UA6153,Embraer E175,AGU,IAH,PZ6
2026-06-04,1 day ago,UA6153,Embraer E175,AGU,IAH,PZ6
2026-06-06,1 day ago,UA6238,Embraer E175,AGU,IAH,PZ4
2026-07-05,22 hours ago,UA3683,Embraer E175,EWR,IND,PZ1
2026-09-01,1 day ago,UA5487,Embraer E175,DEN,ABQ,PZ1
2026-09-06,1 day ago,UA5487,Embraer E175,DEN,ABQ,PZ1
2026-05-08,4 hours ago,UA4809,Embraer E175,ORD,ICT,PZ3
2026-06-02,16 hours ago,UA2127,Boeing 737 MAX 9,EWR,IAH,PZ1
2026-06-02,16 hours ago,UA2425,Boeing 737-900,EWR,IAH,PZ3
2026-05-17,1 day ago,UA4180,Bombardier CRJ550,DCA,EWR,PZ3
2026-05-06,1 day ago,UA5073,Bombardier CRJ550,IAH,VCT,PZ9
2026-05-10,16 hours ago,UA1979,Boeing 737 MAX 8,EWR,TPA,PZ1
2026-06-21,4 days ago,UA3615,Embraer E175,CMH,ORD,PZ1
2026-07-06,3 days ago,UA3587,Embraer E175,EWR,ILM,PZ1
2026-07-01,3 days ago,UA3587,Embraer E175,EWR,ILM,PZ1
2026-05-12,4 hours ago,UA1591,Boeing 737 MAX 9,IAH,ATL,PZ9
2026-08-15,3 days ago,UA1546,Boeing 737 MAX 9,BWI,LAX,PZ2
2026-06-30,2 days ago,UA5387,Embraer E175,SFO,BOI,PZ2
2026-09-26,2 days ago,UA2681,Boeing 737 MAX 8,SFO,YUL,PZ9
2026-08-12,1 day ago,UA5487,Embraer E175,DEN,ABQ,PZ1
2026-05-09,6 hours ago,UA643,Boeing 737-800,LAS,SFO,PZ7
2026-05-05,1 day ago,UA3647,Embraer E175,EWR,ROC,PZ2
2026-07-18,3 days ago,UA3524,Embraer E175,CMH,ORD,PZ2
2026-08-26,2 days ago,UA150,Boeing 737-800,KIX,GUM,PZ2
2026-07-09,16 hours ago,UA1924,Boeing 737-800,YYC,DEN,PZ2
2026-10-12,3 days ago,UA6115,Embraer E175,ATL,IAD,PZ1
2026-05-05,2 days ago,UA726,Boeing 737-700W,IAD,PIT,PZ2
2026-08-15,3 days ago,UA6115,Embraer E175,ATL,IAD,PZ2
2026-05-08,10 hours ago,UA1152,Boeing 737-900,ATL,EWR,PZ2
2026-05-11,2 days ago,UA6035,Embraer E175,SFO,BOI,PZ1
2026-08-18,3 days ago,UA6115,Embraer E175,ATL,IAD,PZ2
2026-05-13,15 hours ago,UA1227,Boeing 737-900,MCO,EWR,PZ4
2026-10-24,10 hours ago,UA4799,Bombardier CRJ550,SAF,DEN,PZ2
2026-07-18,2 days ago,UA5387,Embraer E175,SFO,BOI,PZ2
2026-08-22,3 days ago,UA632,Boeing 737-700,ATL,IAD,PZ1
2027-03-20,15 hours ago,UA153,Boeing 787-9 Dreamliner,SGN,HKG,PZ9
2026-07-18,10 hours ago,UA4799,Bombardier CRJ550,SAF,DEN,PZ1
2026-11-27,4 hours ago,UA3536,Embraer E175,ORD,SDF,PZ1
2026-11-27,4 hours ago,UA3598,Embraer E175,ORD,SDF,PZ1
2026-10-10,3 days ago,UA6115,Embraer E175,ATL,IAD,PZ2
2026-08-17,3 days ago,UA6115,Embraer E175,ATL,IAD,PZ1
2026-07-31,10 hours ago,UA4799,Bombardier CRJ550,SAF,DEN,PZ1
2026-09-05,3 days ago,UA6115,Embraer E175,ATL,IAD,PZ1
2026-11-25,3 days ago,UA632,Airbus A319,ATL,IAD,PZ2
2026-09-18,10 hours ago,UA4799,Bombardier CRJ550,SAF,DEN,PZ1
2026-10-06,3 days ago,UA6115,Embraer E175,ATL,IAD,PZ2
2026-05-05,21 hours ago,UA4177,Bombardier CRJ550,EWR,IAD,PZ1
2026-08-17,4 hours ago,UA3551,Embraer E175,ORD,SDF,PZ1
2026-06-16,1 day ago,UA773,Boeing 737-900,DFW,DEN,PZ4
2026-07-08,1 day ago,UA1476,Airbus A320,OMA,ORD,PZ1
2027-01-14,4 days ago,UA837,Boeing 737 MAX 8,NRT,KHH,PZ1
2026-08-23,3 days ago,UA6115,Embraer E175,ATL,IAD,PZ1
2026-09-15,3 days ago,UA6115,Embraer E175,ATL,IAD,PZ2
2026-10-09,10 hours ago,UA4731,Bombardier CRJ550,DEN,SAF,PZ1
2026-07-17,10 hours ago,UA4799,Bombardier CRJ550,SAF,DEN,PZ1
2026-09-29,4 hours ago,UA4608,Bombardier CRJ550,ORD,SDF,PZ1
2026-10-15,3 days ago,UA6115,Embraer E175,ATL,IAD,PZ1
2026-07-12,10 hours ago,UA4731,Bombardier CRJ550,DEN,SAF,PZ1
2027-01-19,10 hours ago,UA4731,Embraer E175,DEN,SAF,PZ2
2027-01-20,10 hours ago,UA4731,Embraer E175,DEN,SAF,PZ2
2027-01-06,10 hours ago,UA4731,Embraer E175,DEN,SAF,PZ2
2026-05-22,1 day ago,UA4184,Bombardier CRJ550,DCA,EWR,PZ5
2026-05-23,2 days ago,UA1392,Boeing 737-800,BOS,IAH,PZ1
2026-10-11,10 hours ago,UA4731,Bombardier CRJ550,DEN,SAF,PZ1
2026-06-24,3 days ago,UA1085,Airbus A319,MEX,IAH,PZ3
2026-11-23,10 hours ago,UA4731,Embraer E175,DEN,SAF,PZ1
2026-10-05,3 days ago,UA4043,Embraer E175,IAD,ATL,PZ1
2026-07-29,3 days ago,UA1635,Airbus A319,IAD,ATL,PZ2
2026-09-28,1 day ago,UA4043,Embraer E175,IAD,ATL,PZ1
2026-07-07,10 hours ago,UA4731,Bombardier CRJ550,DEN,SAF,PZ2
2026-08-19,3 days ago,UA2739,Boeing 737 MAX 8,IAD,ATL,PZ2
2026-07-15,13 hours ago,UA4051,Embraer E175,XNA,IAH,PZ1
2026-07-15,13 hours ago,UA6290,Embraer E175,XNA,IAH,PZ2
2026-08-04,1 day ago,UA2634,Boeing 737-900,ATL,IAD,PZ4
2026-05-24,4 hours ago,UA905,Boeing 777-200,LHR,EWR,PZ9
2026-10-18,3 days ago,UA4043,Embraer E175,IAD,ATL,PZ1
2026-05-13,3 days ago,UA5523,Embraer E175,MRY,LAX,PZ3
2026-07-04,4 days ago,UA4070,Embraer E175,IAD,CMH,PZ1
2026-10-12,3 days ago,UA4043,Embraer E175,IAD,ATL,PZ1
2026-05-15,3 days ago,UA274,Boeing 737-800,MRY,LAX,PZ3
2026-05-07,4 days ago,UA201,Boeing 777-300ER,HNL,GUM,PZ6
2026-05-08,1 day ago,UA6268,Embraer E175,TAM,IAH,PZ9
2026-06-05,1 day ago,UA5537,Embraer E175,LAX,SMF,PZ1
2026-09-03,1 day ago,UA947,Boeing 767-300,AMS,IAD,PZ9
2026-05-13,1 day ago,UA5349,Embraer E175,LAX,SMF,PZ1
2026-08-25,13 hours ago,UA4051,Embraer E175,XNA,IAH,PZ2
2026-11-27,13 hours ago,UA4051,Embraer E175,XNA,IAH,PZ1
2026-06-02,4 days ago,UA4076,Embraer E175,IAD,CMH,PZ2
2026-05-09,1 day ago,UA211,Boeing 737-800,LGA,ORD,PZ5
2026-06-02,4 days ago,UA4070,Embraer E175,IAD,CMH,PZ1
2026-09-22,13 hours ago,UA4051,Embraer E175,XNA,IAH,PZ2
2026-09-20,2 days ago,UA2669,Boeing 737-900,EWR,ATL,PZ2
2026-09-22,13 hours ago,UA4513,Bombardier CRJ550,XNA,IAH,PZ2
2026-05-10,1 day ago,UA4434,Bombardier CRJ550,EWR,DCA,PZ2
2026-09-08,13 hours ago,UA4521,Bombardier CRJ550,XNA,IAH,PZ1
2026-09-19,2 days ago,UA2669,Boeing 737-900,EWR,ATL,PZ3
2026-08-18,13 hours ago,UA4521,Bombardier CRJ550,XNA,IAH,PZ2
2026-08-09,13 hours ago,UA6290,Embraer E175,XNA,IAH,PZ1
2026-05-07,16 hours ago,UA2425,Boeing 737 Max 8,EWR,IAH,PZ1
2026-05-13,1 day ago,UA1247,Boeing 737-900,DEN,PDX,PZ4
2026-07-20,13 hours ago,UA4051,Embraer E175,XNA,IAH,PZ1
2026-05-05,3 days ago,UA1108,Boeing 737 MAX 8,IAD,CHS,PZ2
2026-05-30,3 days ago,UA5423,Embraer E175,SUN,SFO,PZ4
2027-03-20,3 days ago,UA2856,Boeing 737 MAX 9,ORD,PHL,PZ2
2027-03-20,3 days ago,UA729,Boeing 737-900,ORD,PHL,PZ2
2026-09-29,13 hours ago,UA4485,Bombardier CRJ550,IAH,XNA,PZ2
2026-05-11,2 hours ago,UA769,Boeing 787-8 Dreamliner,ORD,BCN,PZ3
2026-11-17,13 hours ago,UA6169,Embraer E175,IAH,XNA,PZ2
2027-03-13,13 hours ago,UA4062,Embraer E175,IAH,XNA,PZ2
2026-07-21,4 hours ago,UA5429,Embraer E175,LIT,DEN,PZ1
2026-05-11,9 hours ago,UA2644,Boeing 737-800,LAX,MRY,PZ1
2026-07-08,13 hours ago,UA4062,Embraer E175,IAH,XNA,PZ2
2026-06-12,2 days ago,UA649,Airbus A320,BOI,SFO,PZ1
2026-08-25,4 days ago,UA2840,Airbus A319,IAH,CMH,PZ1
2026-05-23,3 days ago,UA2642,Airbus A320,JAC,DEN,PZ1
2026-10-06,13 hours ago,UA4416,Bombardier CRJ550,IAH,XNA,PZ1
2026-10-06,13 hours ago,UA4485,Bombardier CRJ550,IAH,XNA,PZ2
2026-05-28,3 days ago,UA1709,Boeing 737 MAX 9,BNA,IAD,PZ4
2027-03-24,13 hours ago,UA4062,Embraer E175,IAH,XNA,PZ1
2026-10-20,13 hours ago,UA4485,Bombardier CRJ550,IAH,XNA,PZ2
2026-11-16,13 hours ago,UA4062,Embraer E175,IAH,XNA,PZ1
2026-11-16,13 hours ago,UA6308,Embraer E175,IAH,XNA,PZ1
2026-05-17,3 days ago,UA348,Boeing 737-900,IAD,CLT,PZ9
2026-06-15,3 days ago,UA153,Boeing 787-9 Dreamliner,SGN,HKG,PZ9
2026-06-10,3 days ago,UA763,Boeing 737-800,YYZ,ORD,PZ9
2026-05-04,13 hours ago,UA190,Boeing 777-300ER,MNL,SFO,PZ1
2026-06-20,13 hours ago,UA6033,Embraer E175,ORD,MSY,PZ1
2026-05-18,4 days ago,UA5687,Bombardier CRJ550,AVL,ORD,PZ1
2026-06-21,3 days ago,UA1649,Boeing 737-800,ORD,YYZ,PZ5
2027-03-25,2 days ago,UA933,Boeing 777-200,FRA,IAD,PZ4
2026-07-18,3 days ago,UA6145,Embraer E175,IAH,ICT,PZ2
2026-05-15,4 hours ago,UA951,Boeing 777-300ER,BRU,IAD,PZ9
2026-05-08,3 days ago,UA5730,Embraer E175,DEN,JAC,PZ1
2026-05-14,3 days ago,UA5730,Embraer E175,DEN,JAC,PZ2
2026-05-19,3 days ago,UA5730,Embraer E175,DEN,JAC,PZ3
2026-06-02,3 days ago,UA1915,Airbus A321neo,SEA,DEN,PZ1
2026-05-23,1 day ago,UA588,Boeing 737-900,DEN,IAH,PZ6
2026-06-20,2 days ago,UA649,Airbus A320,BOI,SFO,PZ1
2026-07-24,3 days ago,UA1097,Boeing 737 MAX 8,SJO,IAH,PZ4
2026-07-22,3 days ago,UA1097,Boeing 737 MAX 8,SJO,IAH,PZ7
2026-05-29,3 days ago,UA5543,Embraer E175,JAC,DEN,PZ3
2026-07-07,4 days ago,UA516,Airbus A319,ATL,ORD,PZ2
2026-07-01,13 hours ago,UA1789,Boeing 737 MAX 8,RDU,IAD,PZ1
2026-07-11,20 hours ago,UA151,Boeing 737-800,GUM,KIX,PZ1
2026-05-15,1 day ago,UA4174,Bombardier CRJ550,DCA,EWR,PZ1
2027-01-11,3 days ago,UA2790,Boeing 737-800,MSP,ORD,PZ1
2027-01-11,3 days ago,UA2783,Airbus A319,MSP,ORD,PZ1
2027-01-12,3 days ago,UA1929,Boeing 737-800,MSP,ORD,PZ1
2026-08-11,11 hours ago,UA30,Boeing 777-200,EWR,MUC,PZ9
2026-05-09,1 day ago,UA715,Boeing 737 MAX 8,CLE,FLL,PZ9
2026-05-13,3 days ago,UA958,Boeing 767-300,LHR,ORD,PZ9
2026-11-15,4 days ago,UA3604,Embraer E175,EWR,MCI,PZ1
2026-07-04,13 hours ago,UA726,Boeing 737 MAX 8,SLC,IAD,PZ1
2026-09-01,4 days ago,UA1358,Boeing 737-900,ORD,MIA,PZ1
2026-05-15,3 days ago,UA1762,Boeing 737-900,CLT,IAD,PZ8
2026-07-25,13 hours ago,UA726,Boeing 737 MAX 8,SLC,IAD,PZ3
2026-05-14,3 days ago,UA4032,Embraer E175,CLT,IAD,PZ5
2026-11-15,4 days ago,UA3419,Embraer E175,MCI,EWR,PZ1
2026-06-20,13 hours ago,UA3500,Embraer E175,DTW,IAD,PZ1
2027-04-01,13 hours ago,UA973,Boeing 787-10 Dreamliner,BRU,ORD,PZ7
2026-06-06,1 day ago,UA3586,Embraer E175,EWR,DTW,PZ2
2026-11-23,3 days ago,UA945,Boeing 787-10 Dreamliner,FRA,ORD,PZ1
2026-06-19,1 day ago,UA6153,Embraer E175,AGU,IAH,PZ6
2026-11-24,1 day ago,UA75,Boeing 767-300,FRA,EWR,PZ3
2026-10-16,3 days ago,UA6115,Embraer E175,ATL,IAD,PZ1
2026-11-07,10 hours ago,UA4799,Embraer E175,SAF,DEN,PZ2
2026-08-07,10 hours ago,UA4731,Bombardier CRJ550,DEN,SAF,PZ1
2026-07-08,3 days ago,UA3587,Embraer E175,EWR,ILM,PZ1
2026-09-26,4 hours ago,UA3598,Embraer E175,ORD,SDF,PZ2
2026-11-07,10 hours ago,UA4731,Embraer E175,DEN,SAF,PZ2
2026-10-01,16 hours ago,UA2739,Boeing 737 MAX 9,IAD,ATL,PZ2
2026-07-06,1 day ago,UA3682,Embraer E175,SDF,EWR,PZ1
2026-06-24,3 days ago,UA428,Airbus A319,MEX,IAH,PZ6
2026-06-09,3 days ago,UA109,Boeing 787-8 Dreamliner,MUC,IAD,PZ9
2026-08-05,10 hours ago,UA4731,Bombardier CRJ550,DEN,SAF,PZ2
2026-05-23,1 day ago,UA1193,Airbus A319,DCA,ORD,PZ3
2026-07-14,2 days ago,UA6027,Embraer E175,SFO,BOI,PZ2
2026-06-10,6 hours ago,UA17,Boeing 767-300,LHR,EWR,PZ9
2026-06-10,6 hours ago,UA15,Boeing 767-300,LHR,EWR,PZ3
2026-06-09,15 hours ago,UA15,Boeing 767-300,LHR,EWR,PZ9
2026-06-30,23 hours ago,UA1533,Boeing 737 MAX 8,MGA,IAH,PZ8
2026-08-26,3 days ago,UA4043,Embraer E175,IAD,ATL,PZ1
2027-01-13,10 hours ago,UA4731,Embraer E175,DEN,SAF,PZ2
2026-08-12,13 hours ago,UA4051,Embraer E175,XNA,IAH,PZ1
2026-06-16,3 days ago,UA6190,Embraer E175,DTW,IAD,PZ2
2026-09-12,13 hours ago,UA4051,Embraer E175,XNA,IAH,PZ2
2026-08-20,3 days ago,UA1085,Airbus A319,MEX,IAH,PZ4
2026-05-07,20 hours ago,UA1458,Boeing 737-900ER,LAX,SMF,PZ5
2026-07-08,13 hours ago,UA4051,Embraer E175,XNA,IAH,PZ2
2026-07-08,13 hours ago,UA6290,Embraer E175,XNA,IAH,PZ2
2026-08-24,3 days ago,UA3639,Embraer E175,EWR,RIC,PZ1
2026-06-23,1 day ago,UA4430,Bombardier CRJ550,DCA,EWR,PZ2
2026-06-23,1 day ago,UA4446,Bombardier CRJ550,DCA,EWR,PZ1
2026-06-09,1 day ago,UA6268,Embraer E175,TAM,IAH,PZ6
2026-07-17,13 hours ago,UA4051,Embraer E175,XNA,IAH,PZ1
2026-09-10,13 hours ago,UA6290,Embraer E175,XNA,IAH,PZ1
2026-05-28,2 days ago,UA5879,Embraer E175,DEN,SHV,PZ3
2026-07-28,13 hours ago,UA4051,Embraer E175,XNA,IAH,PZ2
2026-07-28,13 hours ago,UA6290,Embraer E175,XNA,IAH,PZ1
2026-07-21,13 hours ago,UA6290,Embraer E175,XNA,IAH,PZ1
2026-08-25,13 hours ago,UA4513,Bombardier CRJ550,XNA,IAH,PZ1
2026-08-25,13 hours ago,UA4521,Bombardier CRJ550,XNA,IAH,PZ1
2026-06-04,1 day ago,UA5805,Bombardier CRJ550,RAP,DEN,PZ1
2026-12-25,4 days ago,UA5398,Embraer E175,LAX,MRY,PZ1
2026-09-15,13 hours ago,UA4051,Embraer E175,XNA,IAH,PZ2
2026-09-15,13 hours ago,UA4513,Bombardier CRJ550,XNA,IAH,PZ1
2026-09-15,13 hours ago,UA4521,Bombardier CRJ550,XNA,IAH,PZ2
2026-08-08,13 hours ago,UA4051,Embraer E175,XNA,IAH,PZ2
2026-08-22,3 days ago,UA1194,Boeing 737 MAX 9,IAD,SAL,PZ6
2026-07-22,1 day ago,UA456,Boeing 737-800,ORD,DCA,PZ2
2026-05-15,1 day ago,UA5073,Bombardier CRJ550,IAH,VCT,PZ9
2026-05-17,13 hours ago,UA3558,Embraer E175,MSP,EWR,PZ1
2026-06-16,4 days ago,UA3554,Embraer E175,ORD,CMH,PZ2
2026-08-15,2 days ago,UA247,Airbus A320,ORD,OMA,PZ1
2026-07-18,1 day ago,UA6326,Embraer E175,SDF,IAH,PZ2
2027-03-10,13 hours ago,UA4062,Embraer E175,IAH,XNA,PZ2
2026-05-12,4 days ago,UA576,Airbus A319,MSP,ORD,PZ1
2026-10-28,13 hours ago,UA4062,Embraer E175,IAH,XNA,PZ1
2026-05-12,1 day ago,UA4591,Bombardier CRJ550,DCA,EWR,PZ2
2026-08-10,4 days ago,UA1881,Boeing 737-800,SFO,SJD,PZ4
2026-09-08,13 hours ago,UA4485,Bombardier CRJ550,IAH,XNA,PZ1
2026-10-03,13 hours ago,UA4485,Bombardier CRJ550,IAH,XNA,PZ2
2026-08-26,13 hours ago,UA4062,Embraer E175,IAH,XNA,PZ1
2026-08-26,13 hours ago,UA4485,Bombardier CRJ550,IAH,XNA,PZ1
2026-08-17,13 hours ago,UA6308,Embraer E175,IAH,XNA,PZ1
2026-05-23,1 day ago,UA2324,Boeing 737-900,DEN,CID,PZ8
2026-08-05,13 hours ago,UA4062,Embraer E175,IAH,XNA,PZ2
2026-06-30,4 days ago,UA785,Boeing 737-700,ATL,ORD,PZ2
2026-11-08,13 hours ago,UA6169,Embraer E175,IAH,XNA,PZ1
2026-11-08,13 hours ago,UA4062,Embraer E175,IAH,XNA,PZ1
2026-11-08,13 hours ago,UA6308,Embraer E175,IAH,XNA,PZ1
2026-05-08,2 days ago,UA6006,Embraer E175,TUS,SFO,PZ2
2026-05-19,2 days ago,UA4661,Embraer E175,BOI,SFO,PZ2
2026-06-14,3 days ago,UA5647,Embraer E175,SBA,LAX,PZ2
2026-08-31,1 day ago,UA988,Boeing 777-300ER,FRA,IAD,PZ9
2026-11-22,13 hours ago,UA6169,Embraer E175,IAH,XNA,PZ1
2026-11-22,13 hours ago,UA4062,Embraer E175,IAH,XNA,PZ1
2026-11-22,13 hours ago,UA6308,Embraer E175,IAH,XNA,PZ1
2026-10-31,13 hours ago,UA4062,Embraer E175,IAH,XNA,PZ2
2026-05-13,4 days ago,UA1572,Boeing 737-900,LAX,DEN,PZ6
2026-06-13,13 hours ago,UA684,Boeing 737-900,LAX,SEA,PZ5
2026-08-09,4 days ago,UA6271,Embraer E175,IAH,CMH,PZ1
2026-09-24,3 hours ago,UA5586,Bombardier CRJ550,ORD,MKE,PZ1
2026-05-21,13 hours ago,UA1110,Boeing 737 MAX 9,EWR,BOS,PZ4
2026-05-21,13 hours ago,UA375,Boeing 737-900,EWR,BOS,PZ2
2027-01-15,4 days ago,UA933,Boeing 777-200,FRA,IAD,PZ5
2026-05-12,22 hours ago,UA2168,Boeing 737-900,SFO,IAH,PZ2
2026-06-13,4 hours ago,UA5351,Embraer E175,SNA,SFO,PZ3
2026-05-16,1 day ago,UA5858,Embraer E175,LAX,SMF,PZ3
2026-05-15,3 days ago,UA5730,Embraer E175,DEN,JAC,PZ1
2026-06-15,21 hours ago,UA921,Boeing 767-300,LHR,EWR,PZ9
2026-07-29,2 days ago,UA1703,Boeing 737 MAX 9,PTY,EWR,PZ5
2026-05-11,3 days ago,UA484,Airbus A319,JAC,DEN,PZ1
2026-05-05,3 days ago,UA5543,Embraer E175,JAC,DEN,PZ1
2026-06-25,3 days ago,UA5369,Embraer E175,DEN,LIT,PZ1
2026-06-03,1 day ago,UA763,Boeing 737-800,YYZ,ORD,PZ5
2026-06-28,3 days ago,UA4079,Embraer E175,IAH,ATL,PZ1
2026-05-29,9 hours ago,UA5621,Embraer E175,PIT,ORD,PZ1
2026-07-09,1 day ago,UA2050,Boeing 737-800,IAH,ATL,PZ1
2026-06-16,1 day ago,UA4528,Bombardier CRJ550,LIT,ORD,PZ2
2026-05-28,5 hours ago,UA879,Boeing 777-200,LHR,IAH,PZ9
2026-07-25,22 hours ago,UA2666,Airbus A321neo,ORD,DEN,PZ1
2026-05-09,3 hours ago,UA2635,Boeing 737-900,ORD,CLT,PZ8
2027-03-30,13 hours ago,UA973,Boeing 787-10 Dreamliner,BRU,ORD,PZ6
2026-09-09,3 days ago,UA921,Boeing 767-300,LHR,EWR,PZ9
2026-06-02,1 day ago,UA588,Boeing 737-900,DEN,IAH,PZ1
2026-07-04,2 days ago,UA267,Boeing 737-800,SFO,BOI,PZ2
2026-05-11,6 hours ago,UA539,Boeing 737-900,DFW,IAH,PZ4
2026-06-28,16 hours ago,UA849,Boeing 737-800,GUM,HND,PZ2
2027-01-27,13 hours ago,UA973,Boeing 787-10 Dreamliner,BRU,ORD,PZ7
2026-08-10,4 days ago,UA1709,Boeing 737 MAX 9,BNA,IAD,PZ1
2026-11-18,13 hours ago,UA973,Boeing 787-10 Dreamliner,BRU,ORD,PZ4
2026-05-05,4 days ago,UA3675,Embraer E175,CMH,EWR,PZ4
2027-01-28,13 hours ago,UA973,Boeing 787-10 Dreamliner,BRU,ORD,PZ4
2026-05-17,3 days ago,UA3529,Embraer E175,EWR,BUF,PZ4
2026-05-17,1 day ago,UA6238,Embraer E175,AGU,IAH,PZ9
2026-10-10,3 days ago,UA6222,Embraer E175,IAH,MTY,PZ2
2026-09-07,22 hours ago,UA5305,Embraer E175,ACV,SFO,PZ1
2026-06-13,2 days ago,UA2069,Boeing 737-800,IAH,CVG,PZ2
2026-08-09,3 days ago,UA1167,Boeing 737 MAX 9,IAH,CUN,PZ3
2026-05-29,4 days ago,UA2110,Boeing 737-800,IAH,ATL,PZ2
2026-05-31,2 days ago,UA3667,Embraer E175,EWR,CVG,PZ1
2026-05-08,13 hours ago,UA1572,Boeing 737-900,LAX,DEN,PZ4
2026-05-08,13 hours ago,UA1707,Boeing 737 MAX 9,LAX,ORD,PZ5
2026-07-28,3 days ago,UA2634,Boeing 737-900,ATL,IAD,PZ3
2026-06-12,3 days ago,UA3635,Embraer E175,RIC,ORD,PZ1
2026-06-12,3 days ago,UA4556,Bombardier CRJ550,RIC,ORD,PZ3
2026-06-07,1 day ago,UA6237,Embraer E175,IAH,AGU,PZ2
2026-07-05,13 hours ago,UA3641,Embraer E175,BOS,EWR,PZ1
2026-05-23,13 hours ago,UA609,Boeing 737 MAX 9,ORD,MCO,PZ2
2026-05-28,13 hours ago,UA1259,Airbus A319,SEA,SFO,PZ2
2026-09-18,1 day ago,UA3609,Embraer E175,EWR,SDF,PZ1
2026-09-01,1 day ago,UA3609,Embraer E175,EWR,SDF,PZ2
2026-05-12,1 day ago,UA1712,Airbus A319,ORD,YYZ,PZ1
2026-05-18,3 days ago,UA763,Boeing 737 MAX 8,YYZ,ORD,PZ1
2026-08-05,4 days ago,UA2414,Boeing 737 MAX 9,ORD,BNA,PZ1
2026-10-27,13 hours ago,UA4729,Embraer E175,SEA,LAX,PZ2
2026-09-17,5 hours ago,UA1570,Boeing 737-800,BZE,IAH,PZ2
2026-09-16,12 hours ago,UA4582,Bombardier CRJ550,PHL,IAD,PZ1
2026-09-22,3 days ago,UA482,Airbus A320,ORD,DCA,PZ2
2026-09-24,5 hours ago,UA1405,Boeing 737-800,BZE,IAH,PZ5
2026-10-20,1 day ago,UA3609,Embraer E175,EWR,SDF,PZ2
2026-06-24,1 day ago,UA3652,Embraer E175,DTW,EWR,PZ2
2026-07-02,19 hours ago,UA3420,Embraer E175,BUF,EWR,PZ1
2026-07-12,4 hours ago,UA3477,Embraer E175,EWR,PIT,PZ1
2026-05-05,3 days ago,UA4418,Bombardier CRJ550,IAD,YOW,PZ1
2026-05-05,3 days ago,UA4451,Bombardier CRJ550,IAD,YOW,PZ1
2026-05-27,4 hours ago,UA2487,Boeing 737-800,PHX,LAX,PZ3
2026-05-09,12 hours ago,UA3647,Embraer E175,EWR,ROC,PZ6
2026-05-09,12 hours ago,UA4426,Bombardier CRJ550,EWR,ROC,PZ1
2026-05-31,3 days ago,UA4191,Bombardier CRJ550,EWR,CAE,PZ2
2026-06-14,2 days ago,UA1334,Boeing 737-900,YYZ,ORD,PZ4
2026-06-01,3 days ago,UA4191,Bombardier CRJ550,EWR,CAE,PZ3
2026-07-02,4 hours ago,UA4494,Bombardier CRJ550,ACK,EWR,PZ1
2026-08-22,1 day ago,UA1402,Boeing 737-900,PHX,ORD,PZ2
2026-11-28,1 day ago,UA1619,Boeing 737-900,IAH,CUN,PZ4
2026-05-10,4 days ago,UA3614,Embraer E175,ORD,CMH,PZ2
2026-05-27,3 days ago,UA4413,Bombardier CRJ550,CHA,EWR,PZ2
2026-05-15,3 days ago,UA5897,Embraer E175,SBP,LAX,PZ1
2026-05-10,2 days ago,UA1546,Boeing 737-800,ORD,BWI,PZ1
2026-08-07,1 day ago,UA3594,Embraer E175,SDF,EWR,PZ1
2026-05-29,3 days ago,UA4413,Bombardier CRJ550,CHA,EWR,PZ3
2026-07-24,1 day ago,UA3594,Embraer E175,SDF,EWR,PZ1
2026-07-03,3 days ago,UA6289,Embraer E175,MLM,IAH,PZ5
2026-05-06,3 days ago,UA4513,Bombardier CRJ550,EWR,CHA,PZ4
2026-05-20,3 days ago,UA4513,Bombardier CRJ550,EWR,CHA,PZ4
2026-06-12,3 days ago,UA4419,Bombardier CRJ550,EWR,CHA,PZ3
2026-08-27,1 day ago,UA3594,Embraer E175,SDF,EWR,PZ1
2026-10-07,4 hours ago,UA3659,Embraer E175,ORD,SDF,PZ1
2026-05-12,3 days ago,UA2095,Boeing 737-900,IAH,LAX,PZ2
2026-09-29,1 day ago,UA3594,Embraer E175,SDF,EWR,PZ2
2026-05-15,3 days ago,UA1059,Boeing 737-900,CUN,IAH,PZ2
2026-08-04,3 days ago,UA4487,Bombardier CRJ550,IAD,PWM,PZ1
2026-09-06,2 days ago,UA3436,Embraer E175,EWR,MCI,PZ1
2026-09-02,13 hours ago,UA4485,Bombardier CRJ550,IAH,XNA,PZ2
2026-07-21,8 hours ago,UA727,Boeing 737 MAX 9,PTY,EWR,PZ1
2026-05-07,1 day ago,UA780,Boeing 737 MAX 8,PDX,IAH,PZ2
2026-06-16,3 days ago,UA5731,Embraer E175,SBP,LAX,PZ2
2026-08-22,3 days ago,UA3489,Embraer E175,CLT,ORD,PZ2
2026-08-22,3 days ago,UA3442,Embraer E175,CLT,ORD,PZ1
2026-09-23,13 hours ago,UA4062,Embraer E175,IAH,XNA,PZ2
2026-08-11,13 hours ago,UA4485,Bombardier CRJ550,IAH,XNA,PZ2
2026-08-11,13 hours ago,UA4548,Bombardier CRJ550,IAH,XNA,PZ1
2026-10-31,13 hours ago,UA6169,Embraer E175,IAH,XNA,PZ2
2026-12-09,13 hours ago,UA307,Boeing 737-900,MSP,ORD,PZ1
2026-05-21,5 hours ago,UA3665,Embraer E175,EWR,PWM,PZ3
2026-07-25,4 days ago,UA6114,Embraer E175,IAH,CMH,PZ2
2026-05-13,3 days ago,UA689,Boeing 737 MAX 9,IAD,MCO,PZ5
2026-05-11,4 days ago,UA5988,Embraer E175,ABQ,DEN,PZ6
2026-07-19,3 days ago,UA3524,Embraer E175,CMH,ORD,PZ1
2026-05-12,4 days ago,UA2865,Boeing 737-700,ORD,BNA,PZ3
2026-08-25,3 days ago,UA200,Boeing 777-300ER,GUM,HNL,PZ6
2026-07-04,1 day ago,UA4025,Embraer E175,PHL,IAH,PZ1
2026-07-04,3 days ago,UA296,Boeing 737-800,PVR,DEN,PZ5
2026-07-05,1 day ago,UA3438,Embraer E175,SDF,IAD,PZ1
2026-05-20,4 days ago,UA1572,Boeing 737 MAX 8,LAX,DEN,PZ1
2026-06-17,1 day ago,UA4528,Bombardier CRJ550,LIT,ORD,PZ2
2026-06-09,4 days ago,UA2110,Boeing 737-800,IAH,ATL,PZ3
2027-03-31,13 hours ago,UA973,Boeing 787-10 Dreamliner,BRU,ORD,PZ5
2026-06-27,4 days ago,UA3467,Embraer E175,ORD,CMH,PZ2
2026-08-04,1 day ago,UA1858,Boeing 737 MAX 9,CHS,IAD,PZ1
2026-06-11,4 hours ago,UA3564,Embraer E175,EWR,MKE,PZ3
2026-07-08,1 day ago,UA1105,Boeing 737 MAX 9,MCO,EWR,PZ2
2026-08-18,4 days ago,UA3436,Embraer E175,EWR,MCI,PZ2
2026-06-13,1 day ago,UA3475,Embraer E175,MCI,EWR,PZ2
2026-12-03,13 hours ago,UA973,Boeing 787-10 Dreamliner,BRU,ORD,PZ7
2026-06-24,16 hours ago,UA849,Boeing 737-800,GUM,HND,PZ1
2026-09-08,4 days ago,UA1709,Boeing 737 MAX 9,BNA,IAD,PZ3
2027-02-23,13 hours ago,UA973,Boeing 787-10 Dreamliner,BRU,ORD,PZ7
2027-04-02,13 hours ago,UA973,Boeing 787-10 Dreamliner,BRU,ORD,PZ4
2026-11-03,3 days ago,UA2272,Airbus A321neo,DEN,ORD,PZ2
2027-02-10,13 hours ago,UA973,Boeing 787-10 Dreamliner,BRU,ORD,PZ8
2026-05-20,1 day ago,UA4479,Bombardier CRJ550,ORD,CID,PZ3
2026-06-18,3 days ago,UA4471,Bombardier CRJ550,ORD,SDF,PZ1
2026-06-18,3 days ago,UA3598,Embraer E175,ORD,SDF,PZ1
2026-09-21,4 days ago,UA1709,Boeing 737 MAX 9,BNA,IAD,PZ1
2026-08-17,5 hours ago,UA2407,Boeing 737-900,RDU,IAH,PZ2
2026-06-07,2 days ago,UA6312,Embraer E175,IAH,CVG,PZ2
2027-01-20,13 hours ago,UA973,Boeing 787-10 Dreamliner,BRU,ORD,PZ7
2026-06-08,3 days ago,UA1564,Airbus A320,DFW,ORD,PZ3
2026-05-16,1 day ago,UA6238,Embraer E175,AGU,IAH,PZ9
2026-07-08,4 hours ago,UA2074,Boeing 737-800,RDU,IAH,PZ3
2026-05-14,1 day ago,UA6238,Embraer E175,AGU,IAH,PZ8
2026-11-10,13 hours ago,UA2410,Boeing 737-700,IAD,SLC,PZ2
2027-02-24,13 hours ago,UA973,Boeing 787-10 Dreamliner,BRU,ORD,PZ3
2027-03-16,13 hours ago,UA973,Boeing 787-10 Dreamliner,BRU,ORD,PZ6
2026-11-11,13 hours ago,UA973,Boeing 787-10 Dreamliner,BRU,ORD,PZ4
2026-07-26,3 days ago,UA632,Boeing 737 MAX 8,ATL,IAD,PZ1
2026-05-16,22 hours ago,UA6251,Embraer E175,DTW,IAH,PZ5
2026-07-06,3 days ago,UA632,Boeing 737 MAX 8,ATL,IAD,PZ2
2026-05-30,4 hours ago,UA2669,Boeing 737-900,IAD,EWR,PZ1
2026-05-29,13 hours ago,UA5676,Embraer E175,SEA,SFO,PZ2
2026-10-06,1 day ago,UA3609,Embraer E175,EWR,SDF,PZ2
2026-06-10,4 hours ago,UA1190,Boeing 737 MAX 9,EWR,MCO,PZ3
2026-07-07,13 hours ago,UA3537,Embraer E175,EWR,CLT,PZ2
2026-09-18,5 hours ago,UA1405,Boeing 737-800,BZE,IAH,PZ5
2026-07-10,1 day ago,UA3438,Embraer E175,SDF,IAD,PZ1
2026-10-29,5 hours ago,UA1405,Boeing 737-800,BZE,IAH,PZ2
2026-09-20,5 hours ago,UA1405,Boeing 737-800,BZE,IAH,PZ4
2026-09-26,1 day ago,UA5988,Embraer E175,ABQ,DEN,PZ2
2026-11-05,5 hours ago,UA1405,Boeing 737 MAX 8,BZE,IAH,PZ2
2026-05-12,4 days ago,UA3981,Embraer E175,IAD,SAV,PZ1
2026-11-12,5 hours ago,UA1405,Boeing 737 MAX 8,BZE,IAH,PZ2
2026-06-11,3 days ago,UA5934,Embraer E175,YYZ,ORD,PZ1
2026-06-02,3 days ago,UA3612,Embraer E175,IAD,YOW,PZ3
2026-06-10,3 days ago,UA3612,Embraer E175,IAD,YOW,PZ3
2026-05-20,3 days ago,UA3570,Embraer E175,IAD,YOW,PZ3
2026-05-20,3 days ago,UA4451,Bombardier CRJ550,IAD,YOW,PZ2
2026-05-27,3 days ago,UA3612,Embraer E175,IAD,YOW,PZ2
2026-05-10,3 days ago,UA3570,Embraer E175,IAD,YOW,PZ1
2026-05-16,3 days ago,UA4451,Bombardier CRJ550,IAD,YOW,PZ4
2026-05-20,12 hours ago,UA3692,Embraer E175,EWR,CMH,PZ3
2026-05-18,6 hours ago,UA2129,Boeing 737 MAX 9,SAN,IAD,PZ1
2026-05-07,3 days ago,UA4186,Bombardier CRJ550,PVD,IAD,PZ4
2026-05-07,3 days ago,UA4400,Bombardier CRJ550,PVD,IAD,PZ5
2026-09-14,5 hours ago,UA2407,Boeing 737-900,RDU,IAH,PZ1
2026-10-10,3 days ago,UA1874,Airbus A321neo,IAH,DEN,PZ2
2026-06-05,4 days ago,UA1492,Boeing 737-900,ORD,CMH,PZ4
2026-05-05,7 hours ago,UA34,Boeing 777-222B,KIX,SFO,PZ4
2026-06-09,3 days ago,UA4191,Bombardier CRJ550,EWR,CAE,PZ2
2026-06-27,3 days ago,UA2643,Airbus A321neo,IAH,DEN,PZ1
2026-06-26,4 days ago,UA3615,Embraer E175,CMH,ORD,PZ1
2026-10-17,1 day ago,UA3594,Embraer E175,SDF,EWR,PZ2
2026-05-05,6 hours ago,UA921,Boeing 767-300,LHR,EWR,PZ9
2026-05-29,11 hours ago,UA684,Boeing 737-800,LAX,SEA,PZ1
2026-05-22,2 days ago,UA6142,Embraer E175,IAD,PVD,PZ5
2026-09-05,3 days ago,UA1545,Boeing 737-800,CLE,IAH,PZ1
2026-06-11,3 days ago,UA4413,Bombardier CRJ550,CHA,EWR,PZ3
2026-06-06,3 days ago,UA4413,Bombardier CRJ550,CHA,EWR,PZ2
2026-10-14,1 day ago,UA3594,Embraer E175,SDF,EWR,PZ2
2026-05-29,3 days ago,UA4419,Bombardier CRJ550,EWR,CHA,PZ1
2026-06-05,3 days ago,UA4419,Bombardier CRJ550,EWR,CHA,PZ2
2026-05-13,3 days ago,UA4513,Bombardier CRJ550,EWR,CHA,PZ2
2026-06-03,11 hours ago,UA1012,Boeing 737 MAX 9,EWR,ATL,PZ3
2026-05-26,3 days ago,UA4419,Bombardier CRJ550,EWR,CHA,PZ1
2026-07-07,4 hours ago,UA4568,Bombardier CRJ550,ORD,SCE,PZ1
2026-05-27,4 days ago,UA1101,Boeing 737-800,IAD,MCO,PZ2
2026-10-15,1 day ago,UA3594,Embraer E175,SDF,EWR,PZ1
2026-11-17,4 hours ago,UA3598,Embraer E175,ORD,SDF,PZ1
2026-05-31,3 days ago,UA4419,Bombardier CRJ550,EWR,CHA,PZ3
2026-07-28,4 hours ago,UA3598,Embraer E175,ORD,SDF,PZ2
2026-06-11,3 days ago,UA202,Boeing 737-800,ORD,SAT,PZ2
2026-05-09,1 day ago,UA5265,Embraer E175,DEN,RAP,PZ7
2026-09-26,1 day ago,UA3594,Embraer E175,SDF,EWR,PZ2
2026-07-21,3 days ago,UA3651,Embraer E175,IAD,PWM,PZ1
2026-05-14,1 day ago,UA61,Boeing 787-9 Dreamliner,MEL,SFO,PZ9
2026-07-03,3 days ago,UA1349,Boeing 737 MAX 8,PIT,LAX,PZ1
2026-09-15,1 day ago,UA6310,Embraer E175,SDF,IAH,PZ1
2026-05-12,4 days ago,UA1924,Boeing 737-900,DEN,IAD,PZ2
2026-08-15,4 hours ago,UA3605,Embraer E175,ORD,SDF,PZ2
2026-06-25,3 days ago,UA1937,Boeing 737-900,DEN,TUL,PZ2
2026-06-25,3 days ago,UA5357,Bombardier CRJ550,DEN,MOT,PZ1
2026-06-25,3 days ago,UA5311,Embraer E175,DEN,TUL,PZ1
2026-07-14,1 day ago,UA412,Airbus A319,SFO,MEX,PZ2
2026-09-22,4 hours ago,UA3551,Embraer E175,ORD,SDF,PZ1
2026-09-22,4 hours ago,UA5892,Bombardier CRJ550,ORD,SDF,PZ1
2026-07-18,11 hours ago,UA425,Boeing 737-800,ORD,ATL,PZ2
2026-09-07,2 days ago,UA2122,Boeing 737 MAX 9,EWR,PUJ,PZ8
2026-07-17,11 hours ago,UA356,Boeing 737-900,ORD,ATL,PZ1
2026-09-12,4 hours ago,UA3605,Embraer E175,ORD,SDF,PZ2
2026-07-25,1 day ago,UA3682,Embraer E175,SDF,EWR,PZ2
2026-07-30,3 days ago,UA1097,Boeing 737 MAX 8,SJO,IAH,PZ1
2026-09-20,1 day ago,UA3417,Embraer E175,EWR,CVG,PZ1
2026-08-19,3 days ago,UA5073,Bombardier CRJ550,VCT,IAH,PZ9
2026-05-09,11 hours ago,UA533,Airbus A319,ORD,BZN,PZ1
2026-07-30,3 days ago,UA1017,Boeing 737 MAX 9,CUN,IAH,PZ3
2026-08-21,3 days ago,UA5073,Bombardier CRJ550,VCT,IAH,PZ9
2026-07-30,3 days ago,UA1123,Boeing 737 MAX 9,CUN,IAH,PZ3
2026-10-20,4 hours ago,UA3605,Embraer E175,ORD,SDF,PZ1
2026-10-20,4 hours ago,UA3659,Embraer E175,ORD,SDF,PZ1
2026-08-29,4 hours ago,UA5892,Bombardier CRJ550,ORD,SDF,PZ2
2026-05-16,11 hours ago,UA6029,Embraer E175,SFO,LAX,PZ3
2026-05-16,11 hours ago,UA1316,Boeing 737-800,SFO,ONT,PZ4
2026-05-16,11 hours ago,UA5440,Embraer E175,SFO,SNA,PZ5
2026-07-19,2 days ago,UA5970,Embraer E175,SLC,SFO,PZ1
2026-06-19,1 day ago,UA5924,Embraer E175,BOI,DEN,PZ1
2026-07-02,1 day ago,UA785,Airbus A319,ATL,ORD,PZ1
2026-05-12,1 day ago,UA1897,Boeing 737-700,ORD,BOI,PZ1
2026-06-09,4 days ago,UA6271,Embraer E175,IAH,CMH,PZ1
2026-05-29,1 day ago,UA6238,Embraer E175,AGU,IAH,PZ9
2026-08-25,3 days ago,UA4452,Bombardier CRJ550,GRR,ORD,PZ2
2026-08-25,3 days ago,UA4754,Embraer E175,DTW,ORD,PZ1
2026-08-25,3 days ago,UA3556,Embraer E175,DTW,ORD,PZ2
2026-08-24,3 days ago,UA3556,Embraer E175,DTW,ORD,PZ1
2026-09-02,13 hours ago,UA939,Boeing 787-9 Dreamliner,LHR,SFO,PZ9
2026-06-30,4 days ago,UA1955,Airbus A319,ATL,ORD,PZ2
2026-07-08,3 days ago,UA424,Boeing 737-900,EWR,DFW,PZ2
2026-09-29,1 day ago,UA3609,Embraer E175,EWR,SDF,PZ2
2026-06-13,Just now,UA2247,Boeing 737-900,ORD,YYZ,PZ9
2026-05-24,4 hours ago,UA2669,Boeing 737-900,IAD,EWR,PZ5
2026-11-25,3 days ago,UA1546,Boeing 737 MAX 8,BWI,LAX,PZ1
2026-07-02,1 day ago,UA659,Boeing 737-900,LAX,PHX,PZ2
2026-10-01,5 hours ago,UA1570,Boeing 737-800,BZE,IAH,PZ5
2026-05-30,1 day ago,UA1787,Boeing 737-800,PDX,DEN,PZ1
2026-08-02,3 days ago,UA6288,Embraer E175,IAH,MLM,PZ5
2026-07-03,13 hours ago,UA1246,Boeing 737-900,MSP,EWR,PZ2
2026-08-25,1 day ago,UA3609,Embraer E175,EWR,SDF,PZ2
2026-06-03,2 hours ago,UA31,Boeing 767-300,MUC,EWR,PZ9
2026-07-13,3 days ago,UA1334,Boeing 737-900,YYZ,ORD,PZ8
2026-10-22,5 hours ago,UA1405,Boeing 737-800,BZE,IAH,PZ2
2026-06-10,3 days ago,UA1334,Boeing 737-900,YYZ,ORD,PZ9
2026-07-29,2 days ago,UA5537,Bombardier CRJ550,ORD,FAR,PZ2
2026-08-20,5 hours ago,UA1570,Boeing 737-800,BZE,IAH,PZ1
2026-07-23,1 day ago,UA659,Boeing 737-900,LAX,PHX,PZ2
2027-02-09,3 days ago,UA576,Boeing 737-800,MSP,ORD,PZ1
2027-02-09,3 days ago,UA2790,Boeing 737-800,MSP,ORD,PZ1
2026-06-24,12 hours ago,UA307,Boeing 737 MAX 9,MSP,ORD,PZ2
2026-07-15,1 day ago,UA2771,Boeing 737-800,CLT,ORD,PZ2
2026-05-13,4 days ago,UA5988,Embraer E175,ABQ,DEN,PZ5
2026-06-06,3 days ago,UA3569,Embraer E175,IAD,YOW,PZ3
2026-05-26,3 days ago,UA3716,Embraer E175,BUF,EWR,PZ2
2026-05-29,3 days ago,UA4191,Bombardier CRJ550,EWR,CAE,PZ2
2026-05-18,11 hours ago,UA2647,Boeing 737 MAX 9,LAX,SFO,PZ3
2026-05-18,11 hours ago,UA4653,Embraer E175,LAX,SFO,PZ1
2026-10-10,3 days ago,UA1379,Boeing 737-900,IAH,MIA,PZ1
2026-11-15,4 days ago,UA4667,Embraer E175,ORD,BNA,PZ1
2026-07-27,7 hours ago,UA6019,Embraer E175,YYZ,ORD,PZ2
2026-06-25,4 days ago,UA3554,Embraer E175,ORD,CMH,PZ1
2026-05-22,4 hours ago,UA4494,Bombardier CRJ550,ACK,EWR,PZ4
2026-05-08,4 hours ago,UA4452,Bombardier CRJ550,ORD,ICT,PZ2
2026-05-11,3 days ago,UA4510,Bombardier CRJ550,CHA,EWR,PZ2
2026-05-31,3 days ago,UA4413,Bombardier CRJ550,CHA,EWR,PZ3
2026-06-10,3 days ago,UA4413,Bombardier CRJ550,CHA,EWR,PZ2
2026-05-28,3 days ago,UA4413,Bombardier CRJ550,CHA,EWR,PZ1
2026-07-21,6 hours ago,UA1364,Boeing 737-900,EWR,FLL,PZ2
2026-06-05,3 days ago,UA4413,Bombardier CRJ550,CHA,EWR,PZ1
2026-08-08,11 hours ago,UA342,Boeing 737 MAX 9,ORD,GCM,PZ5
2026-06-15,1 day ago,UA4763,Embraer E175,SLC,SFO,PZ2
2026-05-06,3 days ago,UA4510,Bombardier CRJ550,CHA,EWR,PZ4
2026-08-01,1 day ago,UA3594,Embraer E175,SDF,EWR,PZ2
2026-10-05,1 day ago,UA3452,Embraer E175,SDF,EWR,PZ1
2026-05-15,3 days ago,UA2022,Boeing 737 MAX 9,SJU,IAD,PZ1
2026-05-23,3 days ago,UA4419,Bombardier CRJ550,EWR,CHA,PZ2
2026-12-08,4 hours ago,UA3659,Embraer E175,ORD,SDF,PZ1
2026-06-13,3 days ago,UA4419,Bombardier CRJ550,EWR,CHA,PZ2
2026-09-22,3 days ago,UA1908,Boeing 737-900,ORD,IAD,PZ4
2026-06-11,3 days ago,UA3500,Embraer E175,DTW,IAD,PZ2
2026-08-24,3 days ago,UA1014,Boeing 737-900,IAH,CUN,PZ6
2026-06-12,3 days ago,UA6362,Embraer E175,DTW,IAD,PZ1
2026-06-13,3 days ago,UA4055,Embraer E175,DTW,IAD,PZ2
2026-06-20,13 hours ago,UA4055,Embraer E175,DTW,IAD,PZ2
2026-08-19,3 days ago,UA1020,Boeing 737 MAX 9,IAH,CUN,PZ5
2026-06-19,3 days ago,UA6362,Embraer E175,DTW,IAD,PZ1
2026-06-09,1 day ago,UA3458,Embraer E175,CMH,EWR,PZ1
2026-11-06,4 hours ago,UA3536,Embraer E175,ORD,SDF,PZ1
2026-10-20,1 day ago,UA3594,Embraer E175,SDF,EWR,PZ2
2026-07-05,4 hours ago,UA4519,Bombardier CRJ550,ORD,SDF,PZ1
2026-07-23,3 days ago,UA1123,Boeing 737 MAX 9,CUN,IAH,PZ5
2026-08-06,3 days ago,UA1056,Boeing 737-900,CUN,IAH,PZ2
2026-10-07,1 day ago,UA3452,Embraer E175,SDF,EWR,PZ1
2026-06-25,2 days ago,UA5876,Embraer E175,OAX,IAH,PZ5
2026-06-18,3 days ago,UA3451,Embraer E175,IND,EWR,PZ1
2026-09-13,4 hours ago,UA3659,Embraer E175,ORD,SDF,PZ1
2026-10-03,4 hours ago,UA4608,Bombardier CRJ550,ORD,SDF,PZ2
2026-10-13,4 hours ago,UA3659,Embraer E175,ORD,SDF,PZ2
2026-07-07,4 days ago,UA2291,Boeing 737-900,EWR,SAV,PZ4
2026-10-13,4 hours ago,UA4559,Bombardier CRJ550,ORD,SDF,PZ1
2026-09-20,4 hours ago,UA3551,Embraer E175,ORD,SDF,PZ1
2026-07-08,3 days ago,UA2403,Boeing 737-900,LAX,IAH,PZ2
2026-07-29,3 days ago,UA1059,Boeing 737-900,CUN,IAH,PZ6
2026-10-18,1 day ago,UA3609,Embraer E175,EWR,SDF,PZ1
2026-08-18,4 hours ago,UA3659,Embraer E175,ORD,SDF,PZ2
2026-10-10,3 days ago,UA419,Boeing 737-900,IAH,ORD,PZ2
2026-08-18,4 hours ago,UA5892,Bombardier CRJ550,ORD,SDF,PZ1
2026-09-20,3 days ago,UA6267,Embraer E175,IAH,TAM,PZ5
2026-08-15,4 hours ago,UA3659,Embraer E175,ORD,SDF,PZ1
2026-10-31,4 hours ago,UA4608,Bombardier CRJ550,ORD,SDF,PZ2
2026-11-10,4 hours ago,UA3659,Embraer E175,ORD,SDF,PZ2
2026-06-25,3 days ago,UA361,Boeing 737-900,DEN,OMA,PZ1
2026-06-26,1 day ago,UA3478,Embraer E175,IND,EWR,PZ1
2026-07-15,4 hours ago,UA4178,Bombardier CRJ550,ORD,SDF,PZ1
2026-06-26,1 day ago,UA3571,Embraer E175,IND,EWR,PZ1
2026-05-13,4 days ago,UA2302,Airbus A321neo,LAX,DEN,PZ1
2026-05-23,11 hours ago,UA5301,Embraer E175,ORD,TVC,PZ3
2026-05-23,11 hours ago,UA4520,Bombardier CRJ550,ORD,TVC,PZ3
2027-03-22,3 days ago,UA4592,Bombardier CRJ550,ORD,SCE,PZ1
2026-07-16,4 hours ago,UA4178,Bombardier CRJ550,ORD,SDF,PZ1
2026-09-20,1 day ago,UA3473,Embraer E175,EWR,CVG,PZ1
2026-05-09,2 hours ago,UA412,Airbus A319,SFO,MEX,PZ3
2026-05-16,11 hours ago,UA2363,Airbus A320,SFO,BUR,PZ6
2026-07-27,4 hours ago,UA4178,Bombardier CRJ550,ORD,SDF,PZ1
2026-06-12,1 day ago,UA5924,Embraer E175,BOI,DEN,PZ2
2026-06-25,3 days ago,UA4705,Embraer E175,DEN,HLN,PZ1
2026-05-16,11 hours ago,UA1754,Boeing 737 MAX 9,SFO,LAX,PZ2
2026-09-20,1 day ago,UA4052,Embraer E175,IAH,SDF,PZ1
2026-08-06,1 day ago,UA3594,Embraer E175,SDF,EWR,PZ1
2026-09-01,11 hours ago,UA941,Boeing 767-300,LHR,EWR,PZ9
2026-05-15,2 days ago,UA2039,Boeing 737 MAX 8,LAS,LAX,PZ5
2026-05-13,3 days ago,UA5384,Embraer E175,SAN,LAX,PZ3
2026-05-13,3 days ago,UA5341,Embraer E175,SAN,LAX,PZ3
2026-05-13,6 hours ago,UA548,Boeing 737-800,LAS,SFO,PZ1
2026-05-12,3 days ago,UA5384,Embraer E175,SAN,LAX,PZ4
2026-05-14,3 days ago,UA2057,Boeing 737 MAX 8,SAN,LAX,PZ3
2026-05-14,3 days ago,UA5341,Embraer E175,SAN,LAX,PZ1
2026-06-24,2 days ago,UA5561,Embraer E175,SHV,DEN,PZ2
2026-05-20,16 hours ago,UA22,Boeing 777-200,DUB,EWR,PZ9
2026-09-06,3 days ago,UA5073,Bombardier CRJ550,VCT,IAH,PZ9
2026-07-25,3 days ago,UA587,Airbus A319,ORD,IND,PZ1
2026-08-09,1 day ago,UA3594,Embraer E175,SDF,EWR,PZ1
2026-08-05,1 day ago,UA6266,Embraer E175,SDF,IAH,PZ2
2026-05-13,4 days ago,UA3430,Embraer E175,CMH,IAD,PZ2
2026-05-25,2 days ago,UA5253,Embraer E175,DEN,SHV,PZ3
2026-06-10,2 days ago,UA5253,Embraer E175,DEN,SHV,PZ2
2026-05-10,11 hours ago,UA2102,Boeing 737 MAX 9,LAS,ORD,PZ4
2026-07-31,3 days ago,UA641,Boeing 737-700,ATL,IAD,PZ1
2026-05-09,11 hours ago,UA15,Boeing 767-300,LHR,EWR,PZ3
2026-05-06,11 hours ago,UA941,Boeing 767-300,LHR,EWR,PZ9
2026-12-03,11 hours ago,UA1628,Boeing 737-900,MBJ,EWR,PZ4
2026-06-20,2 days ago,UA6367,Embraer E175,CVG,IAH,PZ2
2026-05-09,11 hours ago,UA1707,Boeing 737-800,SMF,LAX,PZ8
2026-06-09,11 hours ago,UA959,Boeing 767-300,LHR,ORD,PZ9
2026-08-28,3 days ago,UA6268,Embraer E175,TAM,IAH,PZ2
2026-10-02,3 days ago,UA1129,Boeing 737-800,LAX,RDM,PZ1
2026-05-12,4 days ago,UA1237,Airbus A320,MSP,ORD,PZ5
2026-09-27,3 hours ago,UA5970,Embraer E175,SLC,SFO,PZ1
2026-05-08,11 hours ago,UA5253,Embraer E175,MSP,ORD,PZ5
2026-05-16,5 hours ago,UA779,Boeing 737 MAX 8,IAH,RDU,PZ3
2026-05-05,11 hours ago,UA307,Boeing 737-900ER,MSP,ORD,PZ1
2026-09-10,3 days ago,UA6268,Embraer E175,TAM,IAH,PZ4
2026-05-29,1 day ago,UA6268,Embraer E175,TAM,IAH,PZ9
2026-07-14,3 hours ago,UA6148,Embraer E175,IAH,RDU,PZ2
2026-09-10,11 hours ago,UA3427,Embraer E175,IND,EWR,PZ1
2026-08-26,3 hours ago,UA6148,Embraer E175,IAH,RDU,PZ1
2026-09-22,11 hours ago,UA3683,Embraer E175,EWR,IND,PZ2
2026-05-20,11 hours ago,UA2363,Airbus A320,SFO,BUR,PZ1
2026-05-22,1 day ago,UA5908,Embraer E175,RNO,LAX,PZ4
2026-06-19,11 hours ago,UA3408,Embraer E175,EWR,BGR,PZ1
2027-02-25,1 day ago,UA152,Boeing 787-9 Dreamliner,HKG,SGN,PZ9
2026-05-18,3 days ago,UA5594,Embraer E175,YYZ,ORD,PZ9
2026-05-22,3 days ago,UA1334,Boeing 737-900,YYZ,ORD,PZ9
2026-05-22,3 days ago,UA6019,Embraer E175,YYZ,ORD,PZ1
2026-05-21,3 days ago,UA763,Boeing 737-800,YYZ,ORD,PZ2
2026-05-21,3 days ago,UA1334,Boeing 737-900,YYZ,ORD,PZ9
2026-05-21,3 days ago,UA6019,Embraer E175,YYZ,ORD,PZ2
2026-05-20,3 days ago,UA1464,Airbus A319,YYZ,ORD,PZ4
2026-06-27,2 days ago,UA267,Boeing 737-800,SFO,BOI,PZ1
2026-08-01,1 day ago,UA3990,Embraer E175,IAH,SDF,PZ2
2026-05-19,3 days ago,UA763,Boeing 737 MAX 8,YYZ,ORD,PZ9
2026-05-19,3 days ago,UA1464,Airbus A319,YYZ,ORD,PZ9
2026-05-21,3 days ago,UA5362,Embraer E175,ORD,MKE,PZ5
2026-07-07,2 days ago,UA267,Boeing 737-800,SFO,BOI,PZ1
2026-07-13,10 hours ago,UA1987,Boeing 737 MAX 9,EWR,CUN,PZ3
2026-05-25,22 hours ago,UA5430,Embraer E175,LAX,SMF,PZ2
2026-07-07,10 hours ago,UA1017,Boeing 737 MAX 9,CUN,IAH,PZ7
2026-07-07,10 hours ago,UA1123,Boeing 737 MAX 9,CUN,IAH,PZ2
2026-05-24,2 hours ago,UA2256,Boeing 737-700,IAH,MTY,PZ5
2026-05-22,Just now,UA5613,Embraer E175,SFO,ONT,PZ4
2027-02-27,10 hours ago,UA4799,Embraer E175,SAF,DEN,PZ1
2027-01-05,10 hours ago,UA4799,Embraer E175,SAF,DEN,PZ2
2026-05-21,1 day ago,UA3409,Embraer E175,DCA,ORD,PZ4
2026-11-10,10 hours ago,UA4390,Bombardier CRJ550,EWR,GSP,PZ1
2026-05-11,4 days ago,UA6319,Embraer E175,PXM,IAH,PZ7
2026-08-25,1 day ago,UA3508,Embraer E175,SDF,IAD,PZ2
2026-11-10,10 hours ago,UA4799,Embraer E175,SAF,DEN,PZ2
2026-05-28,10 hours ago,UA1653,Boeing 737-900,CUN,LAX,PZ7
2026-10-03,1 day ago,UA3508,Embraer E175,SDF,IAD,PZ1
2026-05-08,4 hours ago,UA5795,Embraer E175,ORD,TUL,PZ1
2026-08-04,10 hours ago,UA4799,Bombardier CRJ550,SAF,DEN,PZ1
2026-09-26,1 day ago,UA3508,Embraer E175,SDF,IAD,PZ2
2026-07-28,10 hours ago,UA4799,Bombardier CRJ550,SAF,DEN,PZ2
2026-07-22,10 hours ago,UA1331,Boeing 737-900,EWR,MSP,PZ4
2026-05-09,4 days ago,UA1924,Boeing 737-900,DEN,IAD,PZ2
2026-11-04,10 hours ago,UA4799,Embraer E175,SAF,DEN,PZ2
2026-06-12,1 day ago,UA5628,Embraer E175,SMF,LAX,PZ1
2026-10-09,10 hours ago,UA4799,Bombardier CRJ550,SAF,DEN,PZ1
2026-07-05,1 day ago,UA1630,Boeing 737 MAX 9,IAH,MBJ,PZ1
2026-08-12,10 hours ago,UA5377,Bombardier CRJ550,SAF,DEN,PZ2
2026-08-12,10 hours ago,UA4799,Bombardier CRJ550,SAF,DEN,PZ2
2026-08-04,1 day ago,UA3438,Embraer E175,SDF,IAD,PZ2
2026-08-04,1 day ago,UA4067,Embraer E175,SDF,IAD,PZ2
2026-07-03,1 day ago,UA3438,Embraer E175,SDF,IAD,PZ1
2026-10-06,10 hours ago,UA4799,Bombardier CRJ550,SAF,DEN,PZ2
2026-07-23,3 days ago,UA1653,Boeing 737-900,CUN,LAX,PZ9
2026-05-10,13 hours ago,UA1657,Boeing 737-800,ORD,LGA,PZ4
2026-08-29,10 hours ago,UA4799,Bombardier CRJ550,SAF,DEN,PZ2
2027-02-09,1 day ago,UA951,Boeing 777-300ER,BRU,IAD,PZ4
2026-09-07,3 days ago,UA4452,Bombardier CRJ550,GRR,ORD,PZ1
2027-01-07,10 hours ago,UA4799,Embraer E175,SAF,DEN,PZ1
2026-09-08,3 days ago,UA4577,Bombardier CRJ550,GRR,ORD,PZ2
2026-09-08,3 days ago,UA4452,Bombardier CRJ550,GRR,ORD,PZ2
2027-03-03,1 day ago,UA951,Boeing 777-300ER,BRU,IAD,PZ8
2026-08-05,1 day ago,UA659,Boeing 737-900,LAX,PHX,PZ4
2026-08-07,10 hours ago,UA4799,Bombardier CRJ550,SAF,DEN,PZ1
2026-06-29,16 hours ago,UA873,Boeing 737-800,GUM,NRT,PZ1
2026-08-22,10 hours ago,UA4799,Bombardier CRJ550,SAF,DEN,PZ2
2026-05-09,4 days ago,UA308,Boeing 737-900,PHL,ORD,PZ6
2026-07-24,1 day ago,UA3438,Embraer E175,SDF,IAD,PZ1
2026-09-12,1 day ago,UA667,Boeing 737-800,DEN,MSP,PZ3
2026-06-02,22 hours ago,UA879,Boeing 777-200,LHR,IAH,PZ9
2026-07-11,1 day ago,UA3438,Embraer E175,SDF,IAD,PZ1
2026-05-22,10 hours ago,UA4754,Embraer E175,DTW,ORD,PZ6
2026-05-23,1 day ago,UA3480,Embraer E175,EWR,AUS,PZ2
2026-06-15,2 days ago,UA3644,Embraer E175,DTW,EWR,PZ2
2026-06-05,4 hours ago,UA681,Boeing 737 MAX 8,NAS,EWR,PZ6
2026-08-13,10 hours ago,UA4799,Bombardier CRJ550,SAF,DEN,PZ1
2026-07-29,10 hours ago,UA4799,Bombardier CRJ550,SAF,DEN,PZ2
2027-01-12,3 days ago,UA15,Boeing 767-300,LHR,EWR,PZ3
2026-06-21,4 days ago,UA1030,Airbus A319,IAH,ATL,PZ1
2026-06-12,1 day ago,UA5489,Embraer E175,MCI,LAX,PZ2
2027-02-02,10 hours ago,UA4799,Embraer E175,SAF,DEN,PZ1
2026-06-06,1 day ago,UA5970,Embraer E175,SLC,SFO,PZ3
2026-08-08,4 hours ago,UA4519,Bombardier CRJ550,ORD,SDF,PZ2
2026-07-28,3 days ago,UA3651,Embraer E175,IAD,PWM,PZ1
2026-09-02,4 hours ago,UA3598,Embraer E175,ORD,SDF,PZ1
2026-09-02,4 hours ago,UA5892,Bombardier CRJ550,ORD,SDF,PZ2
2026-06-11,3 days ago,UA3451,Embraer E175,IND,EWR,PZ3
2026-08-11,3 days ago,UA3538,Embraer E175,IAD,PWM,PZ1
2026-08-15,3 days ago,UA3459,Embraer E175,IAD,PWM,PZ1
2026-06-06,4 hours ago,UA1190,Boeing 737 MAX 8,EWR,MCO,PZ4
2026-07-03,2 days ago,UA4638,Embraer E175,ORD,COS,PZ1
2026-05-18,5 hours ago,UA5461,Embraer E175,PHX,SFO,PZ2
2026-07-22,3 days ago,UA1058,Boeing 737 MAX 9,CUN,IAH,PZ9
2026-06-04,1 day ago,UA6267,Embraer E175,IAH,TAM,PZ6
2026-07-09,3 days ago,UA1123,Boeing 737 MAX 9,CUN,IAH,PZ5
2026-07-09,3 days ago,UA1058,Boeing 737 MAX 9,CUN,IAH,PZ5
2026-06-11,4 days ago,UA1492,Boeing 737-900,ORD,CMH,PZ3
2026-12-05,4 hours ago,UA3551,Embraer E175,ORD,SDF,PZ1
2026-05-09,12 hours ago,UA495,Boeing 737-900,IAD,DEN,PZ1
2026-05-11,12 hours ago,UA495,Boeing 737-900,IAD,DEN,PZ3
2026-09-10,4 hours ago,UA5892,Bombardier CRJ550,ORD,SDF,PZ1
2026-08-21,3 days ago,UA6267,Embraer E175,IAH,TAM,PZ5
2026-05-24,11 hours ago,UA4772,Bombardier CRJ550,ORD,TVC,PZ1
2026-05-24,11 hours ago,UA2071,Boeing 737-700,ORD,TVC,PZ3
2026-05-24,11 hours ago,UA5686,Bombardier CRJ550,ORD,TVC,PZ1
2026-05-24,11 hours ago,UA5636,Bombardier CRJ550,ORD,TVC,PZ1
2026-09-15,4 hours ago,UA3598,Embraer E175,ORD,SDF,PZ1
2026-09-15,4 hours ago,UA3659,Embraer E175,ORD,SDF,PZ2
2026-09-15,4 hours ago,UA5892,Bombardier CRJ550,ORD,SDF,PZ2
2026-09-10,11 hours ago,UA3567,Embraer E175,IND,EWR,PZ1
2026-09-08,4 hours ago,UA4559,Bombardier CRJ550,ORD,SDF,PZ1
2026-09-08,4 hours ago,UA5892,Bombardier CRJ550,ORD,SDF,PZ2
2026-06-23,2 days ago,UA1152,Airbus A319,ATL,EWR,PZ1
2026-10-18,4 hours ago,UA4608,Bombardier CRJ550,ORD,SDF,PZ1
2026-05-08,11 hours ago,UA3477,Embraer E175,EWR,PIT,PZ1
2026-05-08,11 hours ago,UA3412,Embraer E175,EWR,SDF,PZ2
2026-05-08,11 hours ago,UA3418,Embraer E175,EWR,GSO,PZ1
2026-09-06,4 hours ago,UA3659,Embraer E175,ORD,SDF,PZ1
2026-09-06,4 hours ago,UA5892,Bombardier CRJ550,ORD,SDF,PZ1
2026-05-11,11 hours ago,UA1531,Boeing 737-900,MSP,ORD,PZ8
2026-09-10,1 day ago,UA123,Boeing 787-9 Dreamliner,LHR,EWR,PZ9
2026-09-13,3 days ago,UA5073,Bombardier CRJ550,VCT,IAH,PZ9
2026-06-04,2 days ago,UA5561,Embraer E175,SHV,DEN,PZ3
2026-06-13,3 days ago,UA5435,Embraer E175,IND,ORD,PZ1
2026-06-13,3 days ago,UA3534,Embraer E175,IND,ORD,PZ1
2026-06-27,3 days ago,UA356,Airbus A319,ORD,ATL,PZ2
2026-05-10,2 days ago,UA5328,Embraer E175,RNO,LAX,PZ1
2026-05-08,1 day ago,UA4642,Embraer E175,RNO,LAX,PZ4
2026-05-12,11 hours ago,UA2102,Boeing 737 MAX 9,LAS,ORD,PZ4
2026-05-29,19 hours ago,UA838,Boeing 737-800,KHH,NRT,PZ6
2026-09-17,3 days ago,UA6268,Embraer E175,TAM,IAH,PZ3
2026-05-05,5 hours ago,UA822,Airbus A320,MEX,SFO,PZ3
2026-09-13,3 days ago,UA6268,Embraer E175,TAM,IAH,PZ1
2026-07-04,11 hours ago,UA2039,Boeing 737-800,LAX,PIT,PZ2
2026-06-18,3 days ago,UA6279,Embraer E175,CLT,IAD,PZ1
2026-07-09,1 day ago,UA653,Boeing 737 MAX 8,MBJ,IAD,PZ6
2026-05-09,1 day ago,UA6268,Embraer E175,TAM,IAH,PZ9
2026-05-09,5 hours ago,UA1384,Boeing 737-800,DEN,FLL,PZ2
2026-08-11,11 hours ago,UA809,Boeing 777-300ER,SFO,MNL,PZ5
2026-06-15,11 hours ago,UA3700,Embraer E175,GSP,EWR,PZ1
2026-05-29,4 days ago,UA3524,Embraer E175,CMH,ORD,PZ3
2026-05-16,11 hours ago,UA1224,Boeing 737-800,LAX,TPA,PZ4
2026-09-22,3 days ago,UA6268,Embraer E175,TAM,IAH,PZ5
2026-09-08,11 hours ago,UA1389,Boeing 737 MAX 9,SFO,SAN,PZ1
2027-01-12,2 days ago,UA31,Boeing 767-300,MUC,EWR,PZ1
2026-09-07,11 hours ago,UA1389,Boeing 737 MAX 9,SFO,SAN,PZ1
2026-05-18,3 days ago,UA1297,Airbus A319,YYZ,ORD,PZ1
2026-05-18,3 days ago,UA1464,Airbus A319,YYZ,ORD,PZ9
2026-06-03,3 days ago,UA1596,Boeing 737 MAX 8,PDX,SFO,PZ3
2026-05-10,11 hours ago,UA2303,Boeing 737-900,SFO,LAX,PZ1
2026-05-10,11 hours ago,UA2850,Boeing 737 MAX 9,SFO,LAX,PZ4
2026-06-24,2 days ago,UA6027,Embraer E175,SFO,BOI,PZ2
2026-07-10,10 hours ago,UA4799,Bombardier CRJ550,SAF,DEN,PZ1
2026-05-22,1 day ago,UA4785,Embraer E175,DEN,MKE,PZ5
2026-09-09,3 days ago,UA5073,Bombardier CRJ550,IAH,VCT,PZ9
2026-07-01,10 hours ago,UA1020,Boeing 737 MAX 9,IAH,CUN,PZ2
2026-11-11,10 hours ago,UA4390,Bombardier CRJ550,EWR,GSP,PZ1
2026-08-14,1 day ago,UA3438,Embraer E175,SDF,IAD,PZ1
2026-08-15,10 hours ago,UA4799,Bombardier CRJ550,SAF,DEN,PZ1
2026-09-15,3 days ago,UA5073,Bombardier CRJ550,IAH,VCT,PZ9
2026-06-20,3 days ago,UA2865,Boeing 737 MAX 9,ORD,MSP,PZ4
2026-10-31,10 hours ago,UA4799,Embraer E175,SAF,DEN,PZ2
2026-09-16,3 days ago,UA5073,Bombardier CRJ550,IAH,VCT,PZ9
2027-01-09,10 hours ago,UA4799,Embraer E175,SAF,DEN,PZ2
2026-08-23,3 days ago,UA5073,Bombardier CRJ550,IAH,VCT,PZ9
2026-09-12,10 hours ago,UA4799,Bombardier CRJ550,SAF,DEN,PZ2
2026-10-20,10 hours ago,UA4799,Bombardier CRJ550,SAF,DEN,PZ2
2026-06-02,3 days ago,UA2005,Boeing 737-900,ORD,MSP,PZ1
2026-09-06,3 days ago,UA4452,Bombardier CRJ550,GRR,ORD,PZ1
2027-02-09,10 hours ago,UA4799,Embraer E175,SAF,DEN,PZ1
2026-09-22,10 hours ago,UA4799,Bombardier CRJ550,SAF,DEN,PZ2
2026-08-09,1 day ago,UA3438,Embraer E175,SDF,IAD,PZ1
2026-06-20,22 hours ago,UA2060,Airbus A319,BOS,EWR,PZ2
2026-06-20,3 days ago,UA5234,Bombardier CRJ550,SDF,ORD,PZ1
2026-06-20,3 days ago,UA3694,Embraer E175,SDF,ORD,PZ1
2026-06-20,3 days ago,UA3422,Embraer E175,SDF,ORD,PZ1
2026-08-18,10 hours ago,UA4799,Bombardier CRJ550,SAF,DEN,PZ2
2026-08-05,10 hours ago,UA4168,Bombardier CRJ550,BHM,ORD,PZ1
2026-06-29,3 days ago,UA1546,Boeing 737 MAX 9,LAX,LAS,PZ1
2026-08-01,10 hours ago,UA4449,Bombardier CRJ550,BHM,ORD,PZ2
2026-06-03,3 days ago,UA1734,Boeing 737 MAX 9,BOS,IAD,PZ2
2026-06-23,16 hours ago,UA849,Boeing 737-800,GUM,HND,PZ3
2026-07-29,10 hours ago,UA4168,Bombardier CRJ550,BHM,ORD,PZ1
2026-05-22,10 hours ago,UA1355,Boeing 737-800,DTW,ORD,PZ2
2026-05-22,10 hours ago,UA426,Airbus A320,DTW,ORD,PZ2
2026-05-22,10 hours ago,UA5552,Embraer E175,DTW,ORD,PZ6
2026-05-22,10 hours ago,UA5264,Embraer E175,DTW,ORD,PZ5
2026-11-14,10 hours ago,UA4799,Embraer E175,SAF,DEN,PZ2
2026-06-19,1 day ago,UA1923,Boeing 737-900,ORD,CID,PZ2
2026-07-01,3 days ago,UA667,Boeing 737-800,DEN,MSP,PZ1
2026-09-05,10 hours ago,UA4799,Bombardier CRJ550,SAF,DEN,PZ2
2026-11-13,10 hours ago,UA4799,Embraer E175,SAF,DEN,PZ1
2026-10-07,10 hours ago,UA4799,Bombardier CRJ550,SAF,DEN,PZ2
2026-11-06,10 hours ago,UA4799,Embraer E175,SAF,DEN,PZ1
2026-07-05,10 hours ago,UA5377,Bombardier CRJ550,SAF,DEN,PZ1
2026-07-07,10 hours ago,UA5377,Bombardier CRJ550,SAF,DEN,PZ2
2026-05-15,4 days ago,UA1937,Airbus A319,DEN,TUL,PZ3
2026-06-26,4 days ago,UA3524,Embraer E175,CMH,ORD,PZ1
2027-01-19,10 hours ago,UA4799,Embraer E175,SAF,DEN,PZ1
2026-06-10,3 days ago,UA4418,Bombardier CRJ550,IAD,YOW,PZ1
2026-06-10,3 days ago,UA4424,Bombardier CRJ550,IAD,YOW,PZ1
2027-02-24,10 hours ago,UA4799,Embraer E175,SAF,DEN,PZ1
2026-05-23,3 days ago,UA2322,Boeing 737-900,YVR,SFO,PZ2
2026-10-23,10 hours ago,UA4799,Bombardier CRJ550,SAF,DEN,PZ1
2026-05-26,4 hours ago,UA4497,Bombardier CRJ550,EWR,ACK,PZ2
2026-05-19,1 day ago,UA686,Boeing 737-800,LGA,ORD,PZ5
2026-09-08,10 hours ago,UA4799,Bombardier CRJ550,SAF,DEN,PZ2
2026-09-10,10 hours ago,UA4799,Bombardier CRJ550,SAF,DEN,PZ1
2026-07-11,10 hours ago,UA4799,Bombardier CRJ550,SAF,DEN,PZ2
2026-09-25,10 hours ago,UA4799,Bombardier CRJ550,SAF,DEN,PZ1
2026-05-30,2 days ago,UA1287,Boeing 737-700,EWR,ATL,PZ2
2026-10-08,1 day ago,UA3980,Embraer E175,IAD,SDF,PZ1
2026-09-19,10 hours ago,UA4799,Bombardier CRJ550,SAF,DEN,PZ2
2026-08-05,10 hours ago,UA4799,Bombardier CRJ550,SAF,DEN,PZ2
2026-06-24,3 days ago,UA5510,Embraer E175,SFO,CLD,PZ2
2026-07-09,10 hours ago,UA4799,Bombardier CRJ550,SAF,DEN,PZ1
2026-07-13,4 days ago,UA155,Boeing 737-800,MAJ,HNL,PZ1
2026-07-25,10 hours ago,UA4799,Bombardier CRJ550,SAF,DEN,PZ2
2026-09-26,10 hours ago,UA4799,Bombardier CRJ550,SAF,DEN,PZ2
2026-06-26,10 hours ago,UA1692,Boeing 737 MAX 8,SEA,LAX,PZ1
2026-06-10,4 days ago,UA3524,Embraer E175,CMH,ORD,PZ2
2027-01-04,10 hours ago,UA4731,Embraer E175,DEN,SAF,PZ1
2027-01-04,10 hours ago,UA6031,Embraer E175,DEN,SAF,PZ1
2026-05-11,3 days ago,UA4424,Bombardier CRJ550,IAD,YOW,PZ2
2026-05-08,2 days ago,UA1388,Boeing 737-700,IAH,DFW,PZ3
2026-09-02,1 day ago,UA951,Boeing 777-300ER,BRU,IAD,PZ9
2026-05-20,3 days ago,UA586,Boeing 737 MAX 8,ORD,LGA,PZ1
2027-03-04,10 hours ago,UA4731,Embraer E175,DEN,SAF,PZ1
2026-05-16,20 hours ago,UA316,Boeing 757-200,DUB,EWR,PZ8
2027-02-17,1 day ago,UA122,Boeing 787-9 Dreamliner,EWR,LHR,PZ1
2026-05-26,4 hours ago,UA925,Boeing 777-200,LHR,IAD,PZ9
2026-08-19,1 day ago,UA928,Boeing 767-300,LHR,ORD,PZ9
2026-08-18,2 days ago,UA307,Boeing 737-800,MSP,ORD,PZ3
2026-06-13,3 days ago,UA3427,Embraer E175,IND,ORD,PZ3
2026-05-14,4 hours ago,UA3697,Embraer E175,EWR,MKE,PZ2
2026-06-10,3 days ago,UA3427,Embraer E175,IND,ORD,PZ2
2026-06-10,3 days ago,UA3534,Embraer E175,IND,ORD,PZ2
2026-05-25,1 day ago,UA958,Boeing 767-300,LHR,ORD,PZ9
2026-05-16,1 day ago,UA5410,Embraer E175,LAX,RNO,PZ2
2026-09-12,3 hours ago,UA2196,Boeing 737-900,IAH,RDU,PZ2
2026-09-12,3 hours ago,UA6148,Embraer E175,IAH,RDU,PZ2
2026-06-02,2 days ago,UA5253,Embraer E175,DEN,SHV,PZ1
2026-09-11,9 hours ago,UA3417,Embraer E175,EWR,CVG,PZ1
2026-07-01,2 days ago,UA5879,Embraer E175,DEN,SHV,PZ2
2026-10-10,3 days ago,UA6268,Embraer E175,TAM,IAH,PZ2
2026-05-25,4 days ago,UA3481,Embraer E175,EWR,CMH,PZ2
2026-08-25,11 hours ago,UA2399,Boeing 737-900,OMA,IAH,PZ3
2026-08-25,11 hours ago,UA293,Boeing 737 MAX 9,OMA,ORD,PZ4
2026-08-25,11 hours ago,UA1150,Boeing 737-800,OMA,ORD,PZ3
2026-08-25,11 hours ago,UA1476,Boeing 737-700,OMA,ORD,PZ2
2026-08-25,11 hours ago,UA5534,Embraer E175,OMA,ORD,PZ2
2026-08-25,11 hours ago,UA1442,Boeing 737-900,OMA,DEN,PZ4
2026-09-25,3 days ago,UA6268,Embraer E175,TAM,IAH,PZ5
2026-08-25,11 hours ago,UA5935,Embraer E175,OMA,DEN,PZ1
2026-08-25,11 hours ago,UA1355,Boeing 737 MAX 8,OMA,SFO,PZ1
2026-07-07,1 day ago,UA822,Airbus A319,MEX,SFO,PZ5
2026-07-21,3 hours ago,UA6148,Embraer E175,IAH,RDU,PZ2
2026-08-08,1 day ago,UA6266,Embraer E175,SDF,IAH,PZ2
2026-08-04,17 hours ago,UA16,Boeing 767-300,EWR,LHR,PZ9
2026-05-13,3 hours ago,UA211,Boeing 737-800,LGA,ORD,PZ4
2026-05-21,3 days ago,UA4424,Bombardier CRJ550,IAD,YOW,PZ3
2026-05-22,2 hours ago,UA2384,Boeing 737 MAX 8,SFO,PDX,PZ1
2026-06-05,4 days ago,UA4176,Bombardier CRJ550,EWR,RIC,PZ2
2026-06-03,1 day ago,UA5594,Embraer E175,OMA,DEN,PZ1
2026-10-06,3 days ago,UA6268,Embraer E175,TAM,IAH,PZ2
2027-02-23,1 day ago,UA152,Boeing 787-9 Dreamliner,HKG,SGN,PZ9
2026-09-11,11 hours ago,UA1980,Boeing 737-800,SFO,SAN,PZ1
2026-09-08,11 hours ago,UA1980,Boeing 737-800,SFO,SAN,PZ2
2026-07-21,1 day ago,UA6027,Embraer E175,SFO,BOI,PZ2
2026-07-21,1 day ago,UA267,Boeing 737-800,SFO,BOI,PZ2
2026-06-02,3 days ago,UA1596,Boeing 737 MAX 8,PDX,SFO,PZ5
2026-05-08,3 days ago,UA1059,Boeing 737-900,CUN,IAH,PZ6
2026-06-02,3 days ago,UA2818,Airbus A319,PDX,SFO,PZ4
2026-11-03,3 hours ago,UA4754,Embraer E175,DTW,ORD,PZ2
2026-05-09,3 days ago,UA5730,Embraer E175,DEN,JAC,PZ4
2026-05-31,1 day ago,UA1853,Boeing 737-700,MTY,IAH,PZ1
2026-05-30,2 days ago,UA6027,Embraer E175,SFO,BOI,PZ3
2026-05-16,2 days ago,UA5623,Embraer E175,SFO,BOI,PZ4
2027-02-06,10 hours ago,UA4799,Embraer E175,SAF,DEN,PZ2
2026-05-29,9 hours ago,UA3577,Embraer E175,PIT,ORD,PZ2
2027-01-12,10 hours ago,UA4799,Embraer E175,SAF,DEN,PZ2
2026-06-07,1 day ago,UA3458,Embraer E175,CMH,EWR,PZ1
2026-10-17,10 hours ago,UA4799,Bombardier CRJ550,SAF,DEN,PZ2
2027-03-09,10 hours ago,UA4799,Embraer E175,SAF,DEN,PZ1
2026-08-06,1 day ago,UA3438,Embraer E175,SDF,IAD,PZ1
2026-10-15,10 hours ago,UA4799,Bombardier CRJ550,SAF,DEN,PZ1
2026-05-29,4 days ago,UA3710,Embraer E175,CMH,EWR,PZ1
2026-10-14,10 hours ago,UA4799,Bombardier CRJ550,SAF,DEN,PZ2
2026-07-18,10 hours ago,UA5377,Bombardier CRJ550,SAF,DEN,PZ1
2026-05-22,10 hours ago,UA1627,Boeing 737-800,ORD,LGA,PZ1
2026-06-09,2 days ago,UA649,Airbus A320,BOI,SFO,PZ4
2026-08-05,1 day ago,UA3438,Embraer E175,SDF,IAD,PZ2
2027-02-13,10 hours ago,UA4799,Embraer E175,SAF,DEN,PZ2
2026-08-21,10 hours ago,UA4799,Bombardier CRJ550,SAF,DEN,PZ1
2026-08-29,1 day ago,UA3508,Embraer E175,SDF,IAD,PZ1
2026-07-28,10 hours ago,UA4168,Bombardier CRJ550,BHM,ORD,PZ2
2026-05-07,2 days ago,UA4678,Embraer E175,BOI,SFO,PZ2
2026-07-14,10 hours ago,UA4168,Bombardier CRJ550,BHM,ORD,PZ2
2026-05-09,3 days ago,UA2035,Boeing 737-800,ORD,LGA,PZ4
2026-10-07,1 day ago,UA3508,Embraer E175,SDF,IAD,PZ1
2026-07-17,10 hours ago,UA4168,Bombardier CRJ550,BHM,ORD,PZ1
2027-02-14,1 day ago,UA951,Boeing 777-300ER,BRU,IAD,PZ4
2026-07-15,1 day ago,UA3438,Embraer E175,SDF,IAD,PZ2
2026-07-22,10 hours ago,UA4168,Bombardier CRJ550,BHM,ORD,PZ1
2026-07-31,1 day ago,UA3438,Embraer E175,SDF,IAD,PZ1
2026-05-10,1 day ago,UA2655,Boeing 737-800,PHL,ORD,PZ2
2026-07-30,10 hours ago,UA4799,Bombardier CRJ550,SAF,DEN,PZ1
2026-05-06,2 days ago,UA5325,Embraer E175,COS,IAH,PZ1
2026-12-25,10 hours ago,UA4799,Embraer E175,SAF,DEN,PZ1
2026-07-21,10 hours ago,UA4799,Bombardier CRJ550,SAF,DEN,PZ2
2027-02-25,1 day ago,UA951,Boeing 777-300ER,BRU,IAD,PZ6
2026-05-05,16 hours ago,UA3701,Embraer E175,IAD,CLT,PZ2
2026-10-03,1 day ago,UA3980,Embraer E175,IAD,SDF,PZ1
2026-07-25,1 day ago,UA3980,Embraer E175,IAD,SDF,PZ2
2026-05-19,1 day ago,UA374,Airbus A319,DCA,ORD,PZ2
2026-06-13,2 days ago,UA649,Airbus A320,BOI,SFO,PZ2
2026-09-19,1 day ago,UA3980,Embraer E175,IAD,SDF,PZ1
2026-10-27,10 hours ago,UA4799,Embraer E175,SAF,DEN,PZ1
2026-06-25,1 day ago,UA3672,Embraer E175,EWR,DTW,PZ1
2026-06-03,4 days ago,UA1345,Airbus A320,YYZ,IAH,PZ3
2026-09-11,10 hours ago,UA4799,Bombardier CRJ550,SAF,DEN,PZ1
2026-12-20,10 hours ago,UA4799,Embraer E175,SAF,DEN,PZ1
2026-11-14,3 days ago,UA2848,Boeing 737 MAX 8,EWR,MSY,PZ1
2026-05-19,3 days ago,UA3431,Embraer E175,IAD,YYZ,PZ4
2026-11-17,10 hours ago,UA4799,Embraer E175,SAF,DEN,PZ2
2026-06-20,3 days ago,UA4596,Bombardier CRJ550,SDF,ORD,PZ1
2026-05-12,21 hours ago,UA917,Boeing 777-200,SFO,AKL,PZ9
2026-06-20,4 days ago,UA3524,Embraer E175,CMH,ORD,PZ1
2026-09-16,10 hours ago,UA4799,Bombardier CRJ550,SAF,DEN,PZ2
2026-07-15,10 hours ago,UA4799,Bombardier CRJ550,SAF,DEN,PZ1
2027-01-26,10 hours ago,UA4799,Embraer E175,SAF,DEN,PZ1
2026-08-11,1 day ago,UA3570,Embraer E175,IAD,SDF,PZ1
2027-03-30,10 hours ago,UA4799,Embraer E175,SAF,DEN,PZ1
2026-07-11,1 day ago,UA3980,Embraer E175,IAD,SDF,PZ2
2026-08-24,1 day ago,UA22,Boeing 777-200,DUB,EWR,PZ9
2027-02-23,10 hours ago,UA4799,Embraer E175,SAF,DEN,PZ2
2026-11-07,2 hours ago,UA341,Boeing 737 MAX 9,ORD,SEA,PZ2
2027-03-18,1 day ago,UA958,Boeing 767-300,LHR,ORD,PZ4
2027-03-31,10 hours ago,UA4731,Embraer E175,DEN,SAF,PZ1
2026-10-14,10 hours ago,UA4731,Bombardier CRJ550,DEN,SAF,PZ1
2026-06-02,3 days ago,UA4419,Bombardier CRJ550,EWR,CHA,PZ1
2026-06-09,15 hours ago,UA921,Boeing 767-300,LHR,EWR,PZ9
2026-05-07,4 hours ago,UA1539,Boeing 737 Max 8,NAS,EWR,PZ7
2026-06-27,10 hours ago,UA3683,Embraer E175,EWR,IND,PZ2
2026-05-30,2 days ago,UA2670,Boeing 737-900,DFW,IAH,PZ1
2026-07-13,10 hours ago,UA4684,Bombardier CRJ550,DEN,SAF,PZ1
2026-06-16,1 day ago,UA3412,Embraer E175,EWR,DTW,PZ1
2026-06-16,1 day ago,UA3586,Embraer E175,EWR,DTW,PZ1
2027-02-18,10 hours ago,UA4731,Embraer E175,DEN,SAF,PZ1
2026-12-25,10 hours ago,UA4731,Embraer E175,DEN,SAF,PZ1
2027-01-01,10 hours ago,UA4731,Embraer E175,DEN,SAF,PZ1
2026-10-06,10 hours ago,UA4731,Bombardier CRJ550,DEN,SAF,PZ2
2026-06-01,4 days ago,UA2471,Boeing 737-900,IAD,DFW,PZ3
2026-07-29,1 day ago,UA1672,Boeing 737 MAX 9,LAS,ORD,PZ2
2026-07-29,1 day ago,UA2320,Airbus A321neo,LAS,ORD,PZ2
2027-01-05,10 hours ago,UA4731,Embraer E175,DEN,SAF,PZ2
2027-03-01,10 hours ago,UA4731,Embraer E175,DEN,SAF,PZ1
2026-05-18,19 hours ago,UA2260,Airbus A320,DFW,IAH,PZ1
2026-05-18,19 hours ago,UA1586,Boeing 737 MAX 8,DFW,IAH,PZ6
2026-06-09,1 day ago,UA2041,Boeing 737-800,MSP,DEN,PZ2
2026-10-27,10 hours ago,UA4731,Embraer E175,DEN,SAF,PZ2
2027-01-26,10 hours ago,UA4731,Embraer E175,DEN,SAF,PZ2
2027-02-24,10 hours ago,UA4731,Embraer E175,DEN,SAF,PZ1
2027-03-30,10 hours ago,UA4731,Embraer E175,DEN,SAF,PZ2
2026-08-06,4 days ago,UA1998,Boeing 737-700,IAD,MSP,PZ1
2026-07-22,3 days ago,UA2104,Boeing 737 MAX 8,EWR,CLT,PZ1
2026-06-27,1 day ago,UA425,Airbus A319,ATL,IAH,PZ1
2026-06-13,3 days ago,UA3479,Embraer E175,IND,ORD,PZ2
2027-01-07,10 hours ago,UA4731,Embraer E175,DEN,SAF,PZ1
2027-02-27,10 hours ago,UA4731,Embraer E175,DEN,SAF,PZ1
2026-11-09,10 hours ago,UA4731,Embraer E175,DEN,SAF,PZ1
2027-02-11,10 hours ago,UA4731,Embraer E175,DEN,SAF,PZ1
2026-09-15,10 hours ago,UA4731,Bombardier CRJ550,DEN,SAF,PZ2
2026-06-28,4 days ago,UA6271,Embraer E175,IAH,CMH,PZ1
2026-05-23,3 days ago,UA1764,Boeing 737-900,IAD,LAS,PZ2
2027-03-14,10 hours ago,UA4731,Embraer E175,DEN,SAF,PZ1
2026-05-22,3 hours ago,UA1289,Boeing 737 MAX 9,CHS,EWR,PZ3
2027-01-31,10 hours ago,UA4731,Embraer E175,DEN,SAF,PZ1
2026-12-29,10 hours ago,UA4731,Embraer E175,DEN,SAF,PZ2
2026-12-30,10 hours ago,UA4731,Embraer E175,DEN,SAF,PZ2
2026-09-25,10 hours ago,UA4731,Bombardier CRJ550,DEN,SAF,PZ1
2026-11-22,10 hours ago,UA4731,Embraer E175,DEN,SAF,PZ1
2027-01-25,10 hours ago,UA4731,Embraer E175,DEN,SAF,PZ1
2026-05-13,3 hours ago,UA3618,Embraer E175,ORD,CLT,PZ1
2026-11-17,10 hours ago,UA4731,Embraer E175,DEN,SAF,PZ2
2026-11-04,10 hours ago,UA4731,Embraer E175,DEN,SAF,PZ1
2026-11-18,10 hours ago,UA4731,Embraer E175,DEN,SAF,PZ2
2026-05-11,1 day ago,UA5576,Embraer E175,RAP,DEN,PZ3
2027-01-27,10 hours ago,UA4731,Embraer E175,DEN,SAF,PZ2
2026-06-29,10 hours ago,UA3672,Embraer E175,EWR,DTW,PZ1
2027-01-16,10 hours ago,UA4731,Embraer E175,DEN,SAF,PZ2
2026-06-21,1 day ago,UA1767,Boeing 737-900,RAP,DEN,PZ1
2026-05-07,4 days ago,UA5252,Embraer E175,CMH,ORD,PZ1
2026-07-07,1 day ago,UA2645,Boeing 737-900,EWR,AUS,PZ1
2026-05-09,10 hours ago,UA499,Airbus A320,SEA,SFO,PZ3
2026-05-08,4 hours ago,UA5296,Embraer E175,TUL,ORD,PZ1
2026-05-30,3 hours ago,UA582,Boeing 737-800,SFO,LAS,PZ3
2026-05-14,3 days ago,UA5635,Embraer E175,BWI,ORD,PZ2
2026-06-27,3 days ago,UA1546,Boeing 737-900,LAX,LAS,PZ2
2026-06-06,10 hours ago,UA1839,Boeing 737 MAX 9,MCO,ORD,PZ3
2026-05-06,2 days ago,UA2223,Boeing 737 Max 8,ORD,FAI,PZ3
2026-06-01,3 days ago,UA5519,Embraer E175,CLD,SFO,PZ1
2026-06-23,10 hours ago,UA6033,Embraer E175,ORD,MSY,PZ1
2026-06-22,10 hours ago,UA356,Boeing 737 MAX 9,ORD,ATL,PZ2
2026-05-20,12 hours ago,UA3545,Embraer E175,EWR,CMH,PZ3
2026-09-01,1 day ago,UA958,Boeing 767-300,LHR,ORD,PZ9
2026-05-19,10 hours ago,UA1216,Boeing 737 MAX 9,IAH,OMA,PZ6
2026-07-07,4 days ago,UA298,Boeing 737 MAX 9,SFO,LAX,PZ2
2026-08-04,1 day ago,UA1061,Boeing 737 MAX 8,DCA,ORD,PZ3
2026-08-04,1 day ago,UA2218,Airbus A319,DCA,ORD,PZ2
2026-05-22,10 hours ago,UA1538,Boeing 737-900,EWR,AUS,PZ2
2026-07-14,10 hours ago,UA4799,Bombardier CRJ550,SAF,DEN,PZ2
2026-05-31,3 days ago,UA4480,Bombardier CRJ550,HSV,ORD,PZ1
2026-08-23,1 day ago,UA3570,Embraer E175,IAD,SDF,PZ1
2026-09-05,1 day ago,UA3570,Embraer E175,IAD,SDF,PZ2
2026-05-30,10 hours ago,UA1997,Boeing 737-900,MCO,IAD,PZ1
2026-10-21,10 hours ago,UA4799,Bombardier CRJ550,SAF,DEN,PZ2
2026-07-04,10 hours ago,UA677,Boeing 737 MAX 9,EWR,FLL,PZ1
2026-07-04,10 hours ago,UA651,Boeing 737 MAX 8,EWR,FLL,PZ2
2027-02-03,10 hours ago,UA4799,Embraer E175,SAF,DEN,PZ2
2026-05-13,4 days ago,UA3520,Embraer E175,CMH,ORD,PZ5
2026-05-10,2 days ago,UA5720,Embraer E175,SFO,BOI,PZ1
2026-05-19,2 days ago,UA5644,Embraer E175,SFO,BOI,PZ4
2026-07-01,3 days ago,UA2311,Boeing 737-900,MIA,ORD,PZ1
2026-08-11,10 hours ago,UA4799,Bombardier CRJ550,SAF,DEN,PZ2
2026-10-13,10 hours ago,UA4799,Bombardier CRJ550,SAF,DEN,PZ2
2026-06-30,1 day ago,UA543,Airbus A319,SFO,SLC,PZ2
2026-08-18,1 day ago,UA3570,Embraer E175,IAD,SDF,PZ1
2026-08-29,1 day ago,UA3980,Embraer E175,IAD,SDF,PZ2
2026-08-24,10 hours ago,UA4731,Bombardier CRJ550,DEN,SAF,PZ1
2026-06-16,1 day ago,UA247,Airbus A319,MEM,ORD,PZ2
2026-06-16,1 day ago,UA5672,Embraer E175,MEM,ORD,PZ2
2026-08-22,3 days ago,UA3426,Embraer E175,ORD,CLT,PZ1
2026-08-25,10 hours ago,UA4799,Bombardier CRJ550,SAF,DEN,PZ2
2026-05-18,2 days ago,UA4753,Bombardier CRJ700,BOI,SFO,PZ1
2026-07-07,3 days ago,UA3604,Embraer E175,EWR,GSP,PZ1
2026-07-07,3 days ago,UA3606,Embraer E175,EWR,GSP,PZ2
2026-07-07,3 days ago,UA3584,Embraer E175,EWR,GSP,PZ2
2026-09-09,11 hours ago,UA1980,Boeing 737-800,SFO,SAN,PZ2
2026-08-10,10 hours ago,UA4799,Bombardier CRJ550,SAF,DEN,PZ1
2026-05-29,3 hours ago,UA4718,Embraer E175,CLT,ORD,PZ1
2026-05-06,4 hours ago,UA1539,Boeing 737 Max 8,NAS,EWR,PZ9
2026-08-02,10 hours ago,UA4731,Bombardier CRJ550,DEN,SAF,PZ1
2027-01-12,10 hours ago,UA4731,Embraer E175,DEN,SAF,PZ2
2026-08-29,10 hours ago,UA4731,Bombardier CRJ550,DEN,SAF,PZ1
2026-11-16,10 hours ago,UA4731,Embraer E175,DEN,SAF,PZ1
2027-03-24,10 hours ago,UA4731,Embraer E175,DEN,SAF,PZ2
2026-05-06,2 days ago,UA1117,Airbus A320,IAH,DFW,PZ2
2026-06-01,3 hours ago,UA3440,Embraer E175,CLT,ORD,PZ2
2027-03-15,10 hours ago,UA4731,Embraer E175,DEN,SAF,PZ1
2026-05-24,3 hours ago,UA3440,Embraer E175,CLT,ORD,PZ6
2026-06-17,3 hours ago,UA3440,Embraer E175,CLT,ORD,PZ1
2026-06-27,10 hours ago,UA3403,Embraer E175,EWR,PIT,PZ2
2026-09-21,10 hours ago,UA4731,Bombardier CRJ550,DEN,SAF,PZ1
2026-09-05,3 days ago,UA4043,Embraer E175,IAD,ATL,PZ1
2027-02-28,10 hours ago,UA4731,Embraer E175,DEN,SAF,PZ1
2026-10-02,4 days ago,UA5418,Bombardier CRJ550,ORD,HSV,PZ1
2026-05-16,19 hours ago,UA2114,Boeing 737-700,DFW,IAH,PZ3
2026-11-11,10 hours ago,UA4731,Embraer E175,DEN,SAF,PZ2
2026-06-03,1 day ago,UA539,Boeing 737-800,DFW,IAH,PZ1
2026-06-03,1 day ago,UA2114,Boeing 737 MAX 9,DFW,IAH,PZ2
2027-03-28,10 hours ago,UA4731,Embraer E175,DEN,SAF,PZ1
2026-06-03,3 hours ago,UA1748,Boeing 737-800,ORD,CLT,PZ2
2026-05-29,2 days ago,UA925,Boeing 777-200,LHR,IAD,PZ7
2026-07-18,10 hours ago,UA4731,Bombardier CRJ550,DEN,SAF,PZ2
2027-03-07,10 hours ago,UA4731,Embraer E175,DEN,SAF,PZ1
2026-10-31,10 hours ago,UA4731,Embraer E175,DEN,SAF,PZ2
2026-10-14,4 days ago,UA6007,Bombardier CRJ550,ORD,HSV,PZ1
2026-09-12,10 hours ago,UA4731,Bombardier CRJ550,DEN,SAF,PZ2
2026-11-01,10 hours ago,UA4731,Embraer E175,DEN,SAF,PZ1
2026-05-17,3 days ago,UA392,Boeing 737 MAX 9,EWR,PTY,PZ6
2026-05-06,2 days ago,UA5623,Embraer E175,SFO,BOI,PZ2
2027-03-29,10 hours ago,UA4731,Embraer E175,DEN,SAF,PZ1
2027-03-02,10 hours ago,UA4731,Embraer E175,DEN,SAF,PZ2
2027-02-02,10 hours ago,UA4731,Embraer E175,DEN,SAF,PZ1
2026-05-17,10 hours ago,UA4411,Bombardier CRJ550,IAD,GSP,PZ1
2026-07-26,4 days ago,UA6271,Embraer E175,IAH,CMH,PZ1
2027-02-10,10 hours ago,UA4731,Embraer E175,DEN,SAF,PZ2
2026-09-01,1 day ago,UA928,Boeing 767-300,LHR,ORD,PZ9
2026-05-15,3 hours ago,UA1969,Boeing 737-900,CHS,EWR,PZ1
2027-01-17,10 hours ago,UA4731,Embraer E175,DEN,SAF,PZ1
2026-05-10,4 days ago,UA6271,Embraer E175,IAH,CMH,PZ3
2026-09-06,10 hours ago,UA4731,Bombardier CRJ550,DEN,SAF,PZ1
2026-09-14,10 hours ago,UA4731,Bombardier CRJ550,DEN,SAF,PZ1
2026-05-15,10 hours ago,UA4383,Bombardier CRJ550,GSP,IAD,PZ2
2026-05-19,3 hours ago,UA2635,Boeing 737-900,ORD,CLT,PZ5
2026-07-25,10 hours ago,UA4731,Bombardier CRJ550,DEN,SAF,PZ2
2026-05-23,1 day ago,UA2398,Boeing 737 MAX 8,EWR,CLE,PZ1
2026-07-04,10 hours ago,UA4731,Bombardier CRJ550,DEN,SAF,PZ2
2027-02-01,10 hours ago,UA4731,Embraer E175,DEN,SAF,PZ1
2027-01-18,10 hours ago,UA4731,Embraer E175,DEN,SAF,PZ1
2026-10-13,10 hours ago,UA4731,Bombardier CRJ550,DEN,SAF,PZ2
2026-05-25,1 day ago,UA2324,Boeing 737-900,DEN,CID,PZ2
2026-05-24,3 hours ago,UA3450,Embraer E175,ORD,CLT,PZ6
2026-05-15,3 days ago,UA2174,Boeing 737-800,SFO,BUR,PZ1
2027-03-09,10 hours ago,UA4731,Embraer E175,DEN,SAF,PZ2
2027-01-03,3 days ago,UA1167,Boeing 737-900,IAH,CUN,PZ1
2026-05-28,3 hours ago,UA1048,Boeing 737-800,CLT,ORD,PZ1
2026-06-06,1 day ago,UA5405,Embraer E175,SFO,SLC,PZ4
2026-05-09,1 day ago,UA1247,Boeing 737-900,DEN,PDX,PZ2
2026-05-09,1 day ago,UA1571,Boeing 737-900,IAH,MCO,PZ6
2026-05-27,1 day ago,UA5405,Embraer E175,SFO,SLC,PZ4
2026-10-25,3 days ago,UA3683,Embraer E175,EWR,IND,PZ1
2026-05-25,10 hours ago,UA1355,Boeing 737-800,DTW,ORD,PZ2
2026-05-25,10 hours ago,UA5264,Embraer E175,DTW,ORD,PZ2
2026-05-12,3 days ago,UA2057,Boeing 737 MAX 8,SAN,LAX,PZ1
2026-06-19,1 day ago,UA344,Boeing 737 MAX 8,LAX,LAS,PZ1
2026-05-16,3 days ago,UA5603,Embraer E175,ORD,BWI,PZ4
2026-05-22,1 day ago,UA6205,Embraer E175,IAH,ZIH,PZ8
2026-06-17,10 hours ago,UA6033,Embraer E175,ORD,MSY,PZ2
2027-01-01,2 days ago,UA5590,Embraer E175,SFO,SLC,PZ1
2026-06-20,1 day ago,UA2017,Boeing 737-800,SFO,SLC,PZ1
2026-05-22,10 hours ago,UA1939,Boeing 737-900,ORD,EWR,PZ4
2026-06-23,1 day ago,UA543,Airbus A319,SFO,SLC,PZ2
2026-08-20,3 days ago,UA2277,Boeing 737-900,ORD,IAD,PZ1
2026-05-05,11 hours ago,UA1085,Airbus A319,MEX,IAH,PZ8
2026-05-09,3 days ago,UA3408,Embraer E175,GSO,EWR,PZ3
2026-05-09,3 days ago,UA4469,Bombardier CRJ550,GSP,IAD,PZ3
2026-05-09,3 days ago,UA4383,Bombardier CRJ550,GSP,IAD,PZ4
2026-10-24,4 days ago,UA2127,Boeing 737 MAX 9,SFO,LAX,PZ2
2026-05-22,10 hours ago,UA1657,Boeing 737-800,ORD,LGA,PZ1
2026-05-22,3 days ago,UA3700,Embraer E175,GSP,EWR,PZ1
2026-05-21,3 days ago,UA3680,Embraer E175,GSO,EWR,PZ1
2026-05-22,3 days ago,UA3681,Embraer E175,GSO,EWR,PZ2
2026-05-22,3 days ago,UA4580,Bombardier CRJ550,GSO,EWR,PZ2
2026-05-21,3 days ago,UA393,Boeing 737-700,CLT,IAD,PZ6
2026-05-21,3 days ago,UA3998,Embraer E175,CLT,IAD,PZ3
2026-05-22,3 days ago,UA6279,Embraer E175,CLT,IAD,PZ1
2026-05-23,3 hours ago,UA3468,Embraer E175,CLT,EWR,PZ5
2026-06-01,10 hours ago,UA5243,Embraer E175,MTY,IAH,PZ9
2026-05-30,1 day ago,UA5485,Embraer E175,MCI,ORD,PZ2
2026-05-14,10 hours ago,UA2274,Boeing 737 MAX 9,SAN,SFO,PZ1
2026-05-10,18 hours ago,UA1371,Boeing 737 MAX 9,STL,IAH,PZ3
2026-05-14,10 hours ago,UA1665,Boeing 737-900,ONT,SFO,PZ3
2026-05-14,10 hours ago,UA1851,Airbus A320,ONT,SFO,PZ3
2026-05-14,10 hours ago,UA2647,Boeing 737 MAX 9,LAX,SFO,PZ1
2027-01-25,6 hours ago,UA972,Boeing 787-10 Dreamliner,ORD,BRU,PZ1
2026-06-14,1 day ago,UA6213,Embraer E175,STL,IAH,PZ1
2026-06-05,3 days ago,UA817,Airbus A320,SFO,MEX,PZ4
2026-05-23,1 day ago,UA5526,Embraer E175,LAX,SLC,PZ1
2026-05-13,1 day ago,UA424,Boeing 737-900,LAX,SLC,PZ8
2026-06-14,3 days ago,UA153,Boeing 787-9 Dreamliner,SGN,HKG,PZ9
2026-06-07,3 days ago,UA152,Boeing 787-9 Dreamliner,HKG,SGN,PZ9
2026-06-30,3 days ago,UA152,Boeing 787-9 Dreamliner,HKG,SGN,PZ9
2026-05-15,9 hours ago,UA963,Boeing 767-300,BER,EWR,PZ9
2026-08-11,10 hours ago,UA4731,Bombardier CRJ550,DEN,SAF,PZ2
2026-05-20,3 days ago,UA4029,Embraer E175,CMH,IAD,PZ1
2026-09-26,10 hours ago,UA4731,Bombardier CRJ550,DEN,SAF,PZ2
2027-03-22,10 hours ago,UA4731,Embraer E175,DEN,SAF,PZ1
2026-11-15,10 hours ago,UA4731,Embraer E175,DEN,SAF,PZ1
2026-09-13,10 hours ago,UA4731,Bombardier CRJ550,DEN,SAF,PZ1
2026-10-17,10 hours ago,UA4731,Bombardier CRJ550,DEN,SAF,PZ2
2027-01-10,10 hours ago,UA4731,Embraer E175,DEN,SAF,PZ1
2026-12-25,1 day ago,UA951,Boeing 777-300ER,BRU,IAD,PZ7
2026-06-08,3 days ago,UA539,Boeing 737-800,DFW,IAH,PZ2
2026-06-13,10 hours ago,UA1015,Boeing 737-900,BOS,ORD,PZ4
2026-05-19,3 days ago,UA445,Airbus A319,CMH,IAD,PZ2
2026-10-24,10 hours ago,UA4731,Bombardier CRJ550,DEN,SAF,PZ2
2026-05-09,3 hours ago,UA5285,Embraer E175,ORD,CLT,PZ3
2026-05-15,1 day ago,UA3681,Embraer E175,MSP,EWR,PZ2
2026-08-21,10 hours ago,UA4731,Bombardier CRJ550,DEN,SAF,PZ1
2027-02-17,10 hours ago,UA4731,Embraer E175,DEN,SAF,PZ1
2026-09-06,3 days ago,UA6115,Embraer E175,ATL,IAD,PZ1
2027-02-22,10 hours ago,UA4731,Embraer E175,DEN,SAF,PZ1
2026-05-28,4 days ago,UA1492,Boeing 737-900,ORD,CMH,PZ4
2027-02-08,10 hours ago,UA4731,Embraer E175,DEN,SAF,PZ1
2026-05-11,3 days ago,UA32,Boeing 737-800,NRT,CEB,PZ9
2026-08-08,10 hours ago,UA4731,Bombardier CRJ550,DEN,SAF,PZ2
2027-03-08,10 hours ago,UA4731,Embraer E175,DEN,SAF,PZ1
2027-02-14,10 hours ago,UA4731,Embraer E175,DEN,SAF,PZ1
2026-11-03,10 hours ago,UA4731,Embraer E175,DEN,SAF,PZ2
2026-08-20,10 hours ago,UA4731,Bombardier CRJ550,DEN,SAF,PZ1
2027-02-16,10 hours ago,UA4731,Embraer E175,DEN,SAF,PZ2
2026-05-09,1 day ago,UA2264,Boeing 737 MAX 9,IAD,BNA,PZ8
2026-08-15,10 hours ago,UA4731,Bombardier CRJ550,DEN,SAF,PZ2
2026-06-06,4 days ago,UA6271,Embraer E175,IAH,CMH,PZ2
2026-08-29,2 days ago,UA2110,Boeing 737 MAX 8,EWR,AUS,PZ1
2027-01-11,10 hours ago,UA4731,Embraer E175,DEN,SAF,PZ1
2026-11-25,10 hours ago,UA4731,Embraer E175,DEN,SAF,PZ1
2027-03-18,10 hours ago,UA4731,Embraer E175,DEN,SAF,PZ1
2027-02-25,10 hours ago,UA4731,Embraer E175,DEN,SAF,PZ1
2026-05-29,4 days ago,UA2086,Boeing 737-800,IAH,CMH,PZ3
2026-07-28,10 hours ago,UA4731,Bombardier CRJ550,DEN,SAF,PZ2
2026-05-31,1 day ago,UA2324,Boeing 737-900,DEN,CID,PZ1
2026-05-11,3 days ago,UA848,Boeing 737-800,HND,GUM,PZ7
2026-09-30,10 hours ago,UA4731,Bombardier CRJ550,DEN,SAF,PZ2
2026-05-05,4 days ago,UA6271,Embraer E175,IAH,CMH,PZ4
2026-05-12,4 days ago,UA6271,Embraer E175,IAH,CMH,PZ1
2026-11-10,10 hours ago,UA4731,Embraer E175,DEN,SAF,PZ2
2026-05-12,3 days ago,UA1059,Boeing 737-900,CUN,IAH,PZ9
2026-05-19,3 days ago,UA1059,Boeing 737-900,CUN,IAH,PZ4
2027-01-02,3 days ago,UA1114,Boeing 737-900,IAH,CUN,PZ2
2026-11-21,1 day ago,UA5753,Embraer E175,SFO,SLC,PZ2
2026-06-02,6 hours ago,UA1711,Boeing 737 MAX 9,AUS,EWR,PZ2
2026-11-14,10 hours ago,UA4731,Embraer E175,DEN,SAF,PZ2
2026-12-31,3 days ago,UA1114,Boeing 737-900,IAH,CUN,PZ3
2026-09-16,10 hours ago,UA4731,Bombardier CRJ550,DEN,SAF,PZ2
2026-08-01,10 hours ago,UA4731,Bombardier CRJ550,DEN,SAF,PZ2
2026-12-11,3 days ago,UA1114,Boeing 737-900,IAH,CUN,PZ2
2026-12-12,3 days ago,UA1020,Boeing 737-900,IAH,CUN,PZ2
2026-05-11,10 hours ago,UA4486,Bombardier CRJ550,EWR,DCA,PZ1
2026-07-05,1 day ago,UA1163,Boeing 737 MAX 9,IAH,MBJ,PZ7
2026-05-27,3 days ago,UA375,Boeing 737-900,EWR,BOS,PZ2
2026-05-26,4 days ago,UA3554,Embraer E175,ORD,CMH,PZ1
2026-05-30,10 hours ago,UA5953,Embraer E175,ORD,SLC,PZ3
2026-05-13,1 day ago,UA5410,Embraer E175,LAX,RNO,PZ1
2026-05-12,1 day ago,UA1623,Boeing 737 MAX 8,LAX,RNO,PZ5
2026-05-07,1 day ago,UA4653,Embraer E175,LAX,RNO,PZ6
2026-05-05,3 days ago,UA2232,Airbus A319,MSP,DEN,PZ3
2026-05-05,3 days ago,UA1891,Boeing 737-900ER,MSP,DEN,PZ4
2026-05-12,3 days ago,UA5341,Embraer E175,SAN,LAX,PZ3
2026-05-16,1 day ago,UA5590,Embraer E175,SFO,SLC,PZ3
2026-05-23,10 hours ago,UA2340,Airbus A320,SBA,SFO,PZ1
2026-10-17,1 day ago,UA3638,Embraer E175,EWR,CMH,PZ1
2026-05-24,1 day ago,UA543,Airbus A319,SFO,SLC,PZ2
2026-05-23,10 hours ago,UA5397,Embraer E175,SFO,SBA,PZ3
2026-05-15,3 days ago,UA1464,Airbus A319,YYZ,ORD,PZ7
2026-05-09,4 days ago,UA838,Boeing 737-800,KHH,NRT,PZ9
2026-05-28,19 hours ago,UA838,Boeing 737-800,KHH,NRT,PZ4
2026-05-21,4 days ago,UA3481,Embraer E175,EWR,CMH,PZ3
2026-06-01,10 hours ago,UA2826,Boeing 737-900,ONT,ORD,PZ2
2026-05-11,10 hours ago,UA1195,Boeing 737 MAX 9,LAX,SFO,PZ2
2026-05-22,3 days ago,UA4010,Embraer E175,IAH,ELP,PZ1
2026-05-07,3 days ago,UA1085,Airbus A319,MEX,IAH,PZ9
2026-08-19,3 days ago,UA2796,Boeing 737 MAX 9,EWR,CHS,PZ2
2026-05-10,3 days ago,UA3408,Embraer E175,GSO,EWR,PZ2
2026-06-04,4 days ago,UA3554,Embraer E175,ORD,CMH,PZ3
2026-09-01,11 hours ago,UA905,Boeing 777-200,LHR,EWR,PZ9
2026-05-10,2 hours ago,UA4188,Bombardier CRJ550,GSO,IAD,PZ4
2026-07-26,1 day ago,UA6027,Embraer E175,SFO,BOI,PZ1
2027-01-16,3 days ago,UA5753,Embraer E175,SFO,SLC,PZ1
2026-06-12,3 days ago,UA3684,Embraer E175,GSP,EWR,PZ1
2026-06-12,3 days ago,UA4580,Bombardier CRJ550,GSO,EWR,PZ3
2027-01-27,3 days ago,UA21,Boeing 767-300,AMS,IAH,PZ2
2026-05-15,1 day ago,UA5840,Embraer E175,OKC,ORD,PZ4
2026-06-23,1 day ago,UA5526,Embraer E175,LAX,SLC,PZ2
2026-05-15,10 hours ago,UA1503,Boeing 737 MAX 9,ONT,SFO,PZ5
2026-05-15,5 hours ago,UA1791,Boeing 737-900,LAX,SFO,PZ2
2026-05-15,10 hours ago,UA304,Boeing 737-800,BUR,SFO,PZ3
2026-05-05,4 days ago,UA3641,Embraer E175,EWR,CMH,PZ2
2026-05-15,10 hours ago,UA1302,Boeing 737 MAX 9,SAN,SFO,PZ3
2026-05-15,10 hours ago,UA2117,Boeing 737-900,SAN,SFO,PZ3
2026-05-10,4 days ago,UA3692,Embraer E175,EWR,CMH,PZ4
2026-06-03,10 hours ago,UA4398,Bombardier CRJ550,EWR,YOW,PZ1
2026-05-18,1 day ago,UA4647,Embraer E175,BNA,ORD,PZ5
2026-06-26,1 day ago,UA2114,Boeing 737 MAX 9,DFW,IAH,PZ1
2026-06-25,4 days ago,UA3641,Embraer E175,EWR,CMH,PZ1
2026-05-21,3 days ago,UA153,Boeing 787-9 Dreamliner,SGN,HKG,PZ9
2026-05-29,4 days ago,UA3481,Embraer E175,EWR,CMH,PZ1
2026-06-22,3 days ago,UA152,Boeing 787-9 Dreamliner,HKG,SGN,PZ9
2026-05-13,4 days ago,UA3692,Embraer E175,EWR,CMH,PZ3
2026-06-29,3 days ago,UA152,Boeing 787-9 Dreamliner,HKG,SGN,PZ9
2026-06-06,3 days ago,UA152,Boeing 787-9 Dreamliner,HKG,SGN,PZ7
2026-07-23,20 hours ago,UA150,Boeing 737-800,KIX,GUM,PZ4
2026-05-07,4 hours ago,UA956,Boeing 767-300,EWR,GVA,PZ9
2026-06-27,3 days ago,UA152,Boeing 787-9 Dreamliner,HKG,SGN,PZ9
2026-05-20,22 hours ago,UA135,Boeing 767-300,ZRH,EWR,PZ8
2026-06-23,9 hours ago,UA1059,Boeing 737-900,CUN,IAH,PZ9
2026-05-16,9 hours ago,UA1124,Boeing 737-900,ORD,FLL,PZ2
2026-06-15,9 hours ago,UA3718,Embraer E175,GRR,EWR,PZ2
2026-08-26,13 hours ago,UA6308,Embraer E175,IAH,XNA,PZ1
2026-07-11,3 days ago,UA667,Boeing 737 MAX 8,DEN,MSP,PZ3
2026-05-20,9 hours ago,UA1346,Boeing 737 MAX 8,FLL,ORD,PZ1
2026-08-08,13 hours ago,UA6308,Embraer E175,IAH,XNA,PZ2
2026-05-17,9 hours ago,UA5937,Embraer E175,SFO,SNA,PZ1
2026-05-12,2 days ago,UA548,Boeing 737-800,LAS,SFO,PZ1
2026-05-12,2 days ago,UA643,Boeing 737-800,LAS,SFO,PZ3
2026-06-04,2 days ago,UA658,Boeing 737-900,ORD,ONT,PZ1
2026-05-06,2 days ago,UA1361,Boeing 737-900,IAH,RSW,PZ4
2026-08-04,1 day ago,UA3714,Embraer E175,MYR,EWR,PZ1
2026-05-11,2 days ago,UA658,Boeing 737-900,ORD,ONT,PZ5
2026-07-28,1 day ago,UA3714,Embraer E175,MYR,EWR,PZ1
2026-07-03,22 hours ago,UA3683,Embraer E175,EWR,IND,PZ1
2026-10-03,4 days ago,UA4572,Bombardier CRJ550,HSV,IAH,PZ2
2026-05-19,1 day ago,UA5303,Embraer E175,DEN,RAP,PZ4
2026-12-21,22 hours ago,UA4671,Embraer E175,SFO,BFL,PZ1
2026-05-10,18 hours ago,UA4580,Bombardier CRJ550,STL,ORD,PZ1
2026-05-15,1 day ago,UA5303,Embraer E175,DEN,RAP,PZ2
2026-07-28,3 days ago,UA773,Airbus A320,DEN,MSP,PZ2
2026-05-16,2 days ago,UA1771,Boeing 737 MAX 9,EWR,PBI,PZ3
2026-07-29,3 days ago,UA667,Boeing 737-800,DEN,MSP,PZ1
2026-10-04,20 hours ago,UA2363,Boeing 737-800,SFO,BUR,PZ1
2026-05-27,2 days ago,UA1799,Airbus A321neo,ORD,IAH,PZ2
2026-06-24,1 day ago,UA2114,Boeing 737 MAX 9,DFW,IAH,PZ3
2026-07-03,9 hours ago,UA5744,Embraer E175,LAX,SLC,PZ1
2026-07-03,9 hours ago,UA5696,Embraer E175,LAX,SLC,PZ1
2026-06-02,2 days ago,UA584,Boeing 737 MAX 9,PHL,IAH,PZ1
2026-06-01,1 day ago,UA2682,Airbus A320,DFW,IAH,PZ3
2026-06-01,1 day ago,UA1609,Boeing 737-900,DFW,IAH,PZ3
2026-05-17,9 hours ago,UA1458,Boeing 737-900,LAX,SMF,PZ4
2026-06-02,2 days ago,UA1799,Airbus A321neo,ORD,IAH,PZ1
2026-06-06,9 hours ago,UA1761,Boeing 737-900,ORD,MSY,PZ1
2026-07-27,2 days ago,UA6050,Bombardier CRJ550,DSM,ORD,PZ1
2026-06-20,1 day ago,UA5462,Bombardier CRJ550,FAR,DEN,PZ1
2026-05-23,20 hours ago,UA2409,Boeing 737 MAX 9,SFO,LAX,PZ1
2026-08-04,2 days ago,UA5289,Embraer E175,DSM,ORD,PZ1
2026-08-13,2 days ago,UA3687,Embraer E175,DSM,ORD,PZ1
2026-08-13,2 days ago,UA6024,Embraer E175,DSM,ORD,PZ1
2026-11-03,4 days ago,UA4707,Bombardier CRJ550,HSV,ORD,PZ1
2026-11-07,4 days ago,UA5877,Bombardier CRJ550,HSV,ORD,PZ1
2026-08-01,2 days ago,UA1856,Airbus A319,DSM,ORD,PZ1
2026-08-01,2 days ago,UA6050,Embraer E175,DSM,ORD,PZ2
2026-10-13,4 days ago,UA5266,Bombardier CRJ550,HSV,ORD,PZ1
2026-10-13,4 days ago,UA5626,Bombardier CRJ550,HSV,ORD,PZ1
2026-07-15,4 days ago,UA2125,Boeing 737 MAX 9,BNA,IAD,PZ4
2026-05-22,23 hours ago,UA4520,Bombardier CRJ550,EWR,GSO,PZ5
2026-10-04,9 hours ago,UA1796,Airbus A319,DTW,IAD,PZ1
2026-10-04,9 hours ago,UA1077,Airbus A320,ORD,DCA,PZ1
2026-05-10,22 hours ago,UA2039,Boeing 737 MAX 9,LAS,LAX,PZ5
2026-07-14,2 hours ago,UA436,Boeing 737-800,SFO,YYZ,PZ3
2026-05-05,3 days ago,UA1593,Airbus A319,MSP,DEN,PZ6
2026-07-21,4 days ago,UA4469,Bombardier CRJ550,HSV,ORD,PZ2
2026-09-05,2 days ago,UA150,Boeing 737-800,KIX,GUM,PZ1
2026-09-16,2 days ago,UA150,Boeing 737-800,KIX,GUM,PZ1
2026-09-11,2 days ago,UA150,Boeing 737-800,KIX,GUM,PZ1
2026-08-28,2 days ago,UA150,Boeing 737-800,KIX,GUM,PZ2
2026-09-10,2 days ago,UA150,Boeing 737-800,KIX,GUM,PZ1
2026-05-25,2 hours ago,UA4429,Bombardier CRJ550,ORD,BHM,PZ3
2026-05-09,2 hours ago,UA5354,Bombardier CRJ550,ORD,BHM,PZ4
2026-05-11,2 hours ago,UA4599,Bombardier CRJ550,ORD,BHM,PZ3
2026-05-08,1 day ago,UA5875,Embraer E175,IAH,OAX,PZ9
2026-05-15,10 hours ago,UA392,Boeing 737 MAX 9,EWR,PTY,PZ9
2027-02-11,21 hours ago,UA837,Boeing 737 MAX 8,NRT,KHH,PZ1
2026-05-31,2 hours ago,UA4429,Bombardier CRJ550,ORD,BHM,PZ1
2026-06-17,3 days ago,UA2245,Boeing 737-900,IAH,MCO,PZ2
2026-06-30,2 days ago,UA2311,Boeing 737-900,MIA,ORD,PZ2
2026-10-07,3 days ago,UA1056,Boeing 737-900,CUN,IAH,PZ4
2026-10-07,3 days ago,UA1123,Boeing 737 MAX 9,CUN,IAH,PZ3
2026-11-18,2 days ago,UA1024,Boeing 737 MAX 8,IAH,MEX,PZ1
2026-05-19,3 days ago,UA2310,Boeing 737-900,IAH,MCO,PZ1
2026-05-16,9 hours ago,UA5341,Embraer E175,SAN,LAX,PZ5
2026-05-16,9 hours ago,UA5636,Embraer E175,SAN,LAX,PZ5
2026-06-29,10 hours ago,UA3669,Embraer E175,EWR,IND,PZ1
2026-05-13,4 hours ago,UA2396,Boeing 737-900,EWR,MCO,PZ3
2026-05-13,4 hours ago,UA1795,Boeing 737 MAX 9,EWR,MCO,PZ8
2026-05-13,4 hours ago,UA797,Boeing 737 MAX 8,EWR,MCO,PZ6
2027-03-09,8 hours ago,UA2661,Boeing 737 MAX 9,SFO,ONT,PZ4
2027-03-09,8 hours ago,UA552,Boeing 737 MAX 9,SFO,ONT,PZ1
2027-03-09,8 hours ago,UA4798,Embraer E175,SFO,ONT,PZ1
2027-03-09,8 hours ago,UA5592,Embraer E175,SFO,ONT,PZ1
2027-03-08,8 hours ago,UA552,Boeing 737 MAX 9,SFO,ONT,PZ2
2026-07-02,8 hours ago,UA5304,Embraer E175,ORD,BNA,PZ1
2026-08-13,8 hours ago,UA299,Boeing 737 MAX 9,ATL,EWR,PZ1
2026-10-08,3 days ago,UA1051,Boeing 737-900,CUN,IAH,PZ4
2026-10-09,3 days ago,UA1059,Boeing 737-900,CUN,IAH,PZ4
2026-08-15,8 hours ago,UA2053,Boeing 737-700,ATL,EWR,PZ1
2026-08-15,8 hours ago,UA1152,Boeing 737 MAX 9,ATL,EWR,PZ3
2026-10-01,3 days ago,UA1059,Boeing 737-900,CUN,IAH,PZ1
2026-09-30,3 days ago,UA1059,Boeing 737-900,CUN,IAH,PZ3
2026-09-30,3 days ago,UA1056,Boeing 737-900,CUN,IAH,PZ1
2026-07-15,1 day ago,UA3714,Embraer E175,MYR,EWR,PZ2
2026-05-13,9 hours ago,UA5286,Embraer E175,LAX,LAS,PZ1
2026-05-09,3 days ago,UA4186,Bombardier CRJ550,GSO,IAD,PZ3
2026-08-24,3 days ago,UA1075,Boeing 737-900,LAX,CUN,PZ8
2026-06-17,4 days ago,UA3641,Embraer E175,EWR,CMH,PZ2
2026-06-12,3 days ago,UA6279,Embraer E175,CLT,IAD,PZ3
2026-06-12,3 days ago,UA3578,Embraer E175,GSP,EWR,PZ3
2026-05-13,23 hours ago,UA685,Boeing 737-700,IAH,DTW,PZ4
2026-08-19,1 day ago,UA667,Boeing 737-800,DEN,MSP,PZ1
2026-05-14,10 hours ago,UA2235,Boeing 737 MAX 9,MSY,EWR,PZ1
2026-07-21,10 hours ago,UA1795,Boeing 737-900,MSP,IAH,PZ1
2026-07-21,10 hours ago,UA283,Airbus A319,MSP,IAH,PZ2
2026-07-24,3 days ago,UA632,Boeing 737 MAX 8,ATL,IAD,PZ1
2026-05-29,4 days ago,UA1492,Boeing 737-900,ORD,CMH,PZ2
2026-09-14,3 days ago,UA1833,Boeing 737 MAX 9,BOS,EWR,PZ2
2026-05-19,1 day ago,UA424,Boeing 737-800,LAX,SLC,PZ4
2026-08-04,1 day ago,UA3694,Embraer E175,SDF,EWR,PZ2
2026-11-25,1 day ago,UA3683,Embraer E175,EWR,IND,PZ2
2026-05-16,1 day ago,UA1846,Boeing 737-800,LAX,SLC,PZ7
2026-05-18,1 day ago,UA5397,Embraer E175,LAX,SLC,PZ1
2026-05-10,1 day ago,UA1867,Boeing 737-800,CZM,IAH,PZ1
2026-05-12,3 days ago,UA153,Boeing 787-9 Dreamliner,SGN,HKG,PZ9
2026-07-27,1 day ago,UA3438,Embraer E175,SDF,IAD,PZ1
2026-08-09,3 days ago,UA1675,Boeing 737 MAX 8,IAH,MDE,PZ4
2026-05-18,3 days ago,UA3522,Embraer E175,PWM,IAD,PZ1
2026-06-02,4 days ago,UA1858,Boeing 737 MAX 9,CHS,IAD,PZ1
2026-05-20,3 hours ago,UA2400,Boeing 737 MAX 8,SFO,LAS,PZ5
2026-06-17,3 days ago,UA1019,Boeing 737 MAX 9,CUN,IAH,PZ2
2026-05-12,4 days ago,UA1907,Boeing 737-800,ORD,BNA,PZ9
2026-09-24,1 day ago,UA5988,Embraer E175,ABQ,DEN,PZ1
2026-05-14,9 hours ago,UA5415,Embraer E175,LAX,SAN,PZ1
2026-06-23,9 hours ago,UA1867,Boeing 737-800,CZM,IAH,PZ4
2026-05-30,9 hours ago,UA3652,Embraer E175,DTW,EWR,PZ1
2026-09-10,1 day ago,UA667,Boeing 737-800,DEN,MSP,PZ1
2026-05-05,4 days ago,UA3614,Embraer E175,ORD,CMH,PZ4
2026-06-23,2 days ago,UA2486,Boeing 737-900,SAN,ORD,PZ2
2026-07-28,2 days ago,UA651,Boeing 737 MAX 9,FLL,ORD,PZ2
2026-07-29,2 days ago,UA2311,Boeing 737-900,MIA,ORD,PZ2
2026-06-13,1 day ago,UA1008,Boeing 737-900,STL,ORD,PZ1
2026-06-13,1 day ago,UA4517,Bombardier CRJ550,STL,ORD,PZ2
2026-08-26,1 day ago,UA667,Boeing 737-800,DEN,MSP,PZ1
2026-09-26,9 hours ago,UA1789,Boeing 737-900,RDU,IAD,PZ2
2026-09-26,9 hours ago,UA794,Boeing 737 MAX 8,RDU,EWR,PZ3
2026-09-26,9 hours ago,UA1525,Boeing 737-900,RDU,EWR,PZ2
2026-10-27,9 hours ago,UA3683,Embraer E175,EWR,IND,PZ2
2026-05-07,15 hours ago,UA1712,Airbus A319,ORD,YYZ,PZ2
2026-05-13,2 days ago,UA2863,Boeing 737-900,IAH,MIA,PZ5
2026-07-22,3 days ago,UA667,Boeing 737-800,DEN,MSP,PZ1
2026-05-30,3 days ago,UA4724,Embraer E175,BFL,SFO,PZ2
2026-05-19,9 hours ago,UA3468,Embraer E175,EWR,STL,PZ3
2026-05-05,3 days ago,UA473,Boeing 737-700,STL,ORD,PZ5
2026-07-06,3 days ago,UA773,Airbus A320,DEN,MSP,PZ1
2026-07-06,3 days ago,UA667,Boeing 737-800,DEN,MSP,PZ1
2026-06-05,1 day ago,UA4774,Embraer E175,DEN,MKE,PZ3
2026-07-04,4 days ago,UA1833,Boeing 737 MAX 9,BOS,EWR,PZ4
2026-05-07,4 days ago,UA6271,Embraer E175,IAH,CMH,PZ3
2026-07-07,2 days ago,UA1753,Boeing 737 MAX 8,RDU,EWR,PZ2
2026-07-05,3 days ago,UA773,Airbus A320,DEN,MSP,PZ1
2026-10-24,3 days ago,UA667,Boeing 737-900,DEN,MSP,PZ3
2026-06-13,1 day ago,UA1420,Boeing 737-900,IAH,PDX,PZ2
2026-10-10,4 days ago,UA4572,Bombardier CRJ550,HSV,IAH,PZ2
2026-06-30,1 day ago,UA822,Airbus A319,MEX,SFO,PZ4
2026-06-16,4 days ago,UA822,Airbus A319,MEX,SFO,PZ4
2027-02-23,9 hours ago,UA906,Boeing 787-10 Dreamliner,FRA,ORD,PZ2
2026-05-20,2 hours ago,UA2142,Boeing 737 MAX 8,SFO,SAN,PZ8
2026-10-27,4 days ago,UA4707,Bombardier CRJ550,HSV,ORD,PZ2
2026-08-10,2 days ago,UA6050,Bombardier CRJ550,DSM,ORD,PZ1
2026-08-08,2 days ago,UA1856,Airbus A319,DSM,ORD,PZ2
2026-08-08,2 days ago,UA6050,Embraer E175,DSM,ORD,PZ2
2026-07-25,2 days ago,UA6050,Embraer E175,DSM,ORD,PZ2
2026-08-12,2 days ago,UA1856,Boeing 737-700,DSM,ORD,PZ2
2026-08-12,2 days ago,UA3687,Embraer E175,DSM,ORD,PZ1
2026-08-12,2 days ago,UA6024,Embraer E175,DSM,ORD,PZ2
2026-07-01,22 hours ago,UA5339,Embraer E175,SNA,SFO,PZ1
2026-08-14,2 days ago,UA3687,Embraer E175,DSM,ORD,PZ1
2026-06-19,1 day ago,UA5239,Bombardier CRJ550,FAR,DEN,PZ1
2026-05-22,23 hours ago,UA4442,Bombardier CRJ550,EWR,DCA,PZ2
2026-05-22,13 hours ago,UA2058,Boeing 737-900,EWR,BOS,PZ1
2026-05-22,23 hours ago,UA4398,Bombardier CRJ550,EWR,YOW,PZ3
2026-06-16,1 day ago,UA5239,Bombardier CRJ550,FAR,DEN,PZ2
2026-06-16,1 day ago,UA4634,Embraer E175,FAR,DEN,PZ1
2026-06-18,1 day ago,UA5239,Bombardier CRJ550,FAR,DEN,PZ1
2026-09-25,4 days ago,UA5877,Bombardier CRJ550,HSV,ORD,PZ1
2026-05-13,1 day ago,UA4506,Bombardier CRJ550,STL,IAD,PZ1
2026-05-05,3 days ago,UA4506,Bombardier CRJ550,STL,IAD,PZ3
2026-05-22,23 hours ago,UA3647,Embraer E175,EWR,ROC,PZ3
2026-05-18,2 hours ago,UA4171,Bombardier CRJ550,BHM,ORD,PZ2
2026-05-18,2 hours ago,UA4744,Bombardier CRJ550,BHM,ORD,PZ3
2026-05-06,2 days ago,UA499,Boeing 737 MAX 9,SEA,SFO,PZ8
2026-05-05,2 days ago,UA499,Boeing 737-800W,SEA,SFO,PZ1
2026-05-05,2 days ago,UA5676,Embraer E175,SEA,SFO,PZ1
2026-06-11,1 day ago,UA2041,Airbus A320,MSP,DEN,PZ2
2026-05-08,2 hours ago,UA4449,Bombardier CRJ550,BHM,ORD,PZ1
2026-05-16,2 hours ago,UA4449,Bombardier CRJ550,BHM,ORD,PZ2
2026-05-06,9 hours ago,UA1287,Boeing 737 Max 9,EWR,ATL,PZ3
2026-05-11,2 hours ago,UA4744,Bombardier CRJ550,BHM,ORD,PZ5
2026-06-09,1 day ago,UA773,Boeing 737-900,DFW,DEN,PZ4
2026-09-19,1 day ago,UA3589,Embraer E175,EWR,MYR,PZ1
2026-05-15,3 hours ago,UA371,Boeing 737-900,CLT,EWR,PZ4
2026-05-14,2 hours ago,UA5354,Bombardier CRJ550,ORD,BHM,PZ3
2026-07-01,4 days ago,UA2828,Boeing 737 MAX 9,SAV,EWR,PZ1
2026-09-23,4 days ago,UA6321,Embraer E175,IAD,SAV,PZ2
2026-09-16,4 days ago,UA6321,Embraer E175,IAD,SAV,PZ2
2027-02-15,9 hours ago,UA944,Boeing 787-10 Dreamliner,ORD,FRA,PZ2
2027-02-15,9 hours ago,UA907,Boeing 787-10 Dreamliner,ORD,FRA,PZ3
2026-05-05,1 day ago,UA5576,Embraer E175,RAP,DEN,PZ6
2027-03-06,8 hours ago,UA2661,Boeing 737 MAX 9,SFO,ONT,PZ1
2026-05-26,3 days ago,UA2215,Boeing 737-900,MCO,IAH,PZ1
2027-03-03,8 hours ago,UA2661,Boeing 737 MAX 9,SFO,ONT,PZ4
2027-03-03,8 hours ago,UA552,Boeing 737 MAX 9,SFO,ONT,PZ2
2026-05-18,3 days ago,UA2215,Boeing 737-900,MCO,IAH,PZ4
2026-06-16,8 hours ago,UA6116,Embraer E175,IAD,LGA,PZ2
2026-09-09,3 days ago,UA3639,Embraer E175,EWR,RIC,PZ2
2026-05-29,1 day ago,UA1767,Boeing 737 MAX 9,RAP,DEN,PZ3
2026-05-06,11 hours ago,UA4181,Bombardier CRJ550,EWR,SYR,PZ2
2026-05-23,8 hours ago,UA426,Airbus A320,DTW,ORD,PZ1
2026-05-23,8 hours ago,UA4754,Embraer E175,DTW,ORD,PZ5
2026-07-12,8 hours ago,UA3678,Embraer E175,AVL,EWR,PZ1
2026-06-23,3 days ago,UA1695,Boeing 737-900,DFW,ORD,PZ3
2026-05-14,2 days ago,UA959,Boeing 767-300,LHR,ORD,PZ7
2026-05-22,1 day ago,UA2747,Boeing 737-900,ORD,ATL,PZ8
2026-06-23,4 days ago,UA3639,Embraer E175,EWR,RIC,PZ1
2026-10-06,1 day ago,UA5988,Embraer E175,ABQ,DEN,PZ1
2026-05-11,9 hours ago,UA3524,Embraer E175,CMH,ORD,PZ2
2026-05-05,4 days ago,UA3451,Embraer E175,EWR,CMH,PZ2
2026-05-13,4 days ago,UA4582,Bombardier CRJ550,EWR,RIC,PZ3
2026-05-05,4 days ago,UA3638,Embraer E175,EWR,CMH,PZ4
2026-10-04,1 day ago,UA5988,Embraer E175,ABQ,DEN,PZ1
2026-05-21,4 days ago,UA3545,Embraer E175,EWR,CMH,PZ1
2027-01-01,2 days ago,UA1491,Airbus A319,ORD,ECP,PZ1
2026-06-03,4 days ago,UA3638,Embraer E175,EWR,CMH,PZ1
2026-05-19,4 hours ago,UA3437,Embraer E175,EWR,DTW,PZ4
2027-01-01,2 days ago,UA4654,Embraer E175,ORD,ECP,PZ1
2026-05-08,4 hours ago,UA4712,Embraer E175,DEN,TUL,PZ5
2026-05-05,2 days ago,UA3504,Embraer E175,ORD,GSO,PZ3
2026-05-06,4 days ago,UA658,Boeing 737-900,ORD,ONT,PZ4
2026-05-18,9 hours ago,UA863,Boeing 787-9 Dreamliner,SFO,SYD,PZ2
2027-03-17,9 hours ago,UA941,Boeing 767-300,LHR,EWR,PZ4
2026-05-31,3 days ago,UA4724,Embraer E175,BFL,SFO,PZ1
2026-05-23,9 hours ago,UA2102,Boeing 737-900,LAS,ORD,PZ5
2026-05-26,4 days ago,UA3545,Embraer E175,EWR,CMH,PZ2
2026-06-13,9 hours ago,UA1237,Boeing 737-900,EWR,RSW,PZ3
2026-06-11,4 days ago,UA3481,Embraer E175,EWR,CMH,PZ3
2026-06-03,2 days ago,UA399,Boeing 757-200,KEF,IAD,PZ9
2026-05-11,2 days ago,UA2861,Airbus A319,DEN,MSP,PZ3
2026-07-07,3 days ago,UA773,Airbus A320,DEN,MSP,PZ1
2026-05-29,9 hours ago,UA1803,Boeing 737 MAX 9,PIT,ORD,PZ1
2026-05-21,9 hours ago,UA718,Airbus A320,MEX,SFO,PZ1
2026-10-27,1 day ago,UA2830,Boeing 737 MAX 9,SAN,SFO,PZ3
2026-05-23,1 day ago,UA4802,Embraer E175,DEN,MKE,PZ4
2026-05-11,9 hours ago,UA1458,Boeing 737-900,LAX,SMF,PZ3
2026-05-07,1 day ago,UA297,Airbus A321neo,DEN,ORD,PZ9
2026-05-12,9 hours ago,UA4653,Embraer E175,LAX,SFO,PZ1
2026-05-12,9 hours ago,UA1949,Boeing 737-900,LAX,SMF,PZ8
2026-05-12,9 hours ago,UA1458,Boeing 737-900,LAX,SMF,PZ6
2026-05-11,9 hours ago,UA945,Boeing 787-10 Dreamliner,FRA,ORD,PZ9
2026-05-12,2 days ago,UA2097,Airbus A319,SBA,SFO,PZ7
2026-05-15,3 days ago,UA5951,Embraer E175,SBP,SFO,PZ3
2026-05-30,3 days ago,UA5519,Embraer E175,CLD,SFO,PZ5
2026-05-29,2 days ago,UA1609,Boeing 737-900,DFW,IAH,PZ3
2026-05-31,9 hours ago,UA2096,Boeing 737 MAX 8,RNO,LAX,PZ1
2026-05-27,2 days ago,UA1609,Boeing 737-900,DFW,IAH,PZ1
2026-05-27,2 days ago,UA2665,Boeing 737-900,ORD,IAH,PZ4
2027-03-16,1 day ago,UA17,Boeing 777-200,LHR,EWR,PZ3
2026-06-22,15 hours ago,UA3692,Embraer E175,EWR,CMH,PZ1
2026-06-12,1 day ago,UA5239,Bombardier CRJ550,FAR,DEN,PZ3
2026-10-10,4 days ago,UA5877,Bombardier CRJ550,HSV,ORD,PZ1
2026-10-20,4 days ago,UA5877,Bombardier CRJ550,HSV,ORD,PZ1
2026-05-23,2 days ago,UA5720,Bombardier CRJ550,ORD,ABE,PZ2
2026-05-23,2 days ago,UA4427,Bombardier CRJ550,ORD,ABE,PZ1
2026-05-22,2 days ago,UA5720,Bombardier CRJ550,ORD,ABE,PZ3
2026-10-09,4 days ago,UA5877,Bombardier CRJ550,HSV,ORD,PZ1
2026-05-22,2 days ago,UA4461,Bombardier CRJ550,ORD,ABE,PZ1
2026-05-24,2 days ago,UA5720,Bombardier CRJ550,ORD,ABE,PZ3
2026-05-24,2 days ago,UA4427,Bombardier CRJ550,ORD,ABE,PZ3
2026-05-20,2 days ago,UA4450,Bombardier CRJ550,ORD,ABE,PZ2
2026-05-26,2 days ago,UA4461,Bombardier CRJ550,ORD,ABE,PZ2
2026-05-26,2 days ago,UA4463,Bombardier CRJ550,ORD,ABE,PZ2
2026-05-25,2 days ago,UA4463,Bombardier CRJ550,ORD,ABE,PZ1
2026-05-26,2 days ago,UA1407,Boeing 737 MAX 8,EWR,MYR,PZ2
2026-10-06,4 days ago,UA5877,Bombardier CRJ550,HSV,ORD,PZ2
2026-09-11,9 hours ago,UA1261,Boeing 737 MAX 9,EWR,BNA,PZ2
2026-09-11,9 hours ago,UA3627,Embraer E175,EWR,PWM,PZ1
2026-09-11,9 hours ago,UA3578,Embraer E175,EWR,GSO,PZ1
2026-09-23,4 days ago,UA4469,Bombardier CRJ550,HSV,ORD,PZ1
2026-09-11,9 hours ago,UA3673,Embraer E175,EWR,CVG,PZ1
2026-06-05,1 day ago,UA5239,Bombardier CRJ550,FAR,DEN,PZ2
2026-09-22,4 days ago,UA4469,Bombardier CRJ550,HSV,ORD,PZ1
2026-06-05,1 day ago,UA4634,Embraer E175,FAR,DEN,PZ2
2026-09-22,4 days ago,UA4440,Bombardier CRJ550,HSV,ORD,PZ2
2026-05-22,23 hours ago,UA3545,Embraer E175,EWR,CMH,PZ2
2026-07-29,10 hours ago,UA2191,Boeing 737-900,LAX,YVR,PZ6
2026-06-18,1 day ago,UA4506,Bombardier CRJ550,STL,IAD,PZ1
2026-05-15,1 day ago,UA4454,Bombardier CRJ550,STL,IAD,PZ1
2026-05-18,1 day ago,UA307,Boeing 737-700,ORD,DCA,PZ1
2026-05-16,1 day ago,UA4506,Bombardier CRJ550,STL,IAD,PZ1
2026-05-08,9 hours ago,UA2318,Boeing 737-900,SMF,LAX,PZ6
2026-05-14,2 hours ago,UA4449,Bombardier CRJ550,BHM,ORD,PZ1
2026-08-21,3 days ago,UA5073,Bombardier CRJ550,IAH,VCT,PZ9
2026-05-09,3 days ago,UA3593,Embraer E175,RIC,EWR,PZ1
2026-05-09,3 days ago,UA4604,Bombardier CRJ550,RIC,EWR,PZ4
2026-06-10,1 day ago,UA61,Boeing 787-9 Dreamliner,MEL,SFO,PZ1
2026-06-10,3 hours ago,UA611,Boeing 737-900,SFO,LAS,PZ2
2026-07-26,1 day ago,UA5988,Embraer E175,ABQ,DEN,PZ1
2026-05-10,2 days ago,UA1338,Airbus A321neo,IAH,ORD,PZ3
2026-11-28,1 day ago,UA1014,Boeing 737-900,IAH,CUN,PZ3
2026-08-25,3 days ago,UA1020,Boeing 737 MAX 9,IAH,CUN,PZ7
2026-08-16,3 days ago,UA1020,Boeing 737 MAX 9,IAH,CUN,PZ8
2026-08-16,3 days ago,UA1014,Boeing 737-900,IAH,CUN,PZ8
2026-10-06,3 days ago,UA1058,Boeing 737 MAX 9,CUN,IAH,PZ4
2026-05-06,3 days ago,UA1458,Boeing 737-900,IAH,MCO,PZ2
2026-06-02,9 hours ago,UA2801,Boeing 737-900,TPA,ORD,PZ4
2026-08-02,3 days ago,UA1016,Boeing 737 MAX 9,IAH,CUN,PZ5
2026-11-28,2 days ago,UA1024,Boeing 737 MAX 8,IAH,MEX,PZ3
2026-11-28,2 days ago,UA1060,Airbus A320,IAH,MEX,PZ1
2026-07-31,3 days ago,UA1167,Boeing 737 MAX 9,IAH,CUN,PZ8
2026-05-27,3 days ago,UA1571,Boeing 737 MAX 9,IAH,MCO,PZ3
2026-05-19,9 hours ago,UA4697,Embraer E175,ALB,ORD,PZ3
2026-06-16,2 days ago,UA1152,Airbus A319,ATL,EWR,PZ1
2026-05-19,3 days ago,UA2215,Boeing 737-900,MCO,IAH,PZ4
2026-07-08,1 day ago,UA6266,Embraer E175,SDF,IAH,PZ1
2026-05-06,3 hours ago,UA509,Boeing 767-400,FCO,EWR,PZ7
2026-05-09,1 day ago,UA5744,Embraer E175,SFO,PDX,PZ3
2026-05-20,1 day ago,UA1923,Boeing 737-900,ORD,CID,PZ7
2026-06-23,8 hours ago,UA945,Boeing 787-10 Dreamliner,FRA,ORD,PZ9
2026-05-11,8 hours ago,UA2202,Boeing 737-900,ORD,IAD,PZ4
2026-05-23,1 day ago,UA487,Boeing 737-900,IAH,SFO,PZ1
2026-06-28,16 hours ago,UA3586,Embraer E175,EWR,DTW,PZ1
2026-06-26,2 days ago,UA634,Boeing 757-200,BIO,EWR,PZ4
2026-10-17,8 hours ago,UA5347,Embraer E175,ASE,ORD,PZ1
2026-09-19,4 days ago,UA4440,Bombardier CRJ550,HSV,ORD,PZ1
2026-07-03,22 hours ago,UA3669,Embraer E175,EWR,IND,PZ1
2026-05-13,9 hours ago,UA679,Boeing 737 MAX 9,LAX,LAS,PZ2
2026-05-18,1 day ago,UA1767,Boeing 737-800,RAP,DEN,PZ2
2026-05-29,2 days ago,UA6,Boeing 737 MAX 8,UBN,NRT,PZ4
2026-05-15,8 hours ago,UA5407,Embraer E175,ORD,PNS,PZ6
2026-05-25,3 days ago,UA291,Boeing 737 MAX 8,SFO,YYC,PZ1
2026-11-03,8 hours ago,UA5577,Embraer E175,ONT,SFO,PZ2
2026-06-02,23 hours ago,UA1875,Boeing 737-900,ORD,LAS,PZ2
2026-11-04,8 hours ago,UA1375,Boeing 737 MAX 9,ONT,SFO,PZ4
2026-05-12,2 days ago,UA1287,Boeing 737 MAX 9,EWR,ATL,PZ9
2026-07-09,1 day ago,UA3714,Embraer E175,MYR,EWR,PZ1
2026-05-16,4 days ago,UA4396,Bombardier CRJ550,EWR,RIC,PZ1
2026-06-08,4 days ago,UA4176,Bombardier CRJ550,EWR,RIC,PZ1
2026-06-08,4 days ago,UA3610,Embraer E175,EWR,RIC,PZ2
2026-08-02,1 day ago,UA3594,Embraer E175,SDF,EWR,PZ1
2026-08-25,8 hours ago,UA928,Boeing 767-300,LHR,ORD,PZ9
2026-06-10,4 days ago,UA3639,Embraer E175,EWR,RIC,PZ1
2026-05-15,1 day ago,UA1919,Boeing 737-800,IAH,CZM,PZ9
2026-06-04,8 hours ago,UA905,Boeing 777-200,LHR,EWR,PZ9
2026-10-10,2 days ago,UA1931,Boeing 737 MAX 9,SFO,ORD,PZ2
2026-06-07,4 days ago,UA3639,Embraer E175,EWR,RIC,PZ2
2026-11-17,1 day ago,UA941,Boeing 767-300,LHR,EWR,PZ3
2026-09-02,2 days ago,UA1399,Boeing 737 MAX 9,EWR,MCI,PZ2
2026-05-26,8 hours ago,UA5576,Embraer E175,ORD,FSD,PZ2
2026-05-26,8 hours ago,UA4443,Bombardier CRJ550,ORD,FSD,PZ2
2026-05-09,8 hours ago,UA4535,Bombardier CRJ550,ORD,FSD,PZ6
2026-05-09,8 hours ago,UA4584,Bombardier CRJ550,ORD,FSD,PZ3
2026-05-11,1 day ago,UA5884,Bombardier CRJ700,RAP,DEN,PZ1
2026-05-09,8 hours ago,UA4405,Bombardier CRJ550,ORD,FSD,PZ6
2026-05-14,8 hours ago,UA4535,Bombardier CRJ550,ORD,FSD,PZ4
2026-05-14,8 hours ago,UA4463,Bombardier CRJ550,ORD,FSD,PZ1
2026-05-14,8 hours ago,UA4405,Bombardier CRJ550,ORD,FSD,PZ2
2026-05-21,8 hours ago,UA5576,Embraer E175,ORD,FSD,PZ6
2026-05-21,8 hours ago,UA4462,Bombardier CRJ550,ORD,FSD,PZ5
2026-05-21,8 hours ago,UA4443,Bombardier CRJ550,ORD,FSD,PZ3
2026-06-09,8 hours ago,UA4443,Bombardier CRJ550,ORD,FSD,PZ1
2026-06-09,8 hours ago,UA4462,Bombardier CRJ550,ORD,FSD,PZ2
2026-06-09,8 hours ago,UA4404,Bombardier CRJ550,ORD,FSD,PZ2
2026-05-13,8 hours ago,UA4405,Bombardier CRJ550,ORD,FSD,PZ2
2026-07-18,3 days ago,UA641,Boeing 737-700,ATL,IAD,PZ2
2026-08-05,2 days ago,UA2091,Boeing 737-900,ORD,RDU,PZ4
2026-07-08,3 days ago,UA2323,Boeing 737 MAX 9,IAH,MCO,PZ1
2026-06-03,8 hours ago,UA782,Boeing 737-900,EWR,MSP,PZ2
2026-05-07,8 hours ago,UA4535,Bombardier CRJ550,ORD,FSD,PZ4
2026-06-17,4 days ago,UA3639,Embraer E175,EWR,RIC,PZ2
2026-05-25,8 hours ago,UA5576,Embraer E175,ORD,FSD,PZ3
2026-05-25,8 hours ago,UA1842,Airbus A319,ORD,FSD,PZ1
2026-05-25,8 hours ago,UA4462,Bombardier CRJ550,ORD,FSD,PZ3
2026-07-15,1 day ago,UA1046,Boeing 737-900,ATL,ORD,PZ4
2026-05-29,8 hours ago,UA4404,Bombardier CRJ550,ORD,FSD,PZ2
2026-05-29,8 hours ago,UA4443,Bombardier CRJ550,ORD,FSD,PZ3
2026-05-12,4 days ago,UA2414,Boeing 737-900,ORD,BNA,PZ4
2026-05-27,8 hours ago,UA5576,Embraer E175,ORD,FSD,PZ1
2026-05-09,2 hours ago,UA1577,Boeing 737 MAX 9,SFO,SAN,PZ7
2026-06-05,8 hours ago,UA782,Boeing 737-900,EWR,MSP,PZ4
2026-05-25,22 hours ago,UA5537,Embraer E175,LAX,SMF,PZ2
2027-02-09,13 hours ago,UA973,Boeing 787-10 Dreamliner,BRU,ORD,PZ7
2026-05-13,8 hours ago,UA5848,Embraer E175,FSD,DEN,PZ5
2026-05-19,8 hours ago,UA2742,Boeing 737-800,FSD,DEN,PZ5
2026-06-30,1 day ago,UA539,Boeing 737 MAX 8,DFW,IAH,PZ1
2026-06-09,8 hours ago,UA5701,Embraer E175,FSD,DEN,PZ2
2027-01-19,2 days ago,UA15,Boeing 767-300,LHR,EWR,PZ4
2026-06-24,8 hours ago,UA5319,Bombardier CRJ550,FSD,DEN,PZ2
2026-05-16,8 hours ago,UA2742,Boeing 737-800,FSD,DEN,PZ2
2026-05-19,8 hours ago,UA5572,Embraer E175,FSD,DEN,PZ4
2026-05-19,8 hours ago,UA5701,Embraer E175,FSD,DEN,PZ2
2026-11-26,2 days ago,UA1024,Boeing 737 MAX 8,IAH,MEX,PZ2
2026-06-29,1 day ago,UA5753,Embraer E175,SFO,SLC,PZ1
2026-05-20,8 hours ago,UA5572,Embraer E175,FSD,DEN,PZ1
2026-06-01,8 hours ago,UA5319,Embraer E175,FSD,DEN,PZ1
2026-06-03,8 hours ago,UA4745,Bombardier CRJ550,FSD,DEN,PZ2
2026-05-18,8 hours ago,UA5701,Embraer E175,FSD,DEN,PZ3
2026-05-18,8 hours ago,UA5848,Embraer E175,FSD,DEN,PZ4
2026-08-08,3 days ago,UA2064,Boeing 737 MAX 9,IAD,PWM,PZ2
2026-06-30,8 hours ago,UA2742,Airbus A320,FSD,DEN,PZ2
2026-05-07,8 hours ago,UA5975,Embraer E175,DEN,FSD,PZ1
2026-05-21,8 hours ago,UA5975,Embraer E175,DEN,FSD,PZ4
2026-06-09,8 hours ago,UA5975,Bombardier CRJ550,DEN,FSD,PZ2
2026-06-01,8 hours ago,UA4776,Bombardier CRJ550,DEN,FSD,PZ3
2026-05-27,8 hours ago,UA4776,Bombardier CRJ550,DEN,FSD,PZ1
2026-05-27,8 hours ago,UA5975,Bombardier CRJ550,DEN,FSD,PZ2
2027-02-01,3 days ago,UA157,Boeing 737 MAX 8,GUM,ROR,PZ1
2026-05-26,8 hours ago,UA5975,Bombardier CRJ550,DEN,FSD,PZ2
2026-05-17,2 hours ago,UA4449,Bombardier CRJ550,BHM,ORD,PZ2
2026-05-23,1 day ago,UA2056,Boeing 737-800,LAX,SFO,PZ4
2026-05-15,8 hours ago,UA645,Boeing 737-800,DEN,FSD,PZ2
2026-05-15,8 hours ago,UA5700,Embraer E175,DEN,FSD,PZ3
2026-05-15,8 hours ago,UA5975,Embraer E175,DEN,FSD,PZ3
2026-06-05,8 hours ago,UA5700,Embraer E175,DEN,FSD,PZ3
2026-05-08,8 hours ago,UA645,Boeing 737-800,DEN,FSD,PZ7
2026-05-08,8 hours ago,UA5700,Embraer E175,DEN,FSD,PZ5
2026-06-05,1 day ago,UA1767,Boeing 737 MAX 9,RAP,DEN,PZ3
2026-06-02,8 hours ago,UA5975,Bombardier CRJ550,DEN,FSD,PZ2
2026-06-04,8 hours ago,UA5975,Embraer E175,DEN,FSD,PZ1
2026-06-04,8 hours ago,UA5700,Embraer E175,DEN,FSD,PZ3
2026-10-17,2 days ago,UA3653,Embraer E175,SDF,ORD,PZ1
2026-05-23,8 hours ago,UA645,Airbus A320,DEN,FSD,PZ2
2026-05-23,8 hours ago,UA4759,Embraer E175,DEN,FSD,PZ1
2026-06-15,8 hours ago,UA5975,Embraer E175,DEN,FSD,PZ3
2026-05-13,8 hours ago,UA5975,Embraer E175,DEN,FSD,PZ6
2026-05-24,8 hours ago,UA5449,Embraer E175,FSD,ORD,PZ4
2026-05-24,8 hours ago,UA4467,Bombardier CRJ550,FSD,ORD,PZ4
2026-06-02,8 hours ago,UA1857,Airbus A320,FSD,ORD,PZ2
2026-05-18,8 hours ago,UA4467,Bombardier CRJ550,FSD,ORD,PZ5
2026-05-18,8 hours ago,UA4539,Bombardier CRJ550,FSD,ORD,PZ5
2026-12-29,3 days ago,UA941,Boeing 767-300,LHR,EWR,PZ1
2026-06-02,8 hours ago,UA4441,Bombardier CRJ550,FSD,ORD,PZ2
2026-05-31,3 days ago,UA4575,Bombardier CRJ550,HSV,ORD,PZ2
2026-07-14,3 days ago,UA2245,Boeing 737-900,IAH,MCO,PZ2
2026-07-12,1 day ago,UA5988,Embraer E175,ABQ,DEN,PZ1
2026-07-06,2 days ago,UA1546,Boeing 737-800,LAX,LAS,PZ1
2026-11-13,13 hours ago,UA2410,Boeing 737-700,IAD,SLC,PZ1
2026-07-09,2 days ago,UA1692,Boeing 737 MAX 8,SEA,LAX,PZ1
2026-05-26,11 hours ago,UA1124,Boeing 737 MAX 8,SFO,OGG,PZ2
2026-08-15,2 days ago,UA2638,Boeing 737-900,RDU,ORD,PZ2
2026-05-10,18 hours ago,UA7,Boeing 737 MAX 8,NRT,UBN,PZ8
2026-05-17,4 days ago,UA4582,Bombardier CRJ550,EWR,RIC,PZ2
2026-05-08,1 day ago,UA1919,Boeing 737-800,IAH,CZM,PZ2
2026-05-06,3 days ago,UA5730,Embraer E175,DEN,JAC,PZ2
2026-05-14,2 days ago,UA7,Boeing 737 MAX 8,NRT,UBN,PZ9
2026-05-30,3 days ago,UA2611,Boeing 737-800,SFO,BUR,PZ6
2026-07-09,3 days ago,UA773,Airbus A320,DEN,MSP,PZ1
2026-06-22,1 day ago,UA3467,Embraer E175,CMH,EWR,PZ1
2026-05-20,8 hours ago,UA5505,Embraer E175,PNS,ORD,PZ2
2026-05-20,8 hours ago,UA2005,Boeing 737 MAX 8,PNS,ORD,PZ1
2026-05-19,2 days ago,UA1752,Airbus A321neo,IAH,ORD,PZ3
2026-06-27,4 days ago,UA3610,Embraer E175,EWR,RIC,PZ2
2026-06-17,13 hours ago,UA1012,Boeing 737-900,EWR,ATL,PZ4
2026-05-20,5 hours ago,UA1307,Boeing 737 MAX 9,EWR,ATL,PZ1
2026-08-05,1 day ago,UA425,Boeing 737-800,ORD,ATL,PZ3
2026-05-26,8 hours ago,UA1444,Boeing 737 MAX 9,IAH,EWR,PZ1
2026-05-31,2 days ago,UA1012,Boeing 737 MAX 9,EWR,ATL,PZ3
2026-05-20,4 days ago,UA4191,Bombardier CRJ550,EWR,RIC,PZ4
2026-06-16,13 hours ago,UA1012,Boeing 737 MAX 9,EWR,ATL,PZ3
2026-06-24,2 days ago,UA2289,Boeing 737 MAX 9,ATL,EWR,PZ1
2026-05-18,1 day ago,UA1919,Boeing 737-800,IAH,CZM,PZ2
2026-05-05,1 day ago,UA2289,Airbus A319,ATL,EWR,PZ1
2026-06-11,2 days ago,UA2289,Boeing 737 MAX 9,ATL,EWR,PZ3
2026-11-27,13 hours ago,UA2410,Boeing 737-700,IAD,SLC,PZ1
2026-08-10,2 days ago,UA1695,Boeing 737-900,DFW,ORD,PZ2
2026-05-29,4 days ago,UA4176,Bombardier CRJ550,EWR,RIC,PZ2
2026-07-28,6 hours ago,UA905,Boeing 777-200,LHR,EWR,PZ9
2026-06-02,1 day ago,UA5947,Embraer E175,RAP,DEN,PZ2
2026-07-22,1 day ago,UA484,Boeing 737 MAX 8,DEN,ABQ,PZ3
2026-06-15,4 days ago,UA4386,Bombardier CRJ550,EWR,RIC,PZ1
2026-06-19,8 hours ago,UA1842,Airbus A320,ORD,FSD,PZ1
2026-05-16,8 hours ago,UA2363,Boeing 737 MAX 9,ONT,SFO,PZ8
2026-05-16,8 hours ago,UA1503,Airbus A319,ONT,SFO,PZ6
2026-06-06,8 hours ago,UA4443,Bombardier CRJ550,ORD,FSD,PZ2
2027-01-27,2 days ago,UA31,Boeing 767-300,MUC,EWR,PZ4
2026-05-16,8 hours ago,UA1383,Boeing 737 MAX 8,SNA,SFO,PZ4
2026-06-08,8 hours ago,UA4462,Bombardier CRJ550,ORD,FSD,PZ1
2026-05-08,8 hours ago,UA4535,Bombardier CRJ550,ORD,FSD,PZ6
2026-07-14,4 days ago,UA1046,Boeing 737-900,ATL,ORD,PZ4
2026-05-07,8 hours ago,UA4405,Bombardier CRJ550,ORD,FSD,PZ1
2026-05-17,8 hours ago,UA4405,Bombardier CRJ550,ORD,FSD,PZ4
2026-06-02,23 hours ago,UA574,Boeing 737 MAX 9,ORD,LAS,PZ1
2026-05-17,8 hours ago,UA4584,Bombardier CRJ550,ORD,FSD,PZ4
2026-05-22,8 hours ago,UA5576,Embraer E175,ORD,FSD,PZ5
2026-05-22,8 hours ago,UA1842,Airbus A319,ORD,FSD,PZ4
2026-05-22,8 hours ago,UA4462,Bombardier CRJ550,ORD,FSD,PZ2
2026-05-26,1 day ago,UA2690,Boeing 737-900,IAH,SAN,PZ1
2026-05-18,8 hours ago,UA4405,Bombardier CRJ550,ORD,FSD,PZ5
2026-05-18,8 hours ago,UA4463,Bombardier CRJ550,ORD,FSD,PZ5
2026-06-30,8 hours ago,UA4462,Bombardier CRJ550,ORD,FSD,PZ2
2026-06-03,8 hours ago,UA4462,Bombardier CRJ550,ORD,FSD,PZ1
2026-05-06,8 hours ago,UA4535,Bombardier CRJ550,ORD,FSD,PZ2
2026-06-27,3 hours ago,UA2839,Boeing 737 MAX 8,SFO,LAS,PZ1
2026-06-04,8 hours ago,UA4462,Bombardier CRJ550,ORD,FSD,PZ2
2027-01-20,2 days ago,UA31,Boeing 767-300,MUC,EWR,PZ3
2026-09-14,2 days ago,UA1969,Boeing 737 MAX 9,MCI,EWR,PZ2
2026-09-07,2 days ago,UA1969,Boeing 737 MAX 9,MCI,EWR,PZ2
2027-02-23,2 days ago,UA31,Boeing 767-300,MUC,EWR,PZ2
2026-06-20,1 day ago,UA5753,Embraer E175,SFO,SLC,PZ2
2026-08-12,8 hours ago,UA950,Boeing 777-300ER,IAD,BRU,PZ9
2026-05-26,8 hours ago,UA5701,Embraer E175,FSD,DEN,PZ1
2026-05-06,8 hours ago,UA5701,Embraer E175,FSD,DEN,PZ3
2026-06-07,8 hours ago,UA2645,Boeing 737 MAX 8,MSP,EWR,PZ4
2027-01-20,3 days ago,UA21,Boeing 767-300,AMS,IAH,PZ2
2026-05-27,1 day ago,UA5753,Embraer E175,SFO,SLC,PZ5
2026-05-12,8 hours ago,UA5701,Embraer E175,FSD,DEN,PZ4
2026-05-12,8 hours ago,UA5572,Embraer E175,FSD,DEN,PZ3
2026-11-23,2 days ago,UA921,Boeing 767-300,LHR,EWR,PZ4
2026-07-25,2 days ago,UA6245,Embraer E175,MTY,IAH,PZ5
2026-05-14,8 hours ago,UA2742,Boeing 737-800,FSD,DEN,PZ3
2026-05-14,8 hours ago,UA5572,Embraer E175,FSD,DEN,PZ2
2026-06-27,8 hours ago,UA5701,Embraer E175,FSD,DEN,PZ2
2026-06-29,8 hours ago,UA5701,Embraer E175,FSD,DEN,PZ1
2026-07-02,8 hours ago,UA5492,Embraer E175,FSD,DEN,PZ1
2026-05-11,8 hours ago,UA5848,Embraer E175,FSD,DEN,PZ3
2026-06-06,8 hours ago,UA4759,Embraer E175,DEN,FSD,PZ1
2026-07-04,3 days ago,UA1030,Airbus A319,IAH,ATL,PZ1
2026-07-02,8 hours ago,UA2496,Airbus A319,ORD,YYZ,PZ2
2026-05-19,8 hours ago,UA645,Boeing 737-800,DEN,FSD,PZ3
2026-05-19,8 hours ago,UA5700,Embraer E175,DEN,FSD,PZ4
2027-01-25,3 days ago,UA157,Boeing 737 MAX 8,GUM,ROR,PZ1
2026-06-08,8 hours ago,UA5975,Embraer E175,DEN,FSD,PZ1
2026-06-08,8 hours ago,UA4776,Bombardier CRJ550,DEN,FSD,PZ3
2026-05-09,1 day ago,UA5947,Bombardier CRJ550,RAP,DEN,PZ1
2026-05-09,1 day ago,UA1767,Boeing 737-800,RAP,DEN,PZ4
2026-06-23,8 hours ago,UA5975,Bombardier CRJ550,DEN,FSD,PZ2
2026-05-12,8 hours ago,UA5873,Embraer E175,LAX,SEA,PZ3
2026-06-28,8 hours ago,UA5975,Bombardier CRJ550,DEN,FSD,PZ1
2026-10-20,2 days ago,UA5721,Embraer E175,IND,ORD,PZ1
2026-06-30,8 hours ago,UA5700,Embraer E175,DEN,FSD,PZ2
2026-06-22,1 day ago,UA1767,Boeing 737 MAX 9,RAP,DEN,PZ1
2026-05-08,8 hours ago,UA4467,Bombardier CRJ550,FSD,ORD,PZ1
2026-05-08,8 hours ago,UA4539,Bombardier CRJ550,FSD,ORD,PZ3
2026-05-22,19 hours ago,UA2038,Boeing 737-900,ORD,PHL,PZ2
2026-05-05,8 hours ago,UA4467,Bombardier CRJ550,FSD,ORD,PZ5
2026-05-16,8 hours ago,UA4552,Bombardier CRJ550,FSD,ORD,PZ1
2026-05-12,16 hours ago,UA2425,Boeing 737 MAX 8,EWR,IAH,PZ2
2026-05-10,8 hours ago,UA4539,Bombardier CRJ550,FSD,ORD,PZ3
2026-05-26,1 day ago,UA4667,Embraer E175,BGR,ORD,PZ2
2026-05-11,8 hours ago,UA4552,Bombardier CRJ550,FSD,ORD,PZ1
2026-05-11,8 hours ago,UA4539,Bombardier CRJ550,FSD,ORD,PZ2
2026-06-09,8 hours ago,UA4441,Bombardier CRJ550,FSD,ORD,PZ1
2026-05-13,8 hours ago,UA4552,Bombardier CRJ550,FSD,ORD,PZ1
2026-05-24,1 day ago,UA2142,Boeing 737-900,SFO,SAN,PZ2
2026-05-31,8 hours ago,UA5449,Embraer E175,FSD,ORD,PZ3
2026-05-25,4 days ago,UA3639,Embraer E175,EWR,RIC,PZ3
2026-07-27,3 days ago,UA1014,Boeing 737-900,IAH,CUN,PZ3
2026-05-15,2 days ago,UA6,Boeing 737 MAX 8,UBN,NRT,PZ9
2026-05-25,10 hours ago,UA426,Airbus A320,DTW,ORD,PZ2
2026-05-20,2 days ago,UA6,Boeing 737 MAX 8,UBN,NRT,PZ5
2026-07-25,3 days ago,UA1020,Boeing 737 MAX 9,IAH,CUN,PZ5
2026-06-22,4 days ago,UA3610,Embraer E175,EWR,RIC,PZ1
2026-06-22,4 days ago,UA3639,Embraer E175,EWR,RIC,PZ1
2026-06-20,4 days ago,UA3610,Embraer E175,EWR,RIC,PZ2
2026-06-20,4 days ago,UA3639,Embraer E175,EWR,RIC,PZ2
2026-06-05,1 day ago,UA414,Boeing 737-900,DEN,DFW,PZ1
2026-05-16,2 days ago,UA3677,Embraer E175,EWR,ATL,PZ5
2026-05-16,2 days ago,UA3480,Embraer E175,EWR,ATL,PZ5
2026-09-23,3 days ago,UA4043,Embraer E175,IAD,ATL,PZ2
2026-06-23,4 days ago,UA3492,Embraer E175,EWR,CMH,PZ1
2026-05-27,4 days ago,UA3639,Embraer E175,EWR,RIC,PZ1
2026-06-23,4 days ago,UA3545,Embraer E175,EWR,CMH,PZ1
2026-06-13,4 days ago,UA4386,Bombardier CRJ550,EWR,RIC,PZ1
2026-06-02,8 hours ago,UA1842,Airbus A319,ORD,FSD,PZ2
2026-05-07,2 days ago,UA7,Boeing 737 MAX 8,NRT,UBN,PZ9
2026-06-26,1 day ago,UA5708,Bombardier CRJ550,RAP,DEN,PZ1
2026-07-08,1 day ago,UA5487,Embraer E175,DEN,ABQ,PZ1
2026-06-08,4 days ago,UA4386,Bombardier CRJ550,EWR,RIC,PZ2
2026-05-09,10 hours ago,UA3429,Embraer E175,ATL,EWR,PZ1
2026-06-17,2 days ago,UA299,Airbus A319,ATL,EWR,PZ2
2026-05-12,2 days ago,UA1152,Boeing 737-900,ATL,EWR,PZ7
2026-06-05,4 days ago,UA3610,Embraer E175,EWR,RIC,PZ2
2026-06-18,8 hours ago,UA3408,Embraer E175,EWR,BGR,PZ1
2026-05-16,8 hours ago,UA5351,Embraer E175,SNA,SFO,PZ4
2026-05-16,8 hours ago,UA1300,Airbus A320,BUR,SFO,PZ3
2026-06-10,8 hours ago,UA1842,Airbus A320,ORD,FSD,PZ1
2026-12-21,1 day ago,UA3594,Embraer E175,SDF,EWR,PZ1
2026-07-14,3 days ago,UA773,Airbus A320,DEN,MSP,PZ2
2026-05-19,8 hours ago,UA4463,Bombardier CRJ550,ORD,FSD,PZ3
2026-07-01,8 hours ago,UA4462,Bombardier CRJ550,ORD,FSD,PZ1
2026-06-11,8 hours ago,UA4462,Bombardier CRJ550,ORD,FSD,PZ3
2026-05-10,8 hours ago,UA4535,Bombardier CRJ550,ORD,FSD,PZ6
2027-03-30,2 days ago,UA31,Boeing 767-300,MUC,EWR,PZ2
2026-05-10,8 hours ago,UA4405,Bombardier CRJ550,ORD,FSD,PZ4
2026-05-10,8 hours ago,UA4584,Bombardier CRJ550,ORD,FSD,PZ1
2026-07-06,22 hours ago,UA3683,Embraer E175,EWR,IND,PZ1
2026-05-09,2 hours ago,UA4599,Bombardier CRJ550,ORD,BHM,PZ7
2026-05-28,8 hours ago,UA5576,Embraer E175,ORD,FSD,PZ3
2027-02-09,2 days ago,UA31,Boeing 767-300,MUC,EWR,PZ4
2026-05-12,8 hours ago,UA4463,Bombardier CRJ550,ORD,FSD,PZ3
2026-07-02,8 hours ago,UA4462,Bombardier CRJ550,ORD,FSD,PZ1
2026-09-08,2 days ago,UA1399,Boeing 737 MAX 9,EWR,MCI,PZ4
2026-05-15,8 hours ago,UA1842,Airbus A319,ORD,FSD,PZ4
2026-05-15,8 hours ago,UA4535,Bombardier CRJ550,ORD,FSD,PZ4
2027-03-23,8 hours ago,UA1462,Boeing 737-900,EWR,MBJ,PZ1
2026-06-01,1 day ago,UA1767,Boeing 737 MAX 9,RAP,DEN,PZ3
2027-03-09,8 hours ago,UA1462,Boeing 737-900,EWR,MBJ,PZ1
2026-09-05,2 days ago,UA4447,Bombardier CRJ550,ORD,BHM,PZ1
2026-05-11,8 hours ago,UA4463,Bombardier CRJ550,ORD,FSD,PZ2
2026-05-23,1 day ago,UA2449,Boeing 737-900,LAS,IAH,PZ2
2026-05-16,8 hours ago,UA4535,Bombardier CRJ550,ORD,FSD,PZ5
2026-05-16,8 hours ago,UA4405,Bombardier CRJ550,ORD,FSD,PZ1
2026-06-14,8 hours ago,UA5975,Embraer E175,DEN,FSD,PZ3
2026-05-23,8 hours ago,UA4404,Bombardier CRJ550,ORD,FSD,PZ3
2026-05-29,8 hours ago,UA4462,Bombardier CRJ550,ORD,FSD,PZ3
2026-05-25,8 hours ago,UA5701,Embraer E175,FSD,DEN,PZ1
2026-06-30,4 days ago,UA1301,Boeing 737-900,SFO,PDX,PZ3
2027-02-04,3 days ago,UA157,Boeing 737 MAX 8,GUM,ROR,PZ1
2026-05-21,1 day ago,UA5753,Embraer E175,SFO,SLC,PZ2
2026-11-26,2 days ago,UA905,Boeing 767-300,LHR,EWR,PZ3
2027-02-17,2 days ago,UA17,Boeing 777-200,LHR,EWR,PZ3
2026-06-09,1 day ago,UA5753,Embraer E175,SFO,SLC,PZ4
2026-06-29,1 day ago,UA5811,Embraer E175,RAP,ORD,PZ1
2026-07-01,1 day ago,UA5811,Embraer E175,RAP,ORD,PZ1
2026-05-30,8 hours ago,UA5701,Embraer E175,FSD,DEN,PZ2
2026-05-19,8 hours ago,UA5975,Embraer E175,DEN,FSD,PZ5
2026-05-19,8 hours ago,UA5378,Embraer E175,DEN,FSD,PZ1
2026-05-20,8 hours ago,UA5975,Embraer E175,DEN,FSD,PZ4
2026-05-20,8 hours ago,UA4759,Bombardier CRJ550,DEN,FSD,PZ3
2026-05-18,8 hours ago,UA645,Boeing 737-800,DEN,FSD,PZ6
2026-05-18,8 hours ago,UA5700,Embraer E175,DEN,FSD,PZ2
2026-05-18,8 hours ago,UA5975,Embraer E175,DEN,FSD,PZ3
2027-01-31,3 days ago,UA157,Boeing 737 MAX 8,GUM,ROR,PZ1
2026-08-30,8 hours ago,UA768,Boeing 737-700,ORD,DTW,PZ1
2026-06-15,2 hours ago,UA4449,Bombardier CRJ550,BHM,ORD,PZ2
2026-05-06,3 days ago,UA467,Boeing 737-900,ORD,MSP,PZ4
2026-05-12,8 hours ago,UA5700,Embraer E175,DEN,FSD,PZ4
2026-05-12,8 hours ago,UA5975,Embraer E175,DEN,FSD,PZ5
2026-05-12,8 hours ago,UA4759,Bombardier CRJ550,DEN,FSD,PZ1
2026-05-10,8 hours ago,UA5975,Embraer E175,DEN,FSD,PZ5
2026-05-10,8 hours ago,UA4759,Bombardier CRJ550,DEN,FSD,PZ6
2026-05-24,8 hours ago,UA5700,Embraer E175,DEN,FSD,PZ3
2026-05-09,8 hours ago,UA645,Boeing 737-800,DEN,FSD,PZ5
2026-05-13,8 hours ago,UA1284,Airbus A320,LAX,SEA,PZ3
2026-07-01,23 hours ago,UA2126,Boeing 737 MAX 9,SFO,AUS,PZ2
2026-07-01,23 hours ago,UA2332,Boeing 737-800,SFO,AUS,PZ2
2026-06-04,1 day ago,UA5753,Embraer E175,SFO,SLC,PZ1
2027-01-30,3 days ago,UA192,Boeing 737 MAX 8,ROR,GUM,PZ1
2026-05-18,1 day ago,UA5753,Embraer E175,SFO,SLC,PZ2
2027-02-04,3 days ago,UA158,Boeing 737 MAX 8,ROR,GUM,PZ1
2026-10-21,2 days ago,UA5721,Embraer E175,IND,ORD,PZ1
2026-06-03,8 hours ago,UA5975,Bombardier CRJ550,DEN,FSD,PZ2
2026-06-03,8 hours ago,UA4776,Bombardier CRJ550,DEN,FSD,PZ2
2026-10-21,2 days ago,UA3422,Embraer E175,SDF,ORD,PZ1
2026-05-30,2 days ago,UA4575,Bombardier CRJ550,HSV,ORD,PZ2
2026-05-30,2 days ago,UA4480,Bombardier CRJ550,HSV,ORD,PZ2
2026-05-14,8 hours ago,UA4539,Bombardier CRJ550,FSD,ORD,PZ5
2026-06-08,1 day ago,UA5753,Embraer E175,SFO,SLC,PZ1
2026-05-07,8 hours ago,UA4552,Bombardier CRJ550,FSD,ORD,PZ1
2026-06-30,8 hours ago,UA4467,Bombardier CRJ550,FSD,ORD,PZ2
2026-05-15,1 day ago,UA624,Boeing 737-900,LAS,ORD,PZ3
2026-05-09,8 hours ago,UA4467,Bombardier CRJ550,FSD,ORD,PZ5
2026-05-09,8 hours ago,UA4539,Bombardier CRJ550,FSD,ORD,PZ6
2026-05-28,2 days ago,UA4480,Bombardier CRJ550,HSV,ORD,PZ3
2026-06-22,8 hours ago,UA4467,Bombardier CRJ550,FSD,ORD,PZ1
2026-06-07,8 hours ago,UA4467,Bombardier CRJ550,FSD,ORD,PZ2
2026-06-23,1 day ago,UA5753,Embraer E175,SFO,SLC,PZ1
2026-05-12,8 hours ago,UA4552,Bombardier CRJ550,FSD,ORD,PZ3
2026-09-05,2 days ago,UA2232,Airbus A319,ORD,MSP,PZ1
2026-05-13,15 hours ago,UA370,Boeing 737 MAX 9,MCO,EWR,PZ3
2026-05-15,8 hours ago,UA4539,Bombardier CRJ550,FSD,ORD,PZ5
2026-05-15,8 hours ago,UA4552,Bombardier CRJ550,FSD,ORD,PZ2
2026-06-12,8 hours ago,UA4467,Bombardier CRJ550,FSD,ORD,PZ3
2026-07-18,11 hours ago,UA2277,Boeing 737-900,ORD,IAD,PZ2
2026-06-06,2 days ago,UA3608,Embraer E175,EWR,MSN,PZ2
2026-05-23,8 hours ago,UA5449,Embraer E175,FSD,ORD,PZ3
2026-06-27,6 hours ago,UA6110,Embraer E175,IAD,TYS,PZ2
2026-05-23,8 hours ago,UA4441,Bombardier CRJ550,FSD,ORD,PZ5
2026-07-11,10 hours ago,UA4449,Bombardier CRJ550,BHM,ORD,PZ2
2026-05-31,2 days ago,UA3608,Embraer E175,EWR,MSN,PZ3
2026-06-14,8 hours ago,UA4467,Bombardier CRJ550,FSD,ORD,PZ1
2027-03-28,2 days ago,UA2771,Boeing 737-800,CLT,ORD,PZ1
2026-05-10,1 day ago,UA1570,Boeing 737 MAX 8,BZE,IAH,PZ2
2026-06-29,3 hours ago,UA3468,Embraer E175,CLT,EWR,PZ1
2026-05-06,1 day ago,UA6043,Embraer E175,SFO,SAT,PZ3
2026-05-08,4 days ago,UA3524,Embraer E175,CMH,ORD,PZ6
2026-05-06,2 days ago,UA1022,Boeing 737 MAX 8,DEN,SAT,PZ6
2026-05-12,22 hours ago,UA5575,Embraer E175,PHX,LAX,PZ1
2026-06-02,2 days ago,UA3479,Embraer E175,IND,ORD,PZ3
2026-05-19,3 days ago,UA2200,Airbus A319,DEN,DAY,PZ1
2026-05-19,19 hours ago,UA810,Boeing 777-300ER,MNL,SFO,PZ5
2026-09-02,8 hours ago,UA872,Boeing 777-300ER,TPE,SFO,PZ2
2026-05-27,8 hours ago,UA925,Boeing 777-200,LHR,IAD,PZ9
2026-05-09,9 hours ago,UA2860,Boeing 737-900,FLL,ORD,PZ1
2026-05-17,8 hours ago,UA2607,Boeing 737-900,MCO,EWR,PZ1
2026-06-25,16 hours ago,UA873,Boeing 737-800,GUM,NRT,PZ3
2026-08-25,8 hours ago,UA1792,Boeing 737 MAX 9,EWR,DEN,PZ2
2026-05-25,2 days ago,UA6140,Embraer E175,IAH,GSP,PZ2
2026-06-25,1 day ago,UA5708,Bombardier CRJ550,RAP,DEN,PZ1
2026-08-16,2 days ago,UA307,Boeing 737-800,MSP,ORD,PZ1
2026-05-29,2 days ago,UA3608,Embraer E175,EWR,MSN,PZ1
2026-05-07,2 days ago,UA4043,Embraer E175,IAH,GSP,PZ4
2026-05-09,2 days ago,UA6127,Embraer E175,IAH,GSP,PZ2
2026-06-23,1 day ago,UA6238,Embraer E175,AGU,IAH,PZ6
2026-10-31,3 days ago,UA6238,Embraer E175,AGU,IAH,PZ2
2026-08-22,3 days ago,UA2662,Boeing 737-900,IAH,MCO,PZ1
2026-05-20,1 day ago,UA5891,Bombardier CRJ550,DEN,RAP,PZ2
2026-07-19,1 day ago,UA5487,Embraer E175,DEN,ABQ,PZ1
2026-07-29,1 day ago,UA6362,Embraer E175,DTW,IAD,PZ1
2026-05-13,1 day ago,UA5411,Embraer E175,SFO,SLC,PZ2
2026-05-13,1 day ago,UA5590,Embraer E175,SFO,SLC,PZ5
2026-05-25,1 day ago,UA1635,Boeing 737 MAX 8,IAD,ATL,PZ3
2026-06-08,1 day ago,UA5462,Bombardier CRJ550,FAR,DEN,PZ1
2026-07-14,1 day ago,UA5487,Embraer E175,DEN,ABQ,PZ2
2027-03-01,7 hours ago,UA6044,Embraer E175,SFO,MFR,PZ1
2026-07-28,3 days ago,UA2611,Boeing 737 MAX 9,MCO,IAH,PZ1
2026-07-28,3 days ago,UA1872,Boeing 737-900,MCO,IAH,PZ2
2026-09-09,3 hours ago,UA958,Boeing 767-300,LHR,ORD,PZ9
2026-07-06,2 days ago,UA1246,Boeing 737-900,MSP,EWR,PZ2
2026-05-08,1 day ago,UA494,Boeing 737-900,DEN,RAP,PZ1
2026-05-12,1 day ago,UA5328,Embraer E175,RNO,LAX,PZ3
2026-07-12,2 days ago,UA6027,Embraer E175,SFO,BOI,PZ1
2026-06-18,1 day ago,UA5744,Embraer E175,LAX,SLC,PZ1
2026-05-22,1 day ago,UA5924,Embraer E175,BOI,DEN,PZ3
2026-07-04,2 days ago,UA5387,Embraer E175,SFO,BOI,PZ2
2026-08-07,3 days ago,UA6288,Embraer E175,IAH,MLM,PZ5
2026-10-20,4 days ago,UA2645,Boeing 737-900,EWR,SAV,PZ1
2026-06-08,7 hours ago,UA928,Boeing 767-300,LHR,ORD,PZ9
2026-06-13,1 day ago,UA1875,Airbus A321neo,ORD,LAS,PZ5
2026-08-01,2 days ago,UA4605,Bombardier CRJ550,ORD,FAR,PZ2
2026-08-01,2 days ago,UA5537,Bombardier CRJ550,ORD,FAR,PZ2
2026-05-18,1 day ago,UA6288,Embraer E175,IAH,MLM,PZ9
2026-08-12,2 days ago,UA5653,Bombardier CRJ550,ORD,FAR,PZ1
2026-08-05,2 days ago,UA5537,Bombardier CRJ550,ORD,FAR,PZ1
2026-07-01,4 days ago,UA4508,Bombardier CRJ550,ORD,HSV,PZ1
2026-08-12,2 days ago,UA5744,Embraer E175,ORD,OMA,PZ1
2026-10-02,4 days ago,UA6007,Bombardier CRJ550,ORD,HSV,PZ1
2026-07-04,1 day ago,UA5487,Embraer E175,DEN,ABQ,PZ2
2026-07-29,2 days ago,UA2336,Boeing 737-900,ORD,OMA,PZ2
2026-08-25,2 days ago,UA5215,Bombardier CRJ550,ORD,LNK,PZ2
2026-08-15,2 days ago,UA1625,Boeing 737 MAX 9,ORD,OMA,PZ3
2026-08-15,2 days ago,UA2336,Boeing 737-800,ORD,OMA,PZ2
2026-05-09,2 days ago,UA4079,Embraer E175,GSP,IAH,PZ3
2026-08-15,2 days ago,UA5744,Embraer E175,ORD,OMA,PZ2
2026-08-24,2 days ago,UA5215,Bombardier CRJ550,ORD,LNK,PZ1
2026-05-22,1 day ago,UA5693,Embraer E175,SFO,GEG,PZ3
2026-05-22,2 days ago,UA4038,Embraer E175,GSP,IAH,PZ2
2026-08-23,2 days ago,UA5215,Bombardier CRJ550,ORD,LNK,PZ1
2026-05-15,2 days ago,UA4079,Embraer E175,GSP,IAH,PZ4
2026-08-22,2 days ago,UA5215,Bombardier CRJ550,ORD,LNK,PZ1
2026-05-20,3 hours ago,UA1969,Boeing 737-900,CHS,EWR,PZ2
2026-05-28,8 hours ago,UA4439,Bombardier CRJ550,FSD,ORD,PZ3
2026-05-30,2 days ago,UA3608,Embraer E175,EWR,MSN,PZ2
2026-05-27,1 day ago,UA4667,Embraer E175,BGR,ORD,PZ1
2026-07-14,10 hours ago,UA4449,Bombardier CRJ550,BHM,ORD,PZ2
2026-05-19,8 hours ago,UA4552,Bombardier CRJ550,FSD,ORD,PZ2
2026-05-27,8 hours ago,UA4441,Bombardier CRJ550,FSD,ORD,PZ2
2026-09-01,2 days ago,UA4185,Bombardier CRJ550,BHM,ORD,PZ1
2026-05-29,8 hours ago,UA5449,Embraer E175,FSD,ORD,PZ3
2026-06-20,2 days ago,UA3482,Embraer E175,MSN,EWR,PZ2
2026-06-23,2 days ago,UA3675,Embraer E175,MSN,EWR,PZ2
2026-05-29,8 hours ago,UA4467,Bombardier CRJ550,FSD,ORD,PZ3
2026-05-17,8 hours ago,UA1857,Airbus A319,FSD,ORD,PZ2
2026-05-23,2 days ago,UA3482,Embraer E175,MSN,EWR,PZ1
2026-05-15,2 hours ago,UA947,Boeing 767-300,AMS,IAD,PZ9
2026-05-17,8 hours ago,UA4539,Bombardier CRJ550,FSD,ORD,PZ2
2026-06-01,2 days ago,UA3482,Embraer E175,MSN,EWR,PZ1
2026-06-01,2 days ago,UA3675,Embraer E175,MSN,EWR,PZ1
2026-05-17,8 hours ago,UA4552,Bombardier CRJ550,FSD,ORD,PZ5
2026-06-03,2 days ago,UA3482,Embraer E175,MSN,EWR,PZ1
2026-07-08,3 days ago,UA3517,Embraer E175,EWR,CLT,PZ2
2026-06-08,2 days ago,UA3482,Embraer E175,MSN,EWR,PZ3
2026-06-02,2 days ago,UA3611,Embraer E175,DTW,EWR,PZ2
2026-06-10,2 days ago,UA3652,Embraer E175,DTW,EWR,PZ2
2027-02-16,8 hours ago,UA980,Boeing 767-300,ORD,DUB,PZ3
2026-07-18,10 hours ago,UA4449,Bombardier CRJ550,BHM,ORD,PZ1
2026-06-09,2 days ago,UA3652,Embraer E175,DTW,EWR,PZ2
2026-06-09,2 days ago,UA3565,Embraer E175,DTW,EWR,PZ2
2026-05-30,10 hours ago,UA1972,Boeing 737-900,ORD,SLC,PZ6
2026-05-24,4 hours ago,UA123,Boeing 787-9 Dreamliner,LHR,EWR,PZ9
2026-07-30,1 day ago,UA5988,Embraer E175,ABQ,DEN,PZ1
2026-07-22,4 days ago,UA838,Boeing 737-800,KHH,NRT,PZ4
2026-05-19,1 day ago,UA817,Airbus A320,SFO,MEX,PZ1
2026-05-05,10 hours ago,UA908,Boeing 767-300,AMS,ORD,PZ9
2026-07-14,3 days ago,UA1212,Boeing 737-800,SFO,PVR,PZ5
2026-05-18,2 days ago,UA755,Boeing 737 MAX 9,IAD,BOS,PZ6
2026-05-12,3 days ago,UA32,Boeing 737-800,NRT,CEB,PZ9
2026-05-13,3 days ago,UA32,Boeing 737-800,NRT,CEB,PZ5
2027-03-09,2 days ago,UA234,Boeing 737 MAX 8,PVR,IAH,PZ1
2026-07-14,3 days ago,UA3456,Embraer E175,CLT,EWR,PZ2
2027-03-16,2 days ago,UA234,Boeing 737 MAX 8,PVR,IAH,PZ1
2027-03-24,2 days ago,UA234,Boeing 737 MAX 8,PVR,IAH,PZ1
2026-05-31,1 day ago,UA5753,Embraer E175,SFO,SLC,PZ2
2026-10-06,4 days ago,UA752,Boeing 737-900,FLL,ORD,PZ2
2026-05-09,2 days ago,UA1277,Boeing 737 MAX 9,IAD,MCO,PZ4
2026-05-07,2 days ago,UA1578,Boeing 737 MAX 8,BNA,SFO,PZ1
2026-06-06,1 day ago,UA2324,Boeing 737-900,DEN,CID,PZ2
2026-05-15,1 day ago,UA4591,Bombardier CRJ550,DCA,EWR,PZ4
2027-03-23,2 days ago,UA5905,Embraer E175,ORD,MTJ,PZ1
2027-03-09,2 days ago,UA5905,Embraer E175,ORD,MTJ,PZ1
2027-03-30,2 days ago,UA5905,Embraer E175,ORD,MTJ,PZ1
2026-10-03,2 days ago,UA4185,Bombardier CRJ550,BHM,ORD,PZ2
2026-05-15,19 hours ago,UA1949,Boeing 737-700,IAH,DFW,PZ4
2026-05-16,19 hours ago,UA2074,Boeing 737 MAX 8,IAH,DFW,PZ9
2026-08-19,1 day ago,UA959,Boeing 767-300,LHR,ORD,PZ9
2026-05-09,4 days ago,UA1300,Airbus A320,BUR,SFO,PZ6
2026-07-11,1 day ago,UA5487,Embraer E175,DEN,ABQ,PZ2
2026-05-29,2 days ago,UA3482,Embraer E175,MSN,EWR,PZ2
2026-05-08,1 day ago,UA6153,Embraer E175,AGU,IAH,PZ8
2026-11-05,3 days ago,UA5238,Embraer E175,AGU,IAH,PZ2
2026-11-05,3 days ago,UA5255,Embraer E175,AGU,IAH,PZ2
2026-09-14,11 hours ago,UA1237,Boeing 737-900,MSP,ORD,PZ1
2026-07-07,3 days ago,UA1881,Boeing 737-800,SFO,SJD,PZ1
2026-05-11,2 days ago,UA3482,Embraer E175,MSN,EWR,PZ1
2026-11-26,3 days ago,UA5238,Embraer E175,AGU,IAH,PZ2
2026-05-19,2 days ago,UA3482,Embraer E175,MSN,EWR,PZ5
2026-07-04,2 days ago,UA837,Boeing 737-800,NRT,KHH,PZ5
2026-06-23,2 days ago,UA3482,Embraer E175,MSN,EWR,PZ2
2026-06-07,1 day ago,UA2324,Boeing 737-900,DEN,CID,PZ1
2026-08-08,3 days ago,UA2662,Boeing 737-900,IAH,MCO,PZ1
2026-06-18,1 day ago,UA6238,Embraer E175,AGU,IAH,PZ6
2026-09-03,3 days ago,UA939,Boeing 787-9 Dreamliner,LHR,SFO,PZ9
2026-08-05,3 days ago,UA2323,Boeing 737 MAX 9,IAH,MCO,PZ1
2026-09-08,2 days ago,UA3482,Embraer E175,MSN,EWR,PZ1
2026-10-20,1 day ago,UA2195,Boeing 737-800,MCI,ORD,PZ3
2026-08-05,3 days ago,UA2310,Boeing 737-900,IAH,MCO,PZ2
2026-10-21,1 day ago,UA5735,Embraer E175,MCI,ORD,PZ2
2026-07-28,3 days ago,UA2310,Boeing 737-900,IAH,MCO,PZ1
2026-07-29,3 days ago,UA2245,Boeing 737-900,IAH,MCO,PZ2
2026-06-29,2 days ago,UA3482,Embraer E175,MSN,EWR,PZ1
2026-05-07,1 day ago,UA1867,Boeing 737-800,CZM,IAH,PZ3
2026-05-16,3 days ago,UA2264,Boeing 737 MAX 9,IAD,BNA,PZ9
2026-05-11,11 hours ago,UA972,Boeing 787-10 Dreamliner,ORD,BRU,PZ9
2026-06-17,7 hours ago,UA5243,Embraer E175,MTY,IAH,PZ5
2026-06-06,3 days ago,UA417,Boeing 737-900,IAH,LAX,PZ4
2026-05-22,9 hours ago,UA3419,Embraer E175,EWR,GRR,PZ5
2026-05-09,1 day ago,UA6237,Embraer E175,IAH,AGU,PZ7
2026-06-26,1 day ago,UA5556,Bombardier CRJ550,DEN,RAP,PZ1
2026-08-25,2 days ago,UA1489,Boeing 737 MAX 9,EWR,STI,PZ8
2026-08-19,2 days ago,UA5653,Bombardier CRJ550,ORD,FAR,PZ1
2026-05-13,2 days ago,UA559,Boeing 737-900,EWR,MIA,PZ6
2026-08-21,2 days ago,UA5653,Bombardier CRJ550,ORD,FAR,PZ1
2026-05-30,13 hours ago,UA2428,Boeing 737 MAX 9,ORD,SAN,PZ2
2026-05-09,21 hours ago,UA5590,Embraer E175,SFO,SLC,PZ8
2026-08-08,2 days ago,UA5537,Bombardier CRJ550,ORD,FAR,PZ2
2026-08-08,2 days ago,UA4605,Bombardier CRJ550,ORD,FAR,PZ1
2026-08-11,2 days ago,UA1625,Boeing 737 MAX 9,ORD,OMA,PZ4
2026-08-11,2 days ago,UA2336,Boeing 737-800,ORD,OMA,PZ3
2026-08-11,2 days ago,UA5963,Embraer E175,ORD,OMA,PZ2
2026-08-11,2 days ago,UA5744,Embraer E175,ORD,OMA,PZ1
2026-07-18,4 days ago,UA837,Boeing 737-800,NRT,KHH,PZ3
2026-07-24,4 days ago,UA837,Boeing 737-800,NRT,KHH,PZ3
2026-05-15,2 days ago,UA4030,Embraer E175,GSP,IAH,PZ1
2026-08-24,2 days ago,UA5963,Embraer E175,ORD,OMA,PZ1
2026-08-08,2 days ago,UA1778,Airbus A319,ORD,OMA,PZ1
2026-05-10,8 hours ago,UA1428,Boeing 737 MAX 9,EWR,BNA,PZ2
2026-08-08,2 days ago,UA247,Boeing 737-700,ORD,OMA,PZ1
2026-08-04,2 days ago,UA5589,Embraer E175,ORD,OMA,PZ1
2026-08-05,2 days ago,UA5589,Embraer E175,ORD,OMA,PZ2
2026-08-15,2 days ago,UA5215,Bombardier CRJ550,ORD,LNK,PZ1
2026-06-18,7 hours ago,UA951,Boeing 777-300ER,BRU,IAD,PZ3
2026-08-05,2 days ago,UA5215,Bombardier CRJ550,ORD,LNK,PZ2
2026-08-13,2 days ago,UA5215,Bombardier CRJ550,ORD,LNK,PZ1
2026-08-11,2 days ago,UA5215,Bombardier CRJ550,ORD,LNK,PZ2
2026-08-08,2 days ago,UA5215,Bombardier CRJ550,ORD,LNK,PZ2
2026-05-14,2 days ago,UA4079,Embraer E175,GSP,IAH,PZ3
2026-05-15,1 day ago,UA6289,Embraer E175,MLM,IAH,PZ9
2026-05-12,2 days ago,UA4030,Embraer E175,GSP,IAH,PZ5
2026-07-05,4 days ago,UA3511,Embraer E175,EWR,AVL,PZ1
2026-08-07,4 days ago,UA4500,Bombardier CRJ550,ORD,HSV,PZ1
2026-05-16,2 days ago,UA6127,Embraer E175,IAH,GSP,PZ4
2027-01-01,4 days ago,UA6007,Bombardier CRJ550,ORD,HSV,PZ1
2026-05-07,11 hours ago,UA3537,Embraer E175,EWR,BUF,PZ3
2026-05-08,11 hours ago,UA3537,Embraer E175,EWR,BUF,PZ3
2026-05-06,1 day ago,UA3537,Embraer E175,EWR,BUF,PZ6
2026-06-18,1 day ago,UA4167,Bombardier CRJ550,DCA,EWR,PZ1
2026-08-17,3 days ago,UA6289,Embraer E175,MLM,IAH,PZ5
2026-12-24,4 days ago,UA6007,Bombardier CRJ550,ORD,HSV,PZ1
2026-10-16,4 days ago,UA4724,Bombardier CRJ550,ORD,HSV,PZ1
2026-05-16,2 days ago,UA453,Boeing 737 MAX 8,PHX,SFO,PZ1
2026-12-24,4 days ago,UA4724,Bombardier CRJ550,ORD,HSV,PZ1
2026-05-13,16 hours ago,UA1170,Airbus A321neo,BOS,ORD,PZ1
2026-05-18,2 days ago,UA3708,Embraer E175,IND,EWR,PZ2
2026-05-06,1 day ago,UA3708,Embraer E175,IND,EWR,PZ2
2026-06-30,4 days ago,UA6297,Embraer E175,TYS,IAD,PZ1
2026-06-15,8 hours ago,UA4467,Bombardier CRJ550,FSD,ORD,PZ2
2026-05-30,1 day ago,UA543,Airbus A319,SFO,SLC,PZ5
2026-05-16,4 days ago,UA3993,Embraer E175,IAD,CMH,PZ2
2026-05-23,2 days ago,UA3608,Embraer E175,EWR,MSN,PZ2
2026-05-09,2 days ago,UA3620,Embraer E175,EWR,MSN,PZ2
2026-06-16,8 hours ago,UA4439,Bombardier CRJ550,FSD,ORD,PZ1
2026-07-18,11 hours ago,UA1689,Boeing 737-900,ORD,IAD,PZ4
2026-06-19,2 days ago,UA3482,Embraer E175,MSN,EWR,PZ1
2026-06-02,2 days ago,UA3482,Embraer E175,MSN,EWR,PZ2
2026-08-07,1 day ago,UA3447,Embraer E175,HHH,EWR,PZ1
2026-06-20,1 day ago,UA3652,Embraer E175,DTW,EWR,PZ2
2026-05-19,2 hours ago,UA32,Boeing 737-800,NRT,CEB,PZ9
2026-06-04,3 hours ago,UA1043,Boeing 737 MAX 9,AUA,EWR,PZ3
2026-05-11,4 days ago,UA725,Airbus A319,ABQ,DEN,PZ3
2026-08-08,2 days ago,UA1077,Boeing 737-800,ORD,DCA,PZ3
2026-06-13,1 day ago,UA5753,Embraer E175,SFO,SLC,PZ5
2026-07-14,1 day ago,UA621,Boeing 737 MAX 8,ABQ,DEN,PZ1
2026-06-27,1 day ago,UA1767,Boeing 737-800,RAP,DEN,PZ1
2026-07-04,8 hours ago,UA1657,Boeing 737-800,ORD,LGA,PZ2
2026-07-04,8 hours ago,UA2809,Boeing 737-800,ORD,LGA,PZ1
2026-07-18,3 days ago,UA798,Boeing 737 MAX 8,CLT,EWR,PZ2
2026-09-26,9 hours ago,UA1536,Boeing 737 MAX 9,IAD,RDU,PZ3
2026-07-12,3 days ago,UA798,Boeing 737 MAX 8,CLT,EWR,PZ1
2026-08-26,4 days ago,UA4573,Bombardier CRJ550,IAH,HSV,PZ2
2026-05-29,2 days ago,UA1012,Boeing 737 MAX 9,EWR,ATL,PZ4
2026-05-25,1 day ago,UA153,Boeing 787-9 Dreamliner,SGN,HKG,PZ9
2027-03-16,2 days ago,UA5905,Embraer E175,ORD,MTJ,PZ1
2027-02-05,2 days ago,UA392,Boeing 737-900,EWR,PTY,PZ2
2026-06-09,2 days ago,UA4049,Embraer E175,GSP,IAH,PZ2
2026-06-12,2 days ago,UA4038,Embraer E175,GSP,IAH,PZ1
2026-05-12,1 day ago,UA5659,Embraer E175,SEA,LAX,PZ5
2026-07-15,1 day ago,UA5487,Embraer E175,DEN,ABQ,PZ1
2026-07-04,10 hours ago,UA1364,Boeing 737 MAX 9,EWR,FLL,PZ1
2026-05-12,2 days ago,UA4079,Embraer E175,GSP,IAH,PZ2
2026-06-16,2 days ago,UA4049,Embraer E175,GSP,IAH,PZ2
2026-07-03,4 days ago,UA3511,Embraer E175,EWR,AVL,PZ1
2026-07-07,1 day ago,UA5487,Embraer E175,DEN,ABQ,PZ2
2026-07-09,4 days ago,UA4405,Bombardier CRJ550,EWR,AVL,PZ1
2026-06-01,1 day ago,UA6238,Embraer E175,AGU,IAH,PZ9
2026-07-02,22 hours ago,UA6296,Embraer E175,RDU,IAH,PZ1
2026-05-23,16 hours ago,UA2438,Boeing 737 MAX 9,EWR,IAH,PZ1
2026-11-12,3 days ago,UA5238,Embraer E175,AGU,IAH,PZ2
2026-05-23,1 day ago,UA2780,Airbus A320,LGA,ORD,PZ5
2026-05-16,11 hours ago,UA1097,Boeing 737-800,SFO,BUR,PZ9
2026-10-16,2 days ago,UA5735,Embraer E175,MCI,ORD,PZ1
2026-06-11,1 day ago,UA5753,Embraer E175,SFO,SLC,PZ2
2026-06-30,2 days ago,UA3482,Embraer E175,MSN,EWR,PZ2
2026-05-15,1 day ago,UA2235,Boeing 737 MAX 9,MSY,EWR,PZ2
2026-08-21,1 day ago,UA6168,Embraer E175,DTW,IAD,PZ1
2026-05-19,1 day ago,UA6153,Embraer E175,AGU,IAH,PZ9
2026-07-11,8 hours ago,UA2229,Boeing 737 MAX 9,BOS,ORD,PZ2
2026-05-12,2 days ago,UA726,Boeing 737-700,IAD,PIT,PZ5
2026-07-26,1 day ago,UA3594,Embraer E175,SDF,EWR,PZ1
2026-07-25,1 day ago,UA3594,Embraer E175,SDF,EWR,PZ1
2026-11-13,3 days ago,UA5255,Embraer E175,AGU,IAH,PZ2
2026-05-19,5 hours ago,UA571,Boeing 737-700,EWR,EYW,PZ2
2026-05-10,1 day ago,UA4408,Bombardier CRJ550,DCA,EWR,PZ1
2027-03-10,8 hours ago,UA945,Boeing 787-10 Dreamliner,FRA,ORD,PZ1
2027-03-10,8 hours ago,UA906,Boeing 787-10 Dreamliner,FRA,ORD,PZ2
2026-11-25,4 days ago,UA3604,Embraer E175,EWR,MCI,PZ1
2026-06-09,1 day ago,UA5239,Bombardier CRJ550,FAR,DEN,PZ1
2027-03-09,8 hours ago,UA906,Boeing 787-10 Dreamliner,FRA,ORD,PZ2
2026-06-09,1 day ago,UA4634,Embraer E175,FAR,DEN,PZ2
2026-06-14,1 day ago,UA6237,Embraer E175,IAH,AGU,PZ2
2026-08-09,1 day ago,UA152,Boeing 787-9 Dreamliner,LAX,SGN,PZ1
2026-05-30,13 hours ago,UA2373,Boeing 737-900,ORD,LAX,PZ2
2026-11-15,3 days ago,UA5254,Embraer E175,IAH,AGU,PZ2
2026-05-20,8 hours ago,UA4467,Bombardier CRJ550,FSD,ORD,PZ1
2026-05-09,3 days ago,UA166,Boeing 737-800,TPE,GUM,PZ5
2026-11-08,3 days ago,UA5254,Embraer E175,IAH,AGU,PZ2
2026-07-11,2 days ago,UA267,Boeing 737-800,SFO,BOI,PZ2
2026-07-16,2 days ago,UA6027,Embraer E175,SFO,BOI,PZ1
2026-05-10,1 day ago,UA1919,Boeing 737-800,IAH,CZM,PZ8
2026-07-20,2 days ago,UA6027,Embraer E175,SFO,BOI,PZ1
2026-07-14,2 days ago,UA267,Boeing 737-800,SFO,BOI,PZ2
2026-06-13,3 hours ago,UA1289,Boeing 737 MAX 9,CHS,EWR,PZ3
2026-07-06,4 days ago,UA4405,Bombardier CRJ550,EWR,AVL,PZ1
2026-08-15,2 days ago,UA4435,Bombardier CRJ550,ORD,FAR,PZ2
2026-08-15,2 days ago,UA5611,Bombardier CRJ550,ORD,FAR,PZ2
2026-06-20,1 day ago,UA5744,Embraer E175,LAX,SLC,PZ2
2026-08-07,2 days ago,UA5537,Bombardier CRJ550,ORD,FAR,PZ1
2026-09-30,4 days ago,UA4724,Bombardier CRJ550,ORD,HSV,PZ2
2026-09-30,4 days ago,UA5418,Bombardier CRJ550,ORD,HSV,PZ1
2026-09-04,3 days ago,UA1051,Boeing 737-900,CUN,IAH,PZ7
2026-09-04,3 days ago,UA1056,Boeing 737-900,CUN,IAH,PZ6
2026-08-09,2 days ago,UA5589,Embraer E175,ORD,OMA,PZ1
2026-08-17,2 days ago,UA5963,Embraer E175,ORD,OMA,PZ1
2026-06-27,1 day ago,UA4763,Embraer E175,SLC,SFO,PZ1
2026-08-18,2 days ago,UA5215,Bombardier CRJ550,ORD,LNK,PZ2
2026-08-23,2 days ago,UA5744,Embraer E175,ORD,OMA,PZ1
2026-08-22,2 days ago,UA5963,Embraer E175,ORD,OMA,PZ2
2026-08-13,2 days ago,UA5963,Embraer E175,ORD,OMA,PZ1
2026-08-18,2 days ago,UA2336,Boeing 737-800,ORD,OMA,PZ3
2026-08-18,2 days ago,UA5963,Embraer E175,ORD,OMA,PZ2
2026-08-03,2 days ago,UA2336,Boeing 737-900,ORD,OMA,PZ2
2026-08-10,2 days ago,UA2336,Boeing 737-900,ORD,OMA,PZ2
2026-08-19,2 days ago,UA2336,Boeing 737-800,ORD,OMA,PZ3
2026-08-19,2 days ago,UA5744,Embraer E175,ORD,OMA,PZ2
2026-08-16,2 days ago,UA5744,Embraer E175,ORD,OMA,PZ1
2026-08-12,2 days ago,UA2336,Boeing 737-800,ORD,OMA,PZ1
2026-05-11,20 hours ago,UA150,Boeing 737-800,KIX,GUM,PZ3
2026-09-09,1 day ago,UA965,Boeing 767-300,NAP,EWR,PZ9
2026-06-10,2 days ago,UA3476,Embraer E175,EWR,BUF,PZ2
2026-08-10,7 hours ago,UA904,Boeing 767-300,EWR,LHR,PZ9
2026-06-06,1 day ago,UA5744,Embraer E175,LAX,SLC,PZ5
2026-06-01,8 hours ago,UA4439,Bombardier CRJ550,FSD,ORD,PZ3
2026-05-12,1 day ago,UA6289,Embraer E175,MLM,IAH,PZ9
2026-07-11,22 hours ago,UA2666,Airbus A321neo,ORD,DEN,PZ2
2026-07-10,4 days ago,UA4500,Bombardier CRJ550,ORD,HSV,PZ1
2026-07-31,2 days ago,UA1331,Boeing 737 MAX 9,EWR,MSP,PZ2
2026-07-18,2 days ago,UA1331,Boeing 737-900,EWR,MSP,PZ4
2026-07-25,2 days ago,UA1331,Boeing 737-900,EWR,MSP,PZ3
2026-09-08,3 days ago,UA5336,Bombardier CRJ550,MEM,ORD,PZ2
2026-05-25,1 day ago,UA1307,Airbus A319,EWR,ATL,PZ1
2026-07-08,4 days ago,UA6297,Embraer E175,TYS,IAD,PZ2
2026-05-05,7 hours ago,UA5740,Embraer E175,MFR,SFO,PZ1
2026-05-23,1 day ago,UA2014,Boeing 737-900,DEN,BOI,PZ5
2026-07-15,4 days ago,UA6297,Embraer E175,TYS,IAD,PZ2
2026-09-07,7 hours ago,UA5375,Embraer E175,IAH,STL,PZ1
2026-05-09,2 days ago,UA3537,Embraer E175,EWR,BUF,PZ1
2026-09-21,3 days ago,UA6267,Embraer E175,IAH,TAM,PZ2
2026-07-26,3 days ago,UA6267,Embraer E175,IAH,TAM,PZ5
2026-09-10,3 days ago,UA6267,Embraer E175,IAH,TAM,PZ5
2026-10-18,3 days ago,UA6267,Embraer E175,IAH,TAM,PZ2
2026-10-03,3 days ago,UA6267,Embraer E175,IAH,TAM,PZ2
2026-11-01,3 days ago,UA6267,Embraer E175,IAH,TAM,PZ2
2026-05-22,23 hours ago,UA3656,Embraer E175,LGA,IAD,PZ2
2026-06-09,2 days ago,UA3529,Embraer E175,EWR,BUF,PZ2
2026-09-25,3 days ago,UA6267,Embraer E175,IAH,TAM,PZ3
2026-08-30,3 days ago,UA5073,Bombardier CRJ550,VCT,IAH,PZ9
2026-09-02,3 days ago,UA5073,Bombardier CRJ550,VCT,IAH,PZ9
2026-05-21,7 hours ago,UA1958,Boeing 737 MAX 9,IAH,LAX,PZ1
2026-08-14,3 days ago,UA5073,Bombardier CRJ550,VCT,IAH,PZ9
2026-06-16,8 hours ago,UA4443,Bombardier CRJ550,ORD,FSD,PZ1
2026-07-28,2 days ago,UA456,Boeing 737 MAX 8,DEN,AUS,PZ2
2026-10-13,4 days ago,UA5877,Bombardier CRJ550,HSV,ORD,PZ2
2026-05-25,1 day ago,UA785,Boeing 737-700,ATL,ORD,PZ1
2026-10-03,3 days ago,UA6172,Embraer E175,MEM,IAH,PZ2
2026-12-21,4 days ago,UA4707,Bombardier CRJ550,HSV,ORD,PZ1
2026-09-01,1 day ago,UA5988,Embraer E175,ABQ,DEN,PZ2
2026-07-09,7 hours ago,UA6208,Embraer E175,ICT,IAH,PZ1
2026-09-19,3 days ago,UA6268,Embraer E175,TAM,IAH,PZ4
2026-06-24,4 days ago,UA6193,Embraer E175,IAD,SAV,PZ2
2026-11-26,3 days ago,UA6268,Embraer E175,TAM,IAH,PZ2
2026-05-14,1 day ago,UA1867,Boeing 737-800,CZM,IAH,PZ6
2026-07-08,7 hours ago,UA4398,Bombardier CRJ550,EWR,YOW,PZ2
2026-07-08,7 hours ago,UA3452,Embraer E175,EWR,YOW,PZ2
2026-08-18,1 day ago,UA5988,Embraer E175,ABQ,DEN,PZ1
2026-11-27,2 days ago,UA5628,Embraer E175,SAN,LAX,PZ1
2026-12-02,2 days ago,UA5630,Embraer E175,SAN,LAX,PZ2
2026-10-20,4 days ago,UA5266,Bombardier CRJ550,HSV,ORD,PZ1
2026-06-04,4 days ago,UA3477,Embraer E175,EWR,PIT,PZ2
2026-05-09,7 hours ago,UA5657,Embraer E175,SEA,LAX,PZ3
2026-08-15,2 days ago,UA1270,Boeing 737 MAX 9,ORD,PUJ,PZ7
2026-10-03,3 days ago,UA6221,Embraer E175,ACA,IAH,PZ1
2026-06-24,1 day ago,UA6221,Embraer E175,ACA,IAH,PZ3
2026-06-05,1 day ago,UA423,Boeing 787-10 Dreamliner,ATH,ORD,PZ8
2026-05-19,7 hours ago,UA2168,Boeing 737-900,SFO,IAH,PZ1
2026-10-31,3 days ago,UA5319,Embraer E175,ACA,IAH,PZ1
2026-11-10,3 days ago,UA5073,Bombardier CRJ550,IAH,VCT,PZ9
2026-09-06,3 days ago,UA5073,Bombardier CRJ550,IAH,VCT,PZ7
2026-07-08,4 days ago,UA4505,Bombardier CRJ550,HSV,ORD,PZ2
2026-07-25,7 hours ago,UA2226,Boeing 737-900,ORD,BUF,PZ2
2026-07-25,7 hours ago,UA1335,Boeing 737-900,ORD,BUF,PZ4
2026-05-27,1 day ago,UA5073,Bombardier CRJ550,IAH,VCT,PZ9
2026-10-25,3 days ago,UA5073,Bombardier CRJ550,IAH,VCT,PZ9
2026-05-11,3 hours ago,UA2608,Boeing 737 MAX 9,EWR,CHS,PZ8
2026-06-27,7 hours ago,UA5228,Embraer E175,ORD,DFW,PZ2
2026-06-18,8 hours ago,UA4462,Bombardier CRJ550,ORD,FSD,PZ1
2026-06-05,8 hours ago,UA4462,Bombardier CRJ550,ORD,FSD,PZ2
2026-10-03,1 day ago,UA725,Airbus A320,ABQ,DEN,PZ2
2026-11-22,3 days ago,UA5073,Bombardier CRJ550,IAH,VCT,PZ9
2026-06-30,8 hours ago,UA5319,Bombardier CRJ550,FSD,DEN,PZ2
2026-06-30,8 hours ago,UA5492,Embraer E175,FSD,DEN,PZ2
2026-05-16,3 hours ago,UA1763,Boeing 737 MAX 8,SFO,SEA,PZ5
2026-09-29,4 days ago,UA4572,Bombardier CRJ550,HSV,IAH,PZ1
2026-05-14,2 days ago,UA958,Boeing 767-300,LHR,ORD,PZ9
2026-06-08,8 hours ago,UA5701,Embraer E175,FSD,DEN,PZ3
2026-08-12,4 days ago,UA1815,Boeing 737 MAX 9,SFO,BNA,PZ1
2026-08-26,7 hours ago,UA1569,Boeing 737-800,IAH,BZE,PZ4
2026-08-18,7 hours ago,UA1408,Boeing 737-800,IAH,BZE,PZ6
2027-01-24,7 hours ago,UA1408,Boeing 737 MAX 8,IAH,BZE,PZ2
2026-05-05,2 days ago,UA3442,Embraer E175,BUF,EWR,PZ6
2026-08-24,7 hours ago,UA1569,Boeing 737-800,IAH,BZE,PZ6
2026-10-06,4 days ago,UA4572,Bombardier CRJ550,HSV,IAH,PZ1
2026-05-27,2 days ago,UA2854,Boeing 737-800,BUR,SFO,PZ2
2026-09-07,3 days ago,UA183,Boeing 737-800,GUM,MNL,PZ1
2026-09-29,2 days ago,UA341,Boeing 737 MAX 9,ORD,SEA,PZ2
2026-06-17,8 hours ago,UA4745,Bombardier CRJ550,FSD,DEN,PZ2
2026-07-01,3 days ago,UA1059,Boeing 737-900,CUN,IAH,PZ6
2026-08-01,2 days ago,UA5215,Bombardier CRJ550,ORD,LNK,PZ1
2026-08-02,2 days ago,UA5215,Bombardier CRJ550,ORD,LNK,PZ1
2026-05-08,2 days ago,UA4079,Embraer E175,GSP,IAH,PZ2
2026-05-28,2 days ago,UA4049,Embraer E175,GSP,IAH,PZ3
2026-05-15,1 day ago,UA494,Boeing 737-900,DEN,RAP,PZ3
2026-05-09,1 day ago,UA6289,Embraer E175,MLM,IAH,PZ6
2026-05-31,1 day ago,UA5744,Embraer E175,LAX,SLC,PZ1
2026-07-03,4 days ago,UA4405,Bombardier CRJ550,EWR,AVL,PZ1
2026-07-09,4 days ago,UA3511,Embraer E175,EWR,AVL,PZ1
2026-05-08,7 hours ago,UA5603,Embraer E175,ORD,BWI,PZ4
2026-10-14,4 days ago,UA5418,Bombardier CRJ550,ORD,HSV,PZ1
2026-12-24,2 days ago,UA22,Boeing 777-200,DUB,EWR,PZ1
2026-05-08,7 hours ago,UA3649,Embraer E175,ORD,DCA,PZ1
2026-06-25,3 days ago,UA4801,Embraer E175,DEN,DSM,PZ1
2026-05-15,13 hours ago,UA737,Boeing 737-900,SEA,SFO,PZ4
2026-05-15,2 days ago,UA3451,Embraer E175,IND,EWR,PZ4
2026-05-16,2 days ago,UA3708,Embraer E175,IND,EWR,PZ1
2026-05-05,2 days ago,UA1482,Airbus A320,SEA,SFO,PZ4
2026-05-07,3 days ago,UA499,Boeing 737-800,SEA,SFO,PZ1
2026-05-05,2 days ago,UA3451,Embraer E175,IND,EWR,PZ3
2026-05-09,9 hours ago,UA516,Airbus A319,ATL,ORD,PZ6
2026-05-12,2 days ago,UA5583,Embraer E175,TUS,SFO,PZ4
2026-07-09,4 days ago,UA6297,Embraer E175,TYS,IAD,PZ1
2026-05-13,1 day ago,UA3708,Embraer E175,IND,EWR,PZ4
2026-05-13,2 days ago,UA6146,Embraer E175,IND,IAH,PZ3
2026-05-13,2 days ago,UA3479,Embraer E175,IND,ORD,PZ5
2026-05-13,2 days ago,UA5238,Embraer E175,IND,ORD,PZ4
2026-05-13,2 days ago,UA3624,Embraer E175,IND,ORD,PZ3
2026-05-13,2 days ago,UA5605,Embraer E175,IND,ORD,PZ3
2026-08-23,3 days ago,UA6267,Embraer E175,IAH,TAM,PZ5
2026-07-29,3 hours ago,UA1847,Boeing 737-900,DFW,EWR,PZ2
2026-12-25,2 days ago,UA1562,Boeing 737 MAX 8,GUA,IAD,PZ3
2026-05-23,13 hours ago,UA4396,Bombardier CRJ550,EWR,PIT,PZ3
2026-11-09,3 days ago,UA5073,Bombardier CRJ550,VCT,IAH,PZ9
2026-08-04,4 days ago,UA6297,Embraer E175,TYS,IAD,PZ2
2026-06-23,3 days ago,UA1085,Airbus A319,MEX,IAH,PZ6
2026-05-18,2 days ago,UA1543,Boeing 737 MAX 9,EWR,SJU,PZ2
2026-06-27,3 days ago,UA428,Airbus A319,MEX,IAH,PZ5
2026-05-15,1 day ago,UA1693,Boeing 737-900,BOS,EWR,PZ4
2026-11-14,3 days ago,UA5073,Bombardier CRJ550,VCT,IAH,PZ9
2026-06-06,8 hours ago,UA4467,Bombardier CRJ550,FSD,ORD,PZ1
2026-10-30,3 days ago,UA5073,Bombardier CRJ550,VCT,IAH,PZ9
2026-06-13,7 hours ago,UA1635,Boeing 737-800,SEA,LAX,PZ6
2026-05-15,1 day ago,UA2457,Boeing 737 MAX 8,RTB,IAH,PZ4
2026-05-21,1 day ago,UA2457,Boeing 737-800,RTB,IAH,PZ2
2026-06-14,8 hours ago,UA4462,Bombardier CRJ550,ORD,FSD,PZ3
2026-11-07,3 days ago,UA1020,Boeing 737-900,IAH,CUN,PZ2
2026-06-02,1 day ago,UA2457,Boeing 737-800,RTB,IAH,PZ9
2026-07-25,4 days ago,UA4469,Bombardier CRJ550,HSV,ORD,PZ2
2026-09-29,4 days ago,UA4707,Bombardier CRJ550,HSV,ORD,PZ2
2026-09-29,4 days ago,UA5626,Bombardier CRJ550,HSV,ORD,PZ2
2026-05-21,3 days ago,UA3578,Embraer E175,GSP,EWR,PZ5
2026-05-23,3 days ago,UA3700,Embraer E175,GSP,EWR,PZ1
2026-10-02,3 days ago,UA6268,Embraer E175,TAM,IAH,PZ2
2026-06-20,7 hours ago,UA3560,Embraer E175,PIT,EWR,PZ2
2026-06-20,7 hours ago,UA3666,Embraer E175,PIT,EWR,PZ1
2026-05-24,1 day ago,UA6268,Embraer E175,TAM,IAH,PZ5
2026-08-06,1 day ago,UA5988,Embraer E175,ABQ,DEN,PZ1
2026-06-19,7 hours ago,UA3522,Embraer E175,PIT,EWR,PZ1
2026-09-03,3 days ago,UA6268,Embraer E175,TAM,IAH,PZ3
2026-05-06,1 day ago,UA1867,Boeing 737-800SFP,CZM,IAH,PZ8
2026-10-22,3 days ago,UA6268,Embraer E175,TAM,IAH,PZ2
2026-10-25,3 days ago,UA6268,Embraer E175,TAM,IAH,PZ2
2026-05-09,2 days ago,UA2182,Airbus A321neo,IAH,ORD,PZ4
2026-05-22,1 day ago,UA6268,Embraer E175,TAM,IAH,PZ9
2026-05-07,2 days ago,UA1338,Airbus A321neo,IAH,ORD,PZ9
2027-01-01,2 days ago,UA308,Boeing 737 MAX 9,PHL,ORD,PZ2
2026-09-04,3 days ago,UA6268,Embraer E175,TAM,IAH,PZ1
2026-05-31,8 hours ago,UA4462,Bombardier CRJ550,ORD,FSD,PZ3
2026-07-13,4 days ago,UA4505,Bombardier CRJ550,HSV,ORD,PZ1
2026-07-13,4 days ago,UA4480,Bombardier CRJ550,HSV,ORD,PZ1
2026-10-01,3 days ago,UA6268,Embraer E175,TAM,IAH,PZ2
2026-09-28,4 days ago,UA4707,Bombardier CRJ550,HSV,ORD,PZ1
2026-10-28,3 days ago,UA6268,Embraer E175,TAM,IAH,PZ2
2026-07-10,1 day ago,UA725,Boeing 737-800,ABQ,DEN,PZ1
2026-06-02,8 hours ago,UA4443,Bombardier CRJ550,ORD,FSD,PZ2
2026-10-24,3 days ago,UA6221,Embraer E175,ACA,IAH,PZ1
2026-05-29,7 hours ago,UA306,Boeing 767-300,SPU,EWR,PZ9
2026-11-01,3 days ago,UA5073,Bombardier CRJ550,IAH,VCT,PZ9
2026-05-11,7 hours ago,UA5873,Embraer E175,LAX,SEA,PZ1
2026-10-06,4 days ago,UA5266,Bombardier CRJ550,HSV,ORD,PZ1
2026-11-26,13 hours ago,UA1322,Boeing 737-700,SLC,IAD,PZ1
2026-08-15,1 day ago,UA5988,Embraer E175,ABQ,DEN,PZ1
2026-05-20,4 hours ago,UA447,Boeing 737-900,EWR,MCO,PZ6
2026-09-09,1 day ago,UA5988,Embraer E175,ABQ,DEN,PZ2
2026-07-28,7 hours ago,UA6019,Embraer E175,YYZ,ORD,PZ3
2026-06-29,8 hours ago,UA4462,Bombardier CRJ550,ORD,FSD,PZ1
2026-07-01,2 days ago,UA1933,Boeing 737-900,OMA,ORD,PZ2
2026-05-12,1 day ago,UA5928,Embraer E175,ORD,BOI,PZ1
2026-11-08,3 days ago,UA5073,Bombardier CRJ550,IAH,VCT,PZ9
2026-11-04,3 days ago,UA5073,Bombardier CRJ550,IAH,VCT,PZ9
2027-03-20,2 days ago,UA2771,Boeing 737-800,CLT,ORD,PZ3
2026-08-11,1 day ago,UA5988,Embraer E175,ABQ,DEN,PZ2
2026-06-26,8 hours ago,UA5353,Bombardier CRJ550,FSD,DEN,PZ1
2027-01-01,7 hours ago,UA1408,Boeing 737 MAX 8,IAH,BZE,PZ1
2026-09-07,7 hours ago,UA1569,Boeing 737-800,IAH,BZE,PZ6
2026-06-23,8 hours ago,UA2742,Airbus A320,FSD,DEN,PZ1
2026-05-07,1 day ago,UA4486,Bombardier CRJ550,EWR,DCA,PZ3
2026-06-07,1 day ago,UA1020,Boeing 737 MAX 9,IAH,CUN,PZ9
2026-05-07,1 day ago,UA4432,Bombardier CRJ550,EWR,DCA,PZ3
2026-06-21,8 hours ago,UA5319,Embraer E175,FSD,DEN,PZ1
2026-05-16,1 day ago,UA1020,Boeing 737 MAX 9,IAH,CUN,PZ8
2026-09-12,7 hours ago,UA2216,Boeing 737 MAX 8,SLC,ORD,PZ3
2026-07-21,1 day ago,UA3714,Embraer E175,MYR,EWR,PZ1
2026-11-20,3 days ago,UA1059,Boeing 737-900,CUN,IAH,PZ3
2026-11-20,3 days ago,UA1058,Boeing 737-900,CUN,IAH,PZ4
2026-11-19,3 days ago,UA1248,Boeing 737-900,CUN,IAH,PZ4
2026-11-19,3 days ago,UA1059,Boeing 737-900,CUN,IAH,PZ4
2026-09-21,7 hours ago,UA1408,Boeing 737-800,IAH,BZE,PZ5
2027-02-07,1 day ago,UA951,Boeing 777-300ER,BRU,IAD,PZ5
2026-05-14,18 hours ago,UA1896,Boeing 737 MAX 8,PDX,SFO,PZ1
2026-06-23,3 days ago,UA152,Boeing 787-9 Dreamliner,HKG,SGN,PZ9
2026-10-17,1 day ago,UA5487,Embraer E175,DEN,ABQ,PZ2
2026-05-24,3 days ago,UA1085,Airbus A319,MEX,IAH,PZ9
2026-09-14,1 day ago,UA5487,Embraer E175,DEN,ABQ,PZ1
2026-05-12,3 days ago,UA152,Boeing 787-9 Dreamliner,HKG,SGN,PZ9
2026-06-10,8 hours ago,UA5319,Bombardier CRJ550,FSD,DEN,PZ2
2026-05-15,1 day ago,UA1028,Airbus A319,IAH,MEX,PZ4
2027-01-26,6 hours ago,UA972,Boeing 787-10 Dreamliner,ORD,BRU,PZ6
2027-02-24,6 hours ago,UA972,Boeing 787-10 Dreamliner,ORD,BRU,PZ4
2026-05-08,1 day ago,UA4500,Bombardier CRJ550,EWR,DCA,PZ1
2026-05-29,6 hours ago,UA631,Boeing 737-800,YVR,IAH,PZ4
2026-09-09,4 days ago,UA2053,Boeing 737-700,ATL,EWR,PZ2
2026-07-16,1 day ago,UA5487,Embraer E175,DEN,ABQ,PZ1
2026-05-19,3 days ago,UA499,Boeing 737-800,SEA,SFO,PZ6
2026-09-08,4 days ago,UA299,Boeing 737 MAX 9,ATL,EWR,PZ2
2027-02-02,6 hours ago,UA972,Boeing 787-10 Dreamliner,ORD,BRU,PZ5
2026-09-05,2 days ago,UA1546,Boeing 737 MAX 9,BWI,LAX,PZ2
2026-06-29,6 hours ago,UA1695,Boeing 737-900,DFW,ORD,PZ1
2026-06-29,6 hours ago,UA4676,Embraer E175,DFW,ORD,PZ1
2026-08-18,2 days ago,UA2773,Boeing 737-900,MSP,ORD,PZ1
2026-08-18,2 days ago,UA1237,Boeing 737-900,MSP,ORD,PZ1
2026-06-23,8 hours ago,UA4759,Embraer E175,DEN,FSD,PZ1
2026-08-18,2 days ago,UA2783,Airbus A319,MSP,ORD,PZ1
2026-05-14,1 day ago,UA2081,Boeing 737-900,IAD,ATL,PZ2
2026-11-10,1 day ago,UA958,Boeing 767-300,LHR,ORD,PZ2
2027-03-16,6 hours ago,UA31,Boeing 767-300,MUC,EWR,PZ3
2026-05-18,3 days ago,UA153,Boeing 787-9 Dreamliner,SGN,HKG,PZ9
2026-06-01,8 hours ago,UA5700,Embraer E175,DEN,FSD,PZ1
2026-07-08,2 days ago,UA4063,Embraer E175,IAD,CLT,PZ1
2026-08-22,3 days ago,UA837,Boeing 737 MAX 8,NRT,KHH,PZ3
2026-10-21,4 days ago,UA837,Boeing 737 MAX 8,NRT,KHH,PZ1
2026-05-09,4 days ago,UA2141,Boeing 737-900,SFO,PHX,PZ2
2026-05-07,3 days ago,UA1025,Airbus A319,MEX,IAH,PZ1
2026-05-17,4 days ago,UA2019,Boeing 737 MAX 8,SFO,PDX,PZ1
2026-07-02,8 hours ago,UA4441,Bombardier CRJ550,FSD,ORD,PZ1
2026-06-08,3 days ago,UA428,Airbus A319,MEX,IAH,PZ4
2026-06-11,2 days ago,UA3476,Embraer E175,EWR,BUF,PZ3
2026-08-18,11 hours ago,UA809,Boeing 777-300ER,SFO,MNL,PZ2
2026-07-04,2 days ago,UA4432,Bombardier CRJ550,EWR,BUF,PZ2
2026-07-06,2 days ago,UA3607,Embraer E175,EWR,BUF,PZ1
2026-07-06,2 days ago,UA3529,Embraer E175,EWR,BUF,PZ1
2026-06-29,8 hours ago,UA4439,Bombardier CRJ550,FSD,ORD,PZ1
2026-06-30,4 hours ago,UA3510,Embraer E175,MKE,EWR,PZ1
2026-08-17,3 days ago,UA5073,Bombardier CRJ550,VCT,IAH,PZ9
2026-05-30,1 day ago,UA4181,Bombardier CRJ550,EWR,DCA,PZ1
2026-11-16,3 days ago,UA5073,Bombardier CRJ550,VCT,IAH,PZ9
2026-05-30,1 day ago,UA1600,Boeing 737-800,IAH,TQO,PZ8
2026-11-06,3 days ago,UA5073,Bombardier CRJ550,VCT,IAH,PZ9
2026-07-24,1 day ago,UA1980,Boeing 737-800,SFO,SAN,PZ1
2026-05-17,1 day ago,UA2457,Boeing 737 MAX 8,RTB,IAH,PZ3
2026-05-06,4 hours ago,UA852,Boeing 777-222B,TPE,SFO,PZ3
2026-05-12,4 days ago,UA5988,Embraer E175,ABQ,DEN,PZ5
2026-11-12,13 hours ago,UA973,Boeing 787-10 Dreamliner,BRU,ORD,PZ5
2026-05-25,11 hours ago,UA53,Boeing 767-300,ZRH,IAD,PZ9
2026-06-23,8 hours ago,UA4443,Bombardier CRJ550,ORD,FSD,PZ2
2026-06-23,8 hours ago,UA4462,Bombardier CRJ550,ORD,FSD,PZ1
2026-06-30,4 days ago,UA4505,Bombardier CRJ550,HSV,ORD,PZ2
2026-06-30,4 days ago,UA4480,Bombardier CRJ550,HSV,ORD,PZ1
2026-05-22,3 days ago,UA3578,Embraer E175,GSP,EWR,PZ2
2026-06-02,1 day ago,UA1867,Boeing 737-800,CZM,IAH,PZ9
2026-09-02,3 days ago,UA6268,Embraer E175,TAM,IAH,PZ1
2026-06-17,1 day ago,UA6268,Embraer E175,TAM,IAH,PZ5
2026-11-24,2 days ago,UA5628,Embraer E175,SAN,LAX,PZ1
2026-11-22,3 days ago,UA6268,Embraer E175,TAM,IAH,PZ2
2026-08-19,3 days ago,UA6268,Embraer E175,TAM,IAH,PZ3
2026-09-14,3 days ago,UA6268,Embraer E175,TAM,IAH,PZ5
2026-05-24,4 days ago,UA1261,Boeing 737 MAX 9,EWR,BNA,PZ3
2026-05-24,4 days ago,UA2454,Boeing 737-700,EWR,BNA,PZ2
2026-11-25,2 days ago,UA5628,Embraer E175,SAN,LAX,PZ2
2026-12-02,2 days ago,UA5417,Embraer E175,SAN,LAX,PZ2
2026-12-01,2 days ago,UA5628,Embraer E175,SAN,LAX,PZ1
2026-10-30,3 days ago,UA6268,Embraer E175,TAM,IAH,PZ2
2026-11-12,3 days ago,UA6268,Embraer E175,TAM,IAH,PZ2
2026-05-13,4 days ago,UA1832,Boeing 737-900,FLL,EWR,PZ6
2026-10-04,3 days ago,UA6268,Embraer E175,TAM,IAH,PZ2
2026-05-14,3 days ago,UA1762,Boeing 737-900,CLT,IAD,PZ7
2026-10-07,3 days ago,UA6268,Embraer E175,TAM,IAH,PZ2
2026-06-10,1 day ago,UA6268,Embraer E175,TAM,IAH,PZ6
2026-09-28,3 days ago,UA6268,Embraer E175,TAM,IAH,PZ2
2026-05-31,1 day ago,UA6268,Embraer E175,TAM,IAH,PZ9
2026-07-24,1 day ago,UA725,Boeing 737-800,ABQ,DEN,PZ1
2026-09-04,3 days ago,UA5073,Bombardier CRJ550,IAH,VCT,PZ9
2026-07-25,7 hours ago,UA2753,Airbus A319,ORD,BUF,PZ2
2026-11-21,3 days ago,UA5073,Bombardier CRJ550,IAH,VCT,PZ9
2026-10-29,3 days ago,UA5073,Bombardier CRJ550,IAH,VCT,PZ9
2026-07-21,4 days ago,UA4480,Bombardier CRJ550,HSV,ORD,PZ1
2026-05-05,7 hours ago,UA838,Boeing 777-300ER,NRT,SFO,PZ9
2026-09-03,3 days ago,UA5073,Bombardier CRJ550,IAH,VCT,PZ9
2026-05-16,23 hours ago,UA685,Boeing 737-700,IAH,DTW,PZ1
2026-06-13,7 hours ago,UA780,Boeing 737-900,PDX,IAH,PZ2
2026-11-11,3 days ago,UA5073,Bombardier CRJ550,IAH,VCT,PZ9
2026-07-20,4 days ago,UA5895,Embraer E175,SGF,DEN,PZ1
2026-09-20,3 days ago,UA5073,Bombardier CRJ550,IAH,VCT,PZ9
2026-06-02,7 hours ago,UA958,Boeing 767-300,LHR,ORD,PZ9
2026-11-20,3 days ago,UA5073,Bombardier CRJ550,IAH,VCT,PZ8
2026-07-27,7 hours ago,UA1408,Boeing 737-800,IAH,BZE,PZ6
2026-09-30,4 days ago,UA4572,Bombardier CRJ550,HSV,IAH,PZ2
2026-06-17,7 hours ago,UA6245,Embraer E175,MTY,IAH,PZ6
2026-06-17,7 hours ago,UA1853,Boeing 737-700,MTY,IAH,PZ3
2026-05-05,2 days ago,UA1687,Boeing 737 Max 8,IND,SFO,PZ9
2026-07-21,4 hours ago,UA4686,Embraer E175,LIT,DEN,PZ2
2026-05-26,8 hours ago,UA4404,Bombardier CRJ550,ORD,FSD,PZ2
2026-06-05,2 days ago,UA1012,Boeing 737 MAX 9,EWR,ATL,PZ1
2026-05-19,2 days ago,UA787,Boeing 737 MAX 9,IAH,ORD,PZ7
2026-05-20,2 days ago,UA1044,Boeing 737 MAX 9,IAH,ORD,PZ3
2026-09-30,1 day ago,UA5487,Embraer E175,DEN,ABQ,PZ1
2026-05-06,2 days ago,UA787,Boeing 737 MAX 9,IAH,ORD,PZ2
2026-05-21,7 hours ago,UA5579,Embraer E175,SFO,SEA,PZ4
2027-02-24,1 day ago,UA951,Boeing 777-300ER,BRU,IAD,PZ9
2026-08-26,13 hours ago,UA973,Boeing 787-10 Dreamliner,BRU,ORD,PZ9
2026-08-01,3 days ago,UA667,Boeing 737 MAX 8,DEN,MSP,PZ3
2026-05-23,6 hours ago,UA17,Boeing 767-300,LHR,EWR,PZ3
2026-05-12,2 days ago,UA2229,Boeing 737 MAX 8,SFO,IND,PZ4
2027-01-05,1 day ago,UA904,Boeing 777-200,EWR,LHR,PZ1
2026-09-19,1 day ago,UA5487,Embraer E175,DEN,ABQ,PZ2
2026-05-20,6 hours ago,UA941,Boeing 767-300,LHR,EWR,PZ9
2026-05-13,6 hours ago,UA15,Boeing 767-300,LHR,EWR,PZ9
2026-05-12,6 hours ago,UA123,Boeing 787-9 Dreamliner,LHR,EWR,PZ9
2026-05-05,2 days ago,UA2229,Boeing 737 Max 8,SFO,IND,PZ9
2026-09-22,6 hours ago,UA1408,Boeing 737-800,IAH,BZE,PZ2
2026-06-05,8 hours ago,UA5319,Embraer E175,FSD,DEN,PZ2
2026-06-05,8 hours ago,UA4745,Bombardier CRJ550,FSD,DEN,PZ2
2026-06-04,3 days ago,UA1051,Boeing 737-900,CUN,IAH,PZ6
2026-09-25,6 hours ago,UA1408,Boeing 737-800,IAH,BZE,PZ1
2026-10-31,3 hours ago,UA153,Boeing 787-9 Dreamliner,SGN,HKG,PZ9
2026-06-02,2 days ago,UA1128,Boeing 737-900,EWR,MIA,PZ2
2026-05-18,2 days ago,UA1128,Boeing 737-900,EWR,MIA,PZ3
2026-09-01,1 day ago,UA5880,Embraer E175,DEN,ABQ,PZ1
2026-05-19,3 days ago,UA1058,Boeing 737 MAX 9,CUN,IAH,PZ5
2026-06-03,1 day ago,UA3445,Embraer E175,IAD,YUL,PZ3
2026-08-25,6 hours ago,UA941,Boeing 767-300,LHR,EWR,PZ9
2026-05-31,8 hours ago,UA5701,Embraer E175,FSD,DEN,PZ3
2026-08-29,1 day ago,UA2316,Boeing 737-800,SAT,DEN,PZ1
2026-06-24,8 hours ago,UA5700,Embraer E175,DEN,FSD,PZ1
2026-06-17,8 hours ago,UA5975,Bombardier CRJ550,DEN,FSD,PZ1
2027-01-05,6 hours ago,UA972,Boeing 787-10 Dreamliner,ORD,BRU,PZ2
2026-09-09,1 day ago,UA5487,Embraer E175,DEN,ABQ,PZ1
2027-01-06,6 hours ago,UA1818,Boeing 737 MAX 9,TPA,LAX,PZ4
2027-01-20,6 hours ago,UA972,Boeing 787-10 Dreamliner,ORD,BRU,PZ4
2026-08-25,6 hours ago,UA879,Boeing 777-200,LHR,IAH,PZ9
2026-07-05,10 hours ago,UA5495,Bombardier CRJ550,SAF,DEN,PZ1
2026-12-19,4 days ago,UA837,Boeing 737 MAX 8,NRT,KHH,PZ1
2026-11-04,4 days ago,UA837,Boeing 737 MAX 8,NRT,KHH,PZ1
2026-10-02,4 days ago,UA837,Boeing 737 MAX 8,NRT,KHH,PZ1
2026-12-09,1 day ago,UA837,Boeing 737 MAX 8,NRT,KHH,PZ1
2026-09-11,4 days ago,UA837,Boeing 737 MAX 8,NRT,KHH,PZ3
2026-08-28,6 hours ago,UA5415,Embraer E175,SBP,SFO,PZ1
2026-08-20,6 hours ago,UA2464,Airbus A319,SBP,SFO,PZ1
2026-08-20,6 hours ago,UA5415,Embraer E175,SBP,SFO,PZ1
2026-06-02,8 hours ago,UA645,Airbus A320,DEN,FSD,PZ1
2026-08-21,6 hours ago,UA5415,Embraer E175,SBP,SFO,PZ1
2026-08-22,6 hours ago,UA5415,Embraer E175,SBP,SFO,PZ1
2026-11-17,2 days ago,UA1853,Boeing 737-700,MTY,IAH,PZ2
2026-11-17,2 days ago,UA6245,Embraer E175,MTY,IAH,PZ2
2026-11-17,2 days ago,UA5243,Embraer E175,MTY,IAH,PZ2
2027-03-07,2 days ago,UA5243,Embraer E175,MTY,IAH,PZ1
2026-12-14,2 days ago,UA6144,Embraer E175,MTY,IAH,PZ1
2026-12-14,2 days ago,UA6327,Embraer E175,MTY,IAH,PZ2
2026-12-14,2 days ago,UA5243,Embraer E175,MTY,IAH,PZ2
2027-02-16,6 hours ago,UA972,Boeing 787-10 Dreamliner,ORD,BRU,PZ3
2026-11-11,2 days ago,UA6245,Embraer E175,MTY,IAH,PZ2
2026-11-11,2 days ago,UA6144,Embraer E175,MTY,IAH,PZ1
2026-11-07,2 days ago,UA5243,Embraer E175,MTY,IAH,PZ2
2026-09-05,2 days ago,UA6245,Embraer E175,MTY,IAH,PZ5
2026-11-22,2 days ago,UA5243,Embraer E175,MTY,IAH,PZ2
2026-05-31,1 day ago,UA3412,Embraer E175,EWR,DTW,PZ3
2027-03-02,2 days ago,UA1853,Boeing 737-700,MTY,IAH,PZ1
2027-03-02,2 days ago,UA6245,Embraer E175,MTY,IAH,PZ1
2027-03-02,2 days ago,UA5243,Embraer E175,MTY,IAH,PZ1
2026-10-13,2 days ago,UA5243,Embraer E175,MTY,IAH,PZ2
2026-05-06,2 days ago,UA1829,Boeing 737-800,IAH,MIA,PZ2
2027-02-20,2 days ago,UA6245,Embraer E175,MTY,IAH,PZ1
2027-01-07,6 hours ago,UA1818,Boeing 737 MAX 9,TPA,LAX,PZ2
2026-05-13,6 hours ago,UA33,Boeing 787-9 Dreamliner,NRT,LAX,PZ9
2027-01-07,6 hours ago,UA2056,Boeing 737 MAX 9,TPA,LAX,PZ2
2027-02-20,2 days ago,UA5243,Embraer E175,MTY,IAH,PZ2
2026-06-30,8 hours ago,UA5975,Bombardier CRJ550,DEN,FSD,PZ2
2027-03-23,2 days ago,UA6245,Embraer E175,MTY,IAH,PZ1
2026-09-29,2 days ago,UA1853,Boeing 737-700,MTY,IAH,PZ4
2026-09-29,2 days ago,UA6245,Embraer E175,MTY,IAH,PZ5
2026-09-29,2 days ago,UA6144,Embraer E175,MTY,IAH,PZ3
2026-09-29,2 days ago,UA6327,Embraer E175,MTY,IAH,PZ5
2026-09-29,2 days ago,UA5243,Embraer E175,MTY,IAH,PZ5
2026-09-09,2 days ago,UA5243,Embraer E175,MTY,IAH,PZ3
2026-12-03,2 days ago,UA6245,Embraer E175,MTY,IAH,PZ2
2026-12-03,2 days ago,UA6327,Embraer E175,MTY,IAH,PZ2
2026-12-03,2 days ago,UA5243,Embraer E175,MTY,IAH,PZ1
2026-10-01,2 days ago,UA1853,Boeing 737-700,MTY,IAH,PZ1
2026-05-22,6 hours ago,UA2232,Boeing 737-900,ORD,MSP,PZ9
2026-05-22,6 hours ago,UA1150,Boeing 737 MAX 9,ORD,DTW,PZ6
2026-05-22,6 hours ago,UA5608,Embraer E175,ORD,DTW,PZ2
2026-05-22,6 hours ago,UA5232,Embraer E175,ORD,DTW,PZ4
2027-03-13,2 days ago,UA5243,Embraer E175,MTY,IAH,PZ1
2027-02-03,2 days ago,UA1853,Boeing 737-700,MTY,IAH,PZ2
2027-02-03,2 days ago,UA6245,Embraer E175,MTY,IAH,PZ2
2027-02-03,2 days ago,UA6144,Embraer E175,MTY,IAH,PZ2
2027-02-03,2 days ago,UA5243,Embraer E175,MTY,IAH,PZ2
2026-05-14,6 hours ago,UA38,Boeing 787-10 Dreamliner,HND,LAX,PZ3
2026-12-07,2 days ago,UA1853,Boeing 737-700,MTY,IAH,PZ1
2026-12-07,2 days ago,UA6245,Embraer E175,MTY,IAH,PZ1
2026-12-07,2 days ago,UA6144,Embraer E175,MTY,IAH,PZ1
2026-12-07,2 days ago,UA6327,Embraer E175,MTY,IAH,PZ2
2026-12-07,2 days ago,UA5243,Embraer E175,MTY,IAH,PZ2
2026-07-12,3 days ago,UA5926,Embraer E175,ORD,RDU,PZ1
2026-07-03,2 days ago,UA6245,Embraer E175,MTY,IAH,PZ4
2026-05-13,4 hours ago,UA3697,Embraer E175,EWR,MKE,PZ1
2027-01-25,2 days ago,UA6245,Embraer E175,MTY,IAH,PZ1
2027-01-25,2 days ago,UA6327,Embraer E175,MTY,IAH,PZ2
2027-01-25,2 days ago,UA5243,Embraer E175,MTY,IAH,PZ2
2027-02-11,2 days ago,UA6245,Embraer E175,MTY,IAH,PZ2
2027-02-11,2 days ago,UA6144,Embraer E175,MTY,IAH,PZ1
2027-02-11,2 days ago,UA6327,Embraer E175,MTY,IAH,PZ1
2026-12-10,2 days ago,UA6245,Embraer E175,MTY,IAH,PZ2
2026-07-09,10 hours ago,UA4731,Bombardier CRJ550,DEN,SAF,PZ1
2026-12-10,2 days ago,UA6144,Embraer E175,MTY,IAH,PZ2
2026-12-10,2 days ago,UA6327,Embraer E175,MTY,IAH,PZ2
2026-08-17,2 days ago,UA5243,Embraer E175,MTY,IAH,PZ5
2026-08-30,10 hours ago,UA4684,Bombardier CRJ550,DEN,SAF,PZ1
2026-12-04,2 days ago,UA5243,Embraer E175,MTY,IAH,PZ1
2026-12-22,2 days ago,UA1853,Boeing 737-700,MTY,IAH,PZ2
2026-12-22,2 days ago,UA6245,Embraer E175,MTY,IAH,PZ2
2026-12-22,2 days ago,UA5243,Embraer E175,MTY,IAH,PZ2
2026-08-25,2 days ago,UA6245,Embraer E175,MTY,IAH,PZ5
2026-08-25,2 days ago,UA6144,Embraer E175,MTY,IAH,PZ2
2026-08-25,2 days ago,UA5243,Embraer E175,MTY,IAH,PZ4
2026-10-27,2 days ago,UA1853,Boeing 737-700,MTY,IAH,PZ2
2026-10-27,2 days ago,UA6144,Embraer E175,MTY,IAH,PZ1
2026-10-27,2 days ago,UA5243,Embraer E175,MTY,IAH,PZ2
2026-12-21,2 days ago,UA6245,Embraer E175,MTY,IAH,PZ2
2026-07-21,4 days ago,UA1815,Boeing 737 MAX 9,SFO,BNA,PZ2
2026-12-21,2 days ago,UA5243,Embraer E175,MTY,IAH,PZ2
2026-12-06,2 days ago,UA5243,Embraer E175,MTY,IAH,PZ2
2026-06-18,1 day ago,UA3458,Embraer E175,CMH,EWR,PZ1
2026-09-14,2 days ago,UA6245,Embraer E175,MTY,IAH,PZ2
2026-09-14,2 days ago,UA5243,Embraer E175,MTY,IAH,PZ5
2027-01-19,2 days ago,UA1853,Boeing 737-700,MTY,IAH,PZ1
2027-01-19,2 days ago,UA6245,Embraer E175,MTY,IAH,PZ1
2026-06-16,1 day ago,UA3467,Embraer E175,CMH,EWR,PZ1
2027-01-19,2 days ago,UA5243,Embraer E175,MTY,IAH,PZ2
2027-01-23,2 days ago,UA6245,Embraer E175,MTY,IAH,PZ2
2027-01-23,2 days ago,UA5243,Embraer E175,MTY,IAH,PZ2
2026-08-29,2 days ago,UA6245,Embraer E175,MTY,IAH,PZ5
2026-12-18,2 days ago,UA6245,Embraer E175,MTY,IAH,PZ2
2026-05-29,2 hours ago,UA4449,Bombardier CRJ550,BHM,ORD,PZ1
2026-10-05,2 days ago,UA5243,Embraer E175,MTY,IAH,PZ2
2026-05-09,2 days ago,UA2229,Boeing 737 MAX 8,SFO,IND,PZ6
2026-08-05,1 day ago,UA5487,Embraer E175,DEN,ABQ,PZ2
2026-05-09,1 day ago,UA2081,Boeing 737-900,IAD,ATL,PZ5
2026-05-17,2 days ago,UA2029,Boeing 737-900,MIA,ORD,PZ4
2026-05-29,6 hours ago,UA941,Boeing 767-300,LHR,EWR,PZ9
2026-06-09,6 hours ago,UA2056,Boeing 737-800,LAX,SFO,PZ6
2026-06-09,6 hours ago,UA2363,Boeing 737 MAX 9,ONT,SFO,PZ8
2026-06-27,1 day ago,UA5371,Embraer E175,LAX,SLC,PZ1
2026-06-09,6 hours ago,UA5624,Embraer E175,ONT,SFO,PZ2
2026-08-25,6 hours ago,UA1569,Boeing 737-800,IAH,BZE,PZ6
2026-05-12,2 days ago,UA2612,Boeing 737 MAX 9,EWR,MIA,PZ1
2026-06-09,3 days ago,UA1610,Airbus A321neo,EWR,ORD,PZ3
2026-06-09,1 day ago,UA1128,Boeing 737-900,EWR,MIA,PZ1
2026-06-03,3 days ago,UA1059,Boeing 737-900,CUN,IAH,PZ4
2026-09-16,4 days ago,UA4572,Bombardier CRJ550,HSV,IAH,PZ2
2026-09-15,1 day ago,UA5487,Embraer E175,DEN,ABQ,PZ1
2026-07-02,3 days ago,UA1059,Boeing 737-900,CUN,IAH,PZ3
2026-05-09,3 days ago,UA32,Boeing 737-800,NRT,CEB,PZ9
2026-08-17,2 days ago,UA1237,Boeing 737-900,MSP,ORD,PZ2
2026-08-17,2 days ago,UA2783,Airbus A319,MSP,ORD,PZ1
2026-08-25,1 day ago,UA5487,Embraer E175,DEN,ABQ,PZ1
2026-05-09,1 day ago,UA567,Boeing 757-200,EWR,ORD,PZ4
2026-09-16,2 days ago,UA2664,Boeing 737-800,BWI,ORD,PZ3
2026-05-14,3 days ago,UA153,Boeing 787-9 Dreamliner,SGN,HKG,PZ9
2026-05-09,2 days ago,UA5328,Embraer E175,RNO,LAX,PZ1
2026-05-08,1 day ago,UA1815,Boeing 737 MAX 8,SFO,BNA,PZ1
2026-06-09,6 hours ago,UA1711,Boeing 737 MAX 9,AUS,EWR,PZ4
2026-06-27,8 hours ago,UA4759,Bombardier CRJ550,DEN,FSD,PZ2
2027-02-17,6 hours ago,UA972,Boeing 787-10 Dreamliner,ORD,BRU,PZ6
2026-07-16,3 days ago,UA3419,Embraer E175,EWR,GRR,PZ1
2026-07-31,4 days ago,UA837,Boeing 737-800,NRT,KHH,PZ2
2026-05-25,6 hours ago,UA2454,Boeing 737-700,EWR,BNA,PZ1
2026-11-25,4 days ago,UA837,Boeing 737 MAX 8,NRT,KHH,PZ1
2026-09-24,4 days ago,UA837,Boeing 737 MAX 8,NRT,KHH,PZ2
2026-07-01,2 days ago,UA837,Boeing 737-800,NRT,KHH,PZ5
2026-11-26,6 hours ago,UA1818,Boeing 737 MAX 9,TPA,LAX,PZ1
2026-11-26,6 hours ago,UA2056,Boeing 737 MAX 9,TPA,LAX,PZ2
2026-08-29,6 hours ago,UA2432,Airbus A319,SBP,SFO,PZ1
2026-05-05,2 days ago,UA5504,Bombardier CRJ550,ORD,GSO,PZ6
2026-05-05,2 days ago,UA3501,Embraer E175,ORD,GSO,PZ1
2026-06-18,2 days ago,UA2053,Airbus A319,ATL,EWR,PZ1
2027-01-11,2 days ago,UA5243,Embraer E175,MTY,IAH,PZ2
2026-09-09,10 hours ago,UA4731,Bombardier CRJ550,DEN,SAF,PZ2
2026-11-20,2 days ago,UA6245,Embraer E175,MTY,IAH,PZ2
2026-11-20,2 days ago,UA6144,Embraer E175,MTY,IAH,PZ2
2026-07-28,2 days ago,UA1853,Boeing 737-700,MTY,IAH,PZ4
2026-06-05,8 hours ago,UA5975,Embraer E175,DEN,FSD,PZ1
2026-06-05,8 hours ago,UA4759,Embraer E175,DEN,FSD,PZ1
2026-05-20,2 hours ago,UA1707,Boeing 737-800,SMF,LAX,PZ9
2026-12-20,2 days ago,UA5243,Embraer E175,MTY,IAH,PZ2
2026-08-31,10 hours ago,UA4731,Bombardier CRJ550,DEN,SAF,PZ1
2026-08-16,10 hours ago,UA4731,Bombardier CRJ550,DEN,SAF,PZ1
2026-05-18,2 days ago,UA6,Boeing 737 MAX 8,UBN,NRT,PZ3
2026-10-14,2 days ago,UA5243,Embraer E175,MTY,IAH,PZ2
2027-02-10,2 days ago,UA6245,Embraer E175,MTY,IAH,PZ2
2027-02-10,2 days ago,UA6144,Embraer E175,MTY,IAH,PZ1
2027-02-10,2 days ago,UA5243,Embraer E175,MTY,IAH,PZ2
2027-01-24,2 days ago,UA5243,Embraer E175,MTY,IAH,PZ2
2026-08-22,10 hours ago,UA4731,Bombardier CRJ550,DEN,SAF,PZ2
2026-10-24,2 days ago,UA1853,Boeing 737-700,MTY,IAH,PZ2
2026-10-24,2 days ago,UA6245,Embraer E175,MTY,IAH,PZ2
2026-10-24,2 days ago,UA6144,Embraer E175,MTY,IAH,PZ1
2026-11-28,8 hours ago,UA4701,Embraer E175,LAX,SAN,PZ2
2026-09-23,2 days ago,UA6245,Embraer E175,MTY,IAH,PZ5
2026-07-20,10 hours ago,UA4731,Bombardier CRJ550,DEN,SAF,PZ1
2026-09-23,2 days ago,UA5243,Embraer E175,MTY,IAH,PZ4
2026-10-17,2 days ago,UA6245,Embraer E175,MTY,IAH,PZ1
2026-10-17,2 days ago,UA6144,Embraer E175,MTY,IAH,PZ2
2026-07-11,2 days ago,UA2037,Boeing 737-700,MTY,IAH,PZ4
2026-07-11,2 days ago,UA5243,Embraer E175,MTY,IAH,PZ5
2027-03-04,2 days ago,UA6245,Embraer E175,MTY,IAH,PZ1
2027-03-04,2 days ago,UA6327,Embraer E175,MTY,IAH,PZ1
2026-07-10,4 days ago,UA2291,Boeing 737-900,EWR,SAV,PZ2
2026-08-25,2 days ago,UA301,Boeing 737 MAX 8,SFO,DEN,PZ1
2026-12-05,2 days ago,UA1853,Boeing 737-700,MTY,IAH,PZ2
2026-12-05,2 days ago,UA6245,Embraer E175,MTY,IAH,PZ1
2027-01-30,2 days ago,UA1853,Boeing 737-700,MTY,IAH,PZ2
2027-01-30,2 days ago,UA6245,Embraer E175,MTY,IAH,PZ1
2027-01-30,2 days ago,UA5243,Embraer E175,MTY,IAH,PZ2
2027-03-16,2 days ago,UA1853,Boeing 737-700,MTY,IAH,PZ1
2027-03-16,2 days ago,UA6245,Embraer E175,MTY,IAH,PZ1
2027-03-16,2 days ago,UA5243,Embraer E175,MTY,IAH,PZ1
2026-10-07,2 days ago,UA6245,Embraer E175,MTY,IAH,PZ2
2026-10-07,2 days ago,UA5243,Embraer E175,MTY,IAH,PZ1
2026-06-27,9 hours ago,UA2834,Airbus A321neo,LGA,DEN,PZ1
2026-12-19,2 days ago,UA6245,Embraer E175,MTY,IAH,PZ2
2026-12-19,2 days ago,UA5243,Embraer E175,MTY,IAH,PZ2
2026-08-24,2 days ago,UA5243,Embraer E175,MTY,IAH,PZ5
2026-08-23,10 hours ago,UA4731,Bombardier CRJ550,DEN,SAF,PZ1
2026-08-20,2 days ago,UA5243,Embraer E175,MTY,IAH,PZ2
2026-06-03,6 hours ago,UA1864,Boeing 737-900,MIA,EWR,PZ3
2026-10-15,2 days ago,UA1853,Boeing 737-700,MTY,IAH,PZ1
2026-08-13,2 days ago,UA1853,Boeing 737-700,MTY,IAH,PZ2
2026-08-13,2 days ago,UA5243,Embraer E175,MTY,IAH,PZ3
2026-07-04,3 days ago,UA289,Boeing 757-200,SNN,ORD,PZ9
2026-06-02,6 hours ago,UA3600,Embraer E175,ORD,RDU,PZ2
2026-12-08,2 days ago,UA6144,Embraer E175,MTY,IAH,PZ1
2026-12-08,2 days ago,UA6327,Embraer E175,MTY,IAH,PZ1
2026-12-08,2 days ago,UA5243,Embraer E175,MTY,IAH,PZ2
2026-08-12,10 hours ago,UA4731,Bombardier CRJ550,DEN,SAF,PZ2
2026-05-13,2 days ago,UA2022,Boeing 737 MAX 9,SJU,IAD,PZ1
2027-03-24,2 days ago,UA6245,Embraer E175,MTY,IAH,PZ1
2026-12-23,2 days ago,UA6245,Embraer E175,MTY,IAH,PZ2
2026-12-23,2 days ago,UA5243,Embraer E175,MTY,IAH,PZ2
2026-06-02,4 days ago,UA3638,Embraer E175,EWR,CMH,PZ1
2026-12-01,2 days ago,UA6144,Embraer E175,MTY,IAH,PZ1
2026-12-01,2 days ago,UA5243,Embraer E175,MTY,IAH,PZ2
2027-03-15,2 days ago,UA6245,Embraer E175,MTY,IAH,PZ1
2026-08-29,6 hours ago,UA3656,Embraer E175,LGA,IAD,PZ1
2027-03-15,2 days ago,UA5243,Embraer E175,MTY,IAH,PZ1
2026-05-20,21 hours ago,UA1815,Boeing 737 MAX 9,SFO,BNA,PZ1
2026-12-09,2 days ago,UA5243,Embraer E175,MTY,IAH,PZ2
2026-08-05,6 hours ago,UA3656,Embraer E175,LGA,IAD,PZ1
2027-01-21,2 days ago,UA6327,Embraer E175,MTY,IAH,PZ2
2027-01-21,2 days ago,UA5243,Embraer E175,MTY,IAH,PZ1
2027-02-09,2 days ago,UA1853,Boeing 737-700,MTY,IAH,PZ1
2027-02-09,2 days ago,UA6245,Embraer E175,MTY,IAH,PZ2
2027-02-09,2 days ago,UA5243,Embraer E175,MTY,IAH,PZ2
2026-08-26,2 days ago,UA5243,Embraer E175,MTY,IAH,PZ3
2026-07-04,2 days ago,UA6245,Embraer E175,MTY,IAH,PZ5
2026-07-04,2 days ago,UA1853,Boeing 737-700,MTY,IAH,PZ3
2026-07-04,2 days ago,UA5243,Embraer E175,MTY,IAH,PZ5
2026-08-15,2 days ago,UA6245,Embraer E175,MTY,IAH,PZ5
2026-06-25,1 day ago,UA3412,Embraer E175,EWR,DTW,PZ1
2027-02-13,2 days ago,UA1853,Boeing 737-700,MTY,IAH,PZ2
2027-02-13,2 days ago,UA6245,Embraer E175,MTY,IAH,PZ1
2027-02-13,2 days ago,UA5243,Embraer E175,MTY,IAH,PZ2
2026-12-11,2 days ago,UA5243,Embraer E175,MTY,IAH,PZ1
2026-06-10,1 day ago,UA3412,Embraer E175,EWR,DTW,PZ2
2026-10-26,2 days ago,UA5243,Embraer E175,MTY,IAH,PZ2
2026-09-04,2 days ago,UA5243,Embraer E175,MTY,IAH,PZ4
2026-11-05,4 days ago,UA837,Boeing 737 MAX 8,NRT,KHH,PZ1
2026-06-16,8 hours ago,UA5975,Bombardier CRJ550,DEN,FSD,PZ2
2027-01-28,4 days ago,UA5292,Embraer E175,ORD,MTY,PZ2
2026-06-16,8 hours ago,UA4759,Embraer E175,DEN,FSD,PZ1
2027-02-17,2 days ago,UA941,Boeing 767-300,LHR,EWR,PZ1
2026-07-18,2 days ago,UA5305,Embraer E175,ACV,SFO,PZ2
2026-09-10,4 days ago,UA837,Boeing 737 MAX 8,NRT,KHH,PZ3
2026-05-07,3 days ago,UA1123,Boeing 737 MAX 9,CUN,IAH,PZ9
2026-08-12,2 days ago,UA5243,Embraer E175,MTY,IAH,PZ4
2026-08-11,2 days ago,UA2026,Boeing 737-700,MTY,IAH,PZ1
2026-08-11,2 days ago,UA1853,Boeing 737-700,MTY,IAH,PZ5
2026-08-11,2 days ago,UA5243,Embraer E175,MTY,IAH,PZ5
2026-10-10,2 days ago,UA6245,Embraer E175,MTY,IAH,PZ2
2027-02-01,2 days ago,UA1853,Boeing 737-700,MTY,IAH,PZ1
2027-02-01,2 days ago,UA6327,Embraer E175,MTY,IAH,PZ2
2027-02-01,2 days ago,UA5243,Embraer E175,MTY,IAH,PZ2
2026-08-28,2 days ago,UA5243,Embraer E175,MTY,IAH,PZ4
2026-09-30,2 days ago,UA6245,Embraer E175,MTY,IAH,PZ2
2026-09-30,2 days ago,UA6144,Embraer E175,MTY,IAH,PZ1
2026-09-30,2 days ago,UA5243,Embraer E175,MTY,IAH,PZ1
2026-08-22,2 days ago,UA1853,Boeing 737-700,MTY,IAH,PZ5
2026-08-22,2 days ago,UA6245,Embraer E175,MTY,IAH,PZ5
2026-06-28,8 hours ago,UA5700,Embraer E175,DEN,FSD,PZ1
2027-01-13,2 days ago,UA6245,Embraer E175,MTY,IAH,PZ1
2026-05-05,1 day ago,UA5970,Embraer E175,SLC,SFO,PZ3
2027-01-13,2 days ago,UA5243,Embraer E175,MTY,IAH,PZ2
2026-06-25,3 days ago,UA4731,Bombardier CRJ550,DEN,SAF,PZ1
2026-07-03,6 hours ago,UA5591,Embraer E175,ORD,YYZ,PZ9
2026-11-16,2 days ago,UA5243,Embraer E175,MTY,IAH,PZ2
2026-10-28,2 days ago,UA5243,Embraer E175,MTY,IAH,PZ2
2026-08-31,2 days ago,UA5243,Embraer E175,MTY,IAH,PZ2
2026-05-19,2 days ago,UA1966,Boeing 737 MAX 8,IAH,MIA,PZ4
2026-05-19,2 days ago,UA1829,Boeing 737-800,IAH,MIA,PZ1
2026-05-18,2 days ago,UA2863,Boeing 737-900,IAH,MIA,PZ1
2026-05-10,2 days ago,UA1966,Boeing 737-900,IAH,MIA,PZ3
2026-12-31,1 day ago,UA4642,Embraer E175,LAX,SAN,PZ1
2026-05-09,2 days ago,UA1829,Boeing 737-800,IAH,MIA,PZ3
2026-05-12,2 days ago,UA1966,Boeing 737 MAX 8,IAH,MIA,PZ2
2026-05-12,2 days ago,UA1829,Boeing 737-800,IAH,MIA,PZ3
2026-11-25,2 days ago,UA6245,Embraer E175,MTY,IAH,PZ1
2026-06-21,2 days ago,UA2053,Airbus A319,ATL,EWR,PZ1
2026-11-25,2 days ago,UA5243,Embraer E175,MTY,IAH,PZ2
2027-01-31,2 days ago,UA2026,Airbus A319,MTY,IAH,PZ1
2027-01-31,2 days ago,UA5243,Embraer E175,MTY,IAH,PZ2
2026-07-14,4 days ago,UA2828,Boeing 737-900,SAV,EWR,PZ4
2027-01-20,2 days ago,UA6245,Embraer E175,MTY,IAH,PZ2
2027-01-20,2 days ago,UA5243,Embraer E175,MTY,IAH,PZ2
2026-11-26,2 days ago,UA5243,Embraer E175,MTY,IAH,PZ1
2027-02-27,2 days ago,UA1853,Boeing 737-700,MTY,IAH,PZ1
2027-03-05,6 hours ago,UA152,Boeing 787-9 Dreamliner,HKG,SGN,PZ9
2027-02-27,2 days ago,UA5243,Embraer E175,MTY,IAH,PZ1
2026-07-11,10 hours ago,UA4731,Bombardier CRJ550,DEN,SAF,PZ2
2027-03-04,6 hours ago,UA152,Boeing 787-9 Dreamliner,HKG,SGN,PZ9
2026-09-15,2 days ago,UA1853,Boeing 737-700,MTY,IAH,PZ4
2026-05-12,1 day ago,UA3512,Embraer E175,ORD,YUL,PZ2
2026-09-15,2 days ago,UA6245,Embraer E175,MTY,IAH,PZ4
2026-05-25,1 day ago,UA2247,Boeing 737-900,ORD,YYZ,PZ9
2026-09-15,2 days ago,UA5243,Embraer E175,MTY,IAH,PZ5
2027-03-30,2 days ago,UA6245,Embraer E175,MTY,IAH,PZ1
2026-06-26,7 hours ago,UA539,Boeing 737-800,ORD,DFW,PZ2
2026-10-31,2 days ago,UA1853,Boeing 737-700,MTY,IAH,PZ2
2026-10-31,2 days ago,UA6245,Embraer E175,MTY,IAH,PZ2
2026-10-31,2 days ago,UA6144,Embraer E175,MTY,IAH,PZ1
2026-10-31,2 days ago,UA6327,Embraer E175,MTY,IAH,PZ2
2026-10-31,2 days ago,UA5243,Embraer E175,MTY,IAH,PZ2
2027-02-17,8 hours ago,UA989,Boeing 777-300ER,IAD,FRA,PZ1
2026-05-25,3 days ago,UA1007,Boeing 737-800,SFO,SEA,PZ2
2026-06-20,2 hours ago,UA4449,Bombardier CRJ550,BHM,ORD,PZ1
2027-01-16,2 days ago,UA1853,Boeing 737-700,MTY,IAH,PZ2
2027-01-16,2 days ago,UA6245,Embraer E175,MTY,IAH,PZ2
2027-01-16,2 days ago,UA5243,Embraer E175,MTY,IAH,PZ2
2027-02-16,2 days ago,UA6245,Embraer E175,MTY,IAH,PZ1
2027-02-16,2 days ago,UA5243,Embraer E175,MTY,IAH,PZ1
2026-12-02,2 days ago,UA6245,Embraer E175,MTY,IAH,PZ2
2026-12-02,2 days ago,UA6144,Embraer E175,MTY,IAH,PZ1
2026-12-02,2 days ago,UA5243,Embraer E175,MTY,IAH,PZ2
2026-05-07,1 day ago,UA763,Boeing 737 MAX 8,YYZ,ORD,PZ4
2026-10-22,2 days ago,UA5243,Embraer E175,MTY,IAH,PZ2
2027-03-06,2 days ago,UA1853,Boeing 737-700,MTY,IAH,PZ1
2027-03-06,2 days ago,UA6245,Embraer E175,MTY,IAH,PZ1
2027-03-06,2 days ago,UA5243,Embraer E175,MTY,IAH,PZ1
2026-09-08,2 days ago,UA1853,Boeing 737-700,MTY,IAH,PZ3
2026-11-10,2 days ago,UA6245,Embraer E175,MTY,IAH,PZ1
2026-11-10,2 days ago,UA5243,Embraer E175,MTY,IAH,PZ2
2027-02-08,2 days ago,UA1853,Boeing 737-700,MTY,IAH,PZ2
2027-02-08,2 days ago,UA6327,Embraer E175,MTY,IAH,PZ1
2027-02-08,2 days ago,UA5243,Embraer E175,MTY,IAH,PZ2
2026-05-19,3 days ago,UA5594,Embraer E175,YYZ,ORD,PZ9
2026-08-22,6 hours ago,UA3656,Embraer E175,LGA,IAD,PZ1
2026-07-08,2 days ago,UA5243,Embraer E175,MTY,IAH,PZ3
2026-05-19,3 hours ago,UA3509,Embraer E175,CLT,ORD,PZ1
2026-10-21,1 day ago,UA6279,Embraer E175,CLT,IAD,PZ2
2026-09-02,2 days ago,UA5243,Embraer E175,MTY,IAH,PZ3
2027-02-12,2 days ago,UA6245,Embraer E175,MTY,IAH,PZ2
2027-02-12,2 days ago,UA5243,Embraer E175,MTY,IAH,PZ1
2026-07-11,4 days ago,UA152,Boeing 787-9 Dreamliner,HKG,SGN,PZ9
2026-09-18,2 days ago,UA5243,Embraer E175,MTY,IAH,PZ2
2026-09-21,2 days ago,UA2026,Boeing 737-700,MTY,IAH,PZ2
2026-12-09,2 days ago,UA6245,Embraer E175,MTY,IAH,PZ2
2026-12-09,2 days ago,UA6144,Embraer E175,MTY,IAH,PZ1
2026-07-22,2 days ago,UA1853,Boeing 737-700,MTY,IAH,PZ1
2026-07-22,2 days ago,UA5243,Embraer E175,MTY,IAH,PZ3
2026-10-06,2 days ago,UA1853,Boeing 737-700,MTY,IAH,PZ2
2026-10-06,2 days ago,UA5243,Embraer E175,MTY,IAH,PZ2
2026-10-20,2 days ago,UA1853,Boeing 737-700,MTY,IAH,PZ2
2026-10-20,2 days ago,UA5243,Embraer E175,MTY,IAH,PZ2
2026-05-11,6 hours ago,UA341,Airbus A320,LAX,AUS,PZ5
2026-12-12,2 days ago,UA1853,Boeing 737-700,MTY,IAH,PZ2
2026-12-12,2 days ago,UA6245,Embraer E175,MTY,IAH,PZ1
2026-12-12,2 days ago,UA5243,Embraer E175,MTY,IAH,PZ2
2026-10-09,2 days ago,UA5243,Embraer E175,MTY,IAH,PZ1
2026-06-20,1 day ago,UA2239,Boeing 737-900,DEN,DFW,PZ2
2026-10-08,2 days ago,UA5243,Embraer E175,MTY,IAH,PZ1
2026-05-17,3 days ago,UA4747,Embraer E175,DEN,PSP,PZ1
2026-09-05,1 day ago,UA4387,Bombardier CRJ550,ORD,CID,PZ1
2027-02-01,6 hours ago,UA925,Boeing 767-400ER,LHR,IAD,PZ1
2026-09-16,2 days ago,UA5243,Embraer E175,MTY,IAH,PZ3
2026-12-15,2 days ago,UA6245,Embraer E175,MTY,IAH,PZ2
2026-12-15,2 days ago,UA6327,Embraer E175,MTY,IAH,PZ1
2026-12-15,2 days ago,UA5243,Embraer E175,MTY,IAH,PZ2
2027-02-24,2 days ago,UA6245,Embraer E175,MTY,IAH,PZ2
2027-01-27,2 days ago,UA6245,Embraer E175,MTY,IAH,PZ2
2027-01-27,2 days ago,UA6144,Embraer E175,MTY,IAH,PZ1
2026-05-25,6 hours ago,UA938,Boeing 767-300,ORD,LHR,PZ3
2026-07-07,6 hours ago,UA1754,Boeing 737-900,LAX,ORD,PZ2
2026-05-18,3 days ago,UA4385,Bombardier CRJ550,HSV,ORD,PZ4
2026-05-30,1 day ago,UA3412,Embraer E175,EWR,DTW,PZ2
2026-07-14,2 days ago,UA5243,Embraer E175,MTY,IAH,PZ4
2026-11-23,2 days ago,UA5243,Embraer E175,MTY,IAH,PZ2
2026-12-16,2 days ago,UA6144,Embraer E175,MTY,IAH,PZ1
2026-12-16,2 days ago,UA5243,Embraer E175,MTY,IAH,PZ2
2027-02-06,2 days ago,UA1853,Boeing 737-700,MTY,IAH,PZ2
2027-02-06,2 days ago,UA6245,Embraer E175,MTY,IAH,PZ2
2027-02-06,2 days ago,UA5243,Embraer E175,MTY,IAH,PZ2
2026-09-01,2 days ago,UA1853,Boeing 737-700,MTY,IAH,PZ1
2026-09-01,2 days ago,UA6245,Embraer E175,MTY,IAH,PZ5
2026-09-01,2 days ago,UA5243,Embraer E175,MTY,IAH,PZ4
2026-05-19,2 days ago,UA7,Boeing 737 MAX 8,NRT,UBN,PZ5
2026-05-28,1 day ago,UA6238,Embraer E175,AGU,IAH,PZ9
2026-07-19,3 days ago,UA1020,Boeing 737 MAX 9,IAH,CUN,PZ9
2026-07-19,3 days ago,UA1016,Boeing 737 MAX 9,IAH,CUN,PZ7
2026-08-10,1 day ago,UA3718,Embraer E175,GRR,EWR,PZ1
2026-08-04,1 day ago,UA3718,Embraer E175,GRR,EWR,PZ2
2026-10-17,3 days ago,UA1663,Boeing 737 MAX 9,IAH,PHL,PZ1
2026-05-20,2 days ago,UA1567,Boeing 737 MAX 8,MEX,IAD,PZ7
2026-05-10,1 day ago,UA1366,Boeing 737 MAX 8,IAD,BNA,PZ1
2026-05-16,6 hours ago,UA643,Boeing 737-800,LAS,SFO,PZ3
2026-06-15,3 days ago,UA473,Boeing 737-800,IAH,SJD,PZ4
2026-07-06,3 days ago,UA1020,Boeing 737 MAX 9,IAH,CUN,PZ7
2026-07-07,1 day ago,UA3557,Embraer E175,GRR,EWR,PZ2
2026-05-13,6 hours ago,UA2356,Boeing 737 MAX 9,LAS,SFO,PZ2
2026-05-20,1 day ago,UA1959,Boeing 737-900,IAD,ORD,PZ8
2026-06-27,4 days ago,UA1205,Boeing 737-900,RDU,EWR,PZ3
2026-09-01,1 day ago,UA3625,Embraer E175,GRR,EWR,PZ2
2026-10-15,6 hours ago,UA5916,Embraer E175,SLC,LAX,PZ1
2026-05-06,2 days ago,UA4607,Bombardier CRJ550,XNA,ORD,PZ2
2026-05-11,8 hours ago,UA4467,Bombardier CRJ550,FSD,ORD,PZ2
2026-05-27,1 day ago,UA5744,Embraer E175,LAX,SLC,PZ4
2026-12-23,4 days ago,UA837,Boeing 737 MAX 8,NRT,KHH,PZ1
2026-08-29,1 day ago,UA3718,Embraer E175,GRR,EWR,PZ1
2026-06-02,1 day ago,UA5526,Embraer E175,LAX,SLC,PZ2
2026-06-04,1 day ago,UA5744,Embraer E175,LAX,SLC,PZ1
2026-05-26,1 day ago,UA5744,Embraer E175,LAX,SLC,PZ5
2026-05-05,3 days ago,UA2649,Boeing 737-800,IAD,ORD,PZ1
2026-05-24,1 day ago,UA5526,Embraer E175,LAX,SLC,PZ2
2026-05-19,2 days ago,UA5879,Embraer E175,DEN,SHV,PZ2
2026-05-13,8 hours ago,UA5273,Embraer E175,LAX,SEA,PZ5
2026-06-27,2 days ago,UA5879,Embraer E175,DEN,SHV,PZ2
2026-06-14,6 hours ago,UA1259,Airbus A319,SEA,SFO,PZ2
2026-06-14,6 hours ago,UA2842,Airbus A319,SEA,SFO,PZ1
2026-07-25,1 day ago,UA3501,Embraer E175,GRR,EWR,PZ2
2026-06-23,8 hours ago,UA4467,Bombardier CRJ550,FSD,ORD,PZ2
2027-01-26,3 days ago,UA185,Boeing 737 MAX 8,GUM,YAP,PZ1
2026-05-13,6 hours ago,UA6148,Embraer E175,IAH,RDU,PZ4
2026-09-08,2 days ago,UA204,Airbus A319,IAD,CMH,PZ1
2026-05-18,6 hours ago,UA1787,Boeing 737-800,DEN,OMA,PZ2
2026-08-19,11 hours ago,UA189,Boeing 777-300ER,SFO,MNL,PZ4
2026-07-22,2 days ago,UA2175,Boeing 737-800,ORD,BNA,PZ3
2026-05-07,1 day ago,UA1846,Boeing 737-800,LAX,SLC,PZ2
2026-08-04,3 hours ago,UA424,Boeing 737-900,EWR,DFW,PZ2
2026-05-10,22 hours ago,UA5467,Embraer E175,SEA,LAX,PZ2
2026-05-30,8 hours ago,UA4467,Bombardier CRJ550,FSD,ORD,PZ1
2026-08-11,2 days ago,UA940,Boeing 767-300,EWR,LHR,PZ9
2026-06-19,5 hours ago,UA1183,Boeing 737-900,IAH,DFW,PZ2
2026-08-01,4 days ago,UA1730,Boeing 737 MAX 9,SEA,LAX,PZ1
2026-08-03,1 day ago,UA532,Boeing 737-800,ATL,IAH,PZ1
2026-07-23,20 hours ago,UA151,Boeing 737-800,GUM,KIX,PZ3
2026-09-09,3 days ago,UA22,Boeing 777-200,DUB,EWR,PZ9
2026-05-23,3 hours ago,UA798,Boeing 737 MAX 8,CLT,EWR,PZ2
2027-02-23,4 days ago,UA905,Boeing 767-300,LHR,EWR,PZ1
2027-02-23,4 days ago,UA941,Boeing 767-300,LHR,EWR,PZ4
2026-05-10,11 hours ago,UA2179,Airbus A320,SFO,LAX,PZ1
2026-12-14,2 days ago,UA941,Boeing 767-300,LHR,EWR,PZ1
2026-06-13,2 days ago,UA1887,Boeing 737-800,LGA,ORD,PZ1
2026-05-19,4 days ago,UA2491,Boeing 737 MAX 8,TPA,IAH,PZ5
2026-08-02,1 day ago,UA958,Boeing 767-300,LHR,ORD,PZ9
2026-06-20,8 hours ago,UA4467,Bombardier CRJ550,FSD,ORD,PZ2
2026-06-21,8 hours ago,UA4467,Bombardier CRJ550,FSD,ORD,PZ1
2027-01-19,2 days ago,UA921,Boeing 767-300,LHR,EWR,PZ2
2026-11-26,5 hours ago,UA392,Boeing 737 MAX 9,LAX,TPA,PZ2
2026-05-06,11 hours ago,UA624,Boeing 737-800W,LAS,ORD,PZ7
2026-05-27,1 day ago,UA780,Boeing 737-800,PDX,IAH,PZ1
2026-07-04,16 hours ago,UA849,Boeing 737-800,GUM,HND,PZ1
2026-10-31,5 hours ago,UA2372,Boeing 737 MAX 9,LAX,TPA,PZ4
2026-10-16,2 days ago,UA5243,Embraer E175,MTY,IAH,PZ2
2026-06-09,1 day ago,UA3412,Embraer E175,EWR,DTW,PZ2
2027-02-14,2 days ago,UA5243,Embraer E175,MTY,IAH,PZ2
2026-08-19,2 days ago,UA5243,Embraer E175,MTY,IAH,PZ4
2027-02-28,2 days ago,UA6245,Embraer E175,MTY,IAH,PZ1
2027-02-28,2 days ago,UA5243,Embraer E175,MTY,IAH,PZ1
2026-10-03,2 days ago,UA6144,Embraer E175,MTY,IAH,PZ1
2026-05-31,1 day ago,UA4430,Bombardier CRJ550,DCA,EWR,PZ3
2026-06-26,11 hours ago,UA4492,Bombardier CRJ550,SGF,ORD,PZ1
2026-11-24,2 days ago,UA1853,Boeing 737-700,MTY,IAH,PZ2
2026-11-24,2 days ago,UA5243,Embraer E175,MTY,IAH,PZ2
2026-06-06,1 day ago,UA2239,Boeing 737-900,DEN,DFW,PZ3
2026-06-04,1 day ago,UA2239,Boeing 737-900,DEN,DFW,PZ1
2027-03-09,2 days ago,UA1853,Boeing 737-700,MTY,IAH,PZ1
2027-03-09,2 days ago,UA6245,Embraer E175,MTY,IAH,PZ1
2027-03-09,2 days ago,UA5243,Embraer E175,MTY,IAH,PZ1
2027-02-23,2 days ago,UA1853,Boeing 737-700,MTY,IAH,PZ1
2027-02-23,2 days ago,UA5243,Embraer E175,MTY,IAH,PZ2
2026-11-21,2 days ago,UA5243,Embraer E175,MTY,IAH,PZ2
2026-12-11,2 days ago,UA6245,Embraer E175,MTY,IAH,PZ2
2026-10-19,2 days ago,UA5243,Embraer E175,MTY,IAH,PZ2
2026-05-19,17 hours ago,UA837,Boeing 737-800,NRT,KHH,PZ1
2026-05-14,6 hours ago,UA1508,Airbus A320,BUR,SFO,PZ4
2026-05-24,2 hours ago,UA4763,Embraer E175,SLC,SFO,PZ2
2026-09-10,2 days ago,UA5243,Embraer E175,MTY,IAH,PZ2
2027-01-09,2 days ago,UA5243,Embraer E175,MTY,IAH,PZ2
2026-11-14,2 days ago,UA6245,Embraer E175,MTY,IAH,PZ2
2026-11-14,2 days ago,UA5243,Embraer E175,MTY,IAH,PZ2
2027-03-31,2 days ago,UA6245,Embraer E175,MTY,IAH,PZ1
2026-05-06,4 days ago,UA3716,Embraer E175,CLE,EWR,PZ1
2026-08-11,6 hours ago,UA3718,Embraer E175,GRR,EWR,PZ2
2026-05-27,3 days ago,UA609,Boeing 737 MAX 9,ORD,MCO,PZ4
2027-02-02,2 days ago,UA2026,Airbus A319,MTY,IAH,PZ2
2027-02-02,2 days ago,UA1853,Boeing 737-700,MTY,IAH,PZ2
2027-02-02,2 days ago,UA6245,Embraer E175,MTY,IAH,PZ2
2027-02-02,2 days ago,UA6144,Embraer E175,MTY,IAH,PZ1
2027-02-02,2 days ago,UA6327,Embraer E175,MTY,IAH,PZ2
2026-05-11,6 hours ago,UA1586,Boeing 737 MAX 8,DFW,IAH,PZ4
2027-02-02,2 days ago,UA5243,Embraer E175,MTY,IAH,PZ2
2026-05-26,1 day ago,UA6238,Embraer E175,AGU,IAH,PZ9
2026-07-21,3 days ago,UA5755,Embraer E175,GJT,DEN,PZ2
2026-05-26,6 hours ago,UA2761,Boeing 737-800,LGA,IAH,PZ3
2026-07-23,1 day ago,UA3438,Embraer E175,SDF,IAD,PZ1
2026-07-25,1 day ago,UA3438,Embraer E175,SDF,IAD,PZ2
2026-05-05,3 days ago,UA1020,Boeing 737 MAX 9,IAH,CUN,PZ9
2026-05-10,18 hours ago,UA848,Boeing 737-800,HND,GUM,PZ7
2026-08-05,2 days ago,UA6245,Embraer E175,MTY,IAH,PZ5
2026-08-05,2 days ago,UA5243,Embraer E175,MTY,IAH,PZ4
2026-09-19,1 day ago,UA3625,Embraer E175,GRR,EWR,PZ2
2027-02-03,6 hours ago,UA925,Boeing 767-400ER,LHR,IAD,PZ1
2026-09-30,1 day ago,UA3718,Embraer E175,GRR,EWR,PZ2
2026-06-28,4 days ago,UA4386,Bombardier CRJ550,EWR,RIC,PZ1
2026-05-20,3 days ago,UA2638,Boeing 737 MAX 9,RDU,ORD,PZ9
2026-05-06,2 days ago,UA1081,Airbus A320,BWI,ORD,PZ1
2026-10-31,3 days ago,UA642,Airbus A319,CLT,EWR,PZ2
2026-08-19,1 day ago,UA3652,Embraer E175,DTW,EWR,PZ2
2026-07-07,1 day ago,UA3682,Embraer E175,SDF,EWR,PZ2
2026-06-13,6 hours ago,UA2047,Boeing 737 MAX 8,LAS,SFO,PZ4
2026-06-13,6 hours ago,UA1603,Boeing 737 MAX 9,LAS,SFO,PZ4
2026-05-14,4 days ago,UA2340,Boeing 737-800,SBA,SFO,PZ3
2026-07-01,6 hours ago,UA2615,Boeing 737-800,LAS,SFO,PZ1
2026-05-10,1 day ago,UA1738,Boeing 737-800,IAD,ORD,PZ4
2026-05-21,3 days ago,UA5937,Embraer E175,MTJ,ORD,PZ2
2026-06-30,1 day ago,UA3501,Embraer E175,GRR,EWR,PZ1
2026-06-06,3 days ago,UA5937,Embraer E175,MTJ,ORD,PZ2
2026-06-05,1 day ago,UA5526,Embraer E175,LAX,SLC,PZ2
2026-05-15,7 hours ago,UA5873,Embraer E175,LAX,SEA,PZ4
2026-06-01,1 day ago,UA5744,Embraer E175,LAX,SLC,PZ2
2026-05-30,1 day ago,UA5526,Embraer E175,LAX,SLC,PZ3
2026-05-18,1 day ago,UA1846,Boeing 737-800,LAX,SLC,PZ3
2026-05-22,2 days ago,UA3516,Embraer E175,IAD,BUF,PZ3
2026-06-29,3 days ago,UA684,Boeing 737 MAX 8,LAX,SEA,PZ2
2026-07-05,13 hours ago,UA4062,Embraer E175,IAH,XNA,PZ1
2026-07-19,13 hours ago,UA6308,Embraer E175,IAH,XNA,PZ1
2026-09-12,2 days ago,UA3646,Embraer E175,IAD,CMH,PZ1
2026-05-24,1 day ago,UA1325,Boeing 737-800,DCA,ORD,PZ4
2026-12-31,3 days ago,UA2233,Airbus A319,EWR,CLT,PZ1
2026-08-05,3 days ago,UA1014,Boeing 737-900,IAH,CUN,PZ7
2026-05-25,8 hours ago,UA4467,Bombardier CRJ550,FSD,ORD,PZ2
2027-02-09,2 days ago,UA42,Boeing 777-300ER,EWR,FRA,PZ1
2026-05-08,3 days ago,UA837,Boeing 737-800,NRT,KHH,PZ9
2026-05-19,2 days ago,UA1610,Boeing 737-900,EWR,MIA,PZ3
2026-05-22,2 days ago,UA6,Boeing 737 MAX 8,UBN,NRT,PZ7
2026-05-16,5 hours ago,UA2498,Boeing 737-800,IAH,RDU,PZ3
2026-05-30,1 day ago,UA963,Boeing 767-300,BER,EWR,PZ9
2026-05-15,8 hours ago,UA4467,Bombardier CRJ550,FSD,ORD,PZ5
2027-03-03,8 hours ago,UA2363,Boeing 737 MAX 9,ONT,SFO,PZ3
2027-03-03,8 hours ago,UA1375,Boeing 737 MAX 9,ONT,SFO,PZ4
2026-06-20,5 hours ago,UA1695,Boeing 737-900,DFW,ORD,PZ3
2026-05-17,2 days ago,UA2363,Airbus A320,SFO,BUR,PZ2
2026-05-08,3 days ago,UA32,Boeing 737-800,NRT,CEB,PZ4
2026-05-23,6 hours ago,UA1993,Boeing 737 MAX 8,LIR,LAX,PZ8
2026-05-19,3 hours ago,UA1344,Boeing 737 MAX 9,EWR,CLT,PZ6
2026-05-14,5 hours ago,UA1458,Boeing 737-900,LAX,SMF,PZ2
2027-02-23,4 days ago,UA17,Boeing 777-200,LHR,EWR,PZ5
2026-12-07,5 hours ago,UA2372,Boeing 737 MAX 9,LAX,TPA,PZ1
2026-05-09,8 hours ago,UA1857,Airbus A319,FSD,ORD,PZ5
2026-08-11,4 hours ago,UA228,Boeing 757-200,IAD,DUB,PZ6
2026-07-01,8 hours ago,UA4467,Bombardier CRJ550,FSD,ORD,PZ1
2026-06-12,2 days ago,UA1239,Boeing 737-800,ATL,ORD,PZ3
2026-11-26,5 hours ago,UA2372,Boeing 737 MAX 9,LAX,TPA,PZ2
2026-05-19,5 hours ago,UA1984,Boeing 737 MAX 9,EWR,SDQ,PZ3
2026-05-18,1 day ago,UA873,Boeing 737-800,GUM,NRT,PZ1
2026-05-15,3 days ago,UA4715,Embraer E175,SBA,SFO,PZ1
2026-05-14,6 hours ago,UA4723,Embraer E175,BUR,SFO,PZ2
2026-05-20,3 days ago,UA5594,Embraer E175,YYZ,ORD,PZ1
2026-05-20,3 days ago,UA763,Boeing 737 MAX 8,YYZ,ORD,PZ5
2027-03-14,5 hours ago,UA2372,Boeing 737 MAX 9,LAX,TPA,PZ2
2026-05-12,8 hours ago,UA4467,Bombardier CRJ550,FSD,ORD,PZ3
2026-08-08,5 hours ago,UA123,Boeing 787-9 Dreamliner,LHR,EWR,PZ9
2026-05-12,8 hours ago,UA1857,Boeing 737-800,FSD,ORD,PZ4
2026-05-17,5 hours ago,UA341,Airbus A320,LAX,AUS,PZ2
2026-05-16,8 hours ago,UA1665,Boeing 737-900,ONT,SFO,PZ5
2026-09-29,5 hours ago,UA392,Boeing 737 MAX 9,LAX,TPA,PZ4
2026-11-14,4 days ago,UA4034,Embraer E175,MCI,IAD,PZ1
2026-05-25,4 days ago,UA5519,Embraer E175,CLD,SFO,PZ2
2026-05-10,1 day ago,UA2683,Boeing 737-800,SAN,IAH,PZ2
2026-05-17,2 days ago,UA5629,Bombardier CRJ550,ORD,GRR,PZ1
2026-05-18,1 day ago,UA331,Boeing 767-300,CDG,IAD,PZ9
2026-06-05,1 day ago,UA2097,Airbus A319,SLC,SFO,PZ1
2026-05-31,2 days ago,UA2670,Boeing 737 MAX 9,DFW,IAH,PZ2
2026-07-01,4 days ago,UA2403,Boeing 737-900,LAX,IAH,PZ1
2026-06-30,2 days ago,UA651,Boeing 737 MAX 9,FLL,ORD,PZ2
2026-10-02,4 days ago,UA2496,Boeing 737-800,ORD,YYZ,PZ1
2026-05-06,2 days ago,UA2250,Boeing 737 MAX 8,IAH,SAT,PZ3
2026-08-01,2 days ago,UA1853,Boeing 737-700,MTY,IAH,PZ5
2026-08-01,2 days ago,UA5243,Embraer E175,MTY,IAH,PZ5
2026-07-04,8 hours ago,UA2092,Boeing 737 MAX 8,ORD,LGA,PZ1
2026-10-23,2 days ago,UA5243,Embraer E175,MTY,IAH,PZ2
2026-07-29,2 days ago,UA5243,Embraer E175,MTY,IAH,PZ3
2026-05-29,10 hours ago,UA3412,Embraer E175,EWR,DTW,PZ2
2026-09-28,2 days ago,UA6245,Embraer E175,MTY,IAH,PZ1
2026-09-28,2 days ago,UA5243,Embraer E175,MTY,IAH,PZ5
2026-05-10,6 hours ago,UA5361,Embraer E175,SFO,BUR,PZ6
2027-02-04,2 days ago,UA6245,Embraer E175,MTY,IAH,PZ2
2027-02-04,2 days ago,UA5243,Embraer E175,MTY,IAH,PZ1
2026-09-22,2 days ago,UA1853,Boeing 737-700,MTY,IAH,PZ5
2026-09-22,2 days ago,UA6245,Embraer E175,MTY,IAH,PZ5
2026-09-22,2 days ago,UA6144,Embraer E175,MTY,IAH,PZ4
2026-09-22,2 days ago,UA6327,Embraer E175,MTY,IAH,PZ5
2026-09-22,2 days ago,UA5243,Embraer E175,MTY,IAH,PZ5
2026-07-21,2 days ago,UA1853,Boeing 737-700,MTY,IAH,PZ4
2026-08-14,2 days ago,UA5243,Embraer E175,MTY,IAH,PZ3
2026-11-18,2 days ago,UA1853,Boeing 737-700,MTY,IAH,PZ1
2026-11-18,2 days ago,UA6245,Embraer E175,MTY,IAH,PZ2
2026-11-18,2 days ago,UA5243,Embraer E175,MTY,IAH,PZ1
2026-08-18,2 days ago,UA2026,Boeing 737-700,MTY,IAH,PZ2
2026-07-02,2 days ago,UA6245,Embraer E175,MTY,IAH,PZ5
2026-07-02,2 days ago,UA5243,Embraer E175,MTY,IAH,PZ3
2026-05-09,4 hours ago,UA3510,Embraer E175,MKE,EWR,PZ3
2027-03-17,2 days ago,UA6245,Embraer E175,MTY,IAH,PZ1
2026-06-27,1 day ago,UA6238,Embraer E175,AGU,IAH,PZ5
2026-07-21,1 day ago,UA3438,Embraer E175,SDF,IAD,PZ2
2026-06-27,6 hours ago,UA1476,Airbus A320,OMA,ORD,PZ1
2026-06-27,6 hours ago,UA1933,Boeing 737-900,OMA,ORD,PZ1
2026-06-27,6 hours ago,UA1442,Boeing 737-900,OMA,DEN,PZ2
2026-10-16,2 days ago,UA2053,Boeing 737 MAX 9,ATL,EWR,PZ2
2026-06-17,1 day ago,UA957,Boeing 767-300,GVA,EWR,PZ9
2026-07-16,3 days ago,UA1017,Boeing 737 MAX 9,CUN,IAH,PZ1
2026-07-03,3 days ago,UA6153,Embraer E175,AGU,IAH,PZ5
2026-06-30,1 day ago,UA6238,Embraer E175,AGU,IAH,PZ6
2026-05-17,1 day ago,UA6154,Embraer E175,IAH,AGU,PZ9
2026-05-14,19 hours ago,UA1949,Boeing 737-700,IAH,DFW,PZ4
2026-05-05,1 day ago,UA115,Boeing 787-9,SFO,PPT,PZ9
2026-06-17,1 day ago,UA6238,Embraer E175,AGU,IAH,PZ4
2026-05-18,4 days ago,UA4191,Bombardier CRJ550,EWR,RIC,PZ5
2026-07-04,2 days ago,UA1525,Airbus A319,RDU,EWR,PZ2
2026-07-05,13 hours ago,UA1525,Boeing 737 MAX 9,RDU,EWR,PZ2
2026-05-31,6 hours ago,UA3625,Embraer E175,GRR,EWR,PZ3
2026-08-15,1 day ago,UA3718,Embraer E175,GRR,EWR,PZ1
2026-07-06,2 days ago,UA6279,Embraer E175,CLT,IAD,PZ1
2026-07-06,2 days ago,UA3998,Embraer E175,CLT,IAD,PZ1
2026-07-21,1 day ago,UA3501,Embraer E175,GRR,EWR,PZ2
2026-07-04,2 days ago,UA4389,Bombardier CRJ550,CLT,IAD,PZ2
2026-05-12,2 days ago,UA4060,Embraer E175,IAD,PIT,PZ4
2026-05-06,2 days ago,UA3540,Embraer E175,IAD,PIT,PZ5
2026-05-26,2 days ago,UA818,Boeing 777-200,EZE,IAH,PZ9
2026-06-05,4 days ago,UA4393,Bombardier CRJ550,CMH,ORD,PZ3
2026-06-13,4 days ago,UA357,Airbus A320,BUR,SFO,PZ3
2026-05-08,2 days ago,UA2266,Boeing 737-900,EWR,FLL,PZ1
2026-05-28,2 days ago,UA1566,Boeing 737 MAX 8,IAD,MEX,PZ6
2026-09-22,1 day ago,UA3718,Embraer E175,GRR,EWR,PZ2
2026-05-14,1 day ago,UA6237,Embraer E175,IAH,AGU,PZ9
2026-05-12,4 days ago,UA4176,Bombardier CRJ550,EWR,RIC,PZ4
2026-05-16,8 hours ago,UA4467,Bombardier CRJ550,FSD,ORD,PZ3
2026-05-21,1 day ago,UA1738,Boeing 737 MAX 9,IAD,ORD,PZ2
2026-06-10,4 days ago,UA4386,Bombardier CRJ550,EWR,RIC,PZ2
2026-05-14,4 days ago,UA5256,Embraer E175,SBA,SFO,PZ3
2026-05-29,21 hours ago,UA5613,Embraer E175,SFO,ONT,PZ2
2026-05-11,4 days ago,UA4388,Bombardier CRJ550,ORD,ABE,PZ2
2026-05-08,7 hours ago,UA450,Boeing 737-900,ORD,BWI,PZ8
2026-06-10,6 hours ago,UA147,Boeing 767-300,LHR,EWR,PZ4
2026-06-10,6 hours ago,UA941,Boeing 767-300,LHR,EWR,PZ9
2026-06-13,3 days ago,UA5937,Embraer E175,MTJ,ORD,PZ1
2026-05-09,3 hours ago,UA2608,Boeing 737 MAX 9,EWR,CHS,PZ9
2026-05-22,2 days ago,UA2066,Boeing 737-700,IAD,PIT,PZ3
2026-05-22,2 days ago,UA3995,Embraer E175,IAD,DTW,PZ2
2026-05-22,2 days ago,UA6246,Embraer E175,IAD,DTW,PZ2
2026-06-05,6 hours ago,UA1641,Airbus A319,MCI,ORD,PZ1
2026-06-05,6 hours ago,UA5309,Embraer E175,MCI,ORD,PZ3
2026-05-22,2 days ago,UA3514,Embraer E175,IAD,BUF,PZ3
2026-05-09,6 hours ago,UA2865,Boeing 737-700,ORD,BNA,PZ5
2026-05-10,1 day ago,UA4401,Bombardier CRJ550,DCA,EWR,PZ2
2026-07-09,1 day ago,UA3501,Embraer E175,GRR,EWR,PZ1
2026-06-13,6 hours ago,UA1348,Boeing 737 MAX 9,AUS,SFO,PZ4
2026-05-12,2 days ago,UA7,Boeing 737 MAX 8,NRT,UBN,PZ8
2026-07-01,1 day ago,UA3501,Embraer E175,GRR,EWR,PZ2
2026-05-08,2 days ago,UA1214,Boeing 737-900,IAD,MIA,PZ7
2026-10-04,2 days ago,UA5970,Embraer E175,SLC,SFO,PZ1
2026-08-12,3 days ago,UA1020,Boeing 737 MAX 9,IAH,CUN,PZ2
2026-06-03,5 hours ago,UA1702,Boeing 737 MAX 9,SFO,IAH,PZ3
2026-05-17,5 hours ago,UA606,Boeing 737-800,DEN,FLL,PZ2
2026-07-07,13 hours ago,UA6308,Embraer E175,IAH,XNA,PZ2
2026-07-07,6 hours ago,UA1210,Boeing 737 MAX 9,PHX,ORD,PZ2
2026-05-28,5 hours ago,UA263,Boeing 787-9 Dreamliner,LHR,DEN,PZ9
2026-05-05,1 day ago,UA1908,Boeing 737 Max 8,IAH,STT,PZ3
2026-06-26,1 day ago,UA6289,Embraer E175,MLM,IAH,PZ5
2026-06-10,2 days ago,UA356,Boeing 737 MAX 9,ORD,ATL,PZ3
2026-06-10,2 days ago,UA2747,Airbus A319,ORD,ATL,PZ1
2026-10-11,3 days ago,UA1902,Boeing 737-800,IAH,GUA,PZ2
2026-09-19,2 days ago,UA2665,Boeing 737 MAX 8,PHL,ORD,PZ1
2026-06-20,22 hours ago,UA2386,Boeing 737-800,BUR,SFO,PZ3
2026-05-09,1 day ago,UA1626,Boeing 757-200,EWR,SAN,PZ2
2026-05-19,5 hours ago,UA2413,Boeing 737-800,LAX,AUS,PZ1
2026-10-06,5 hours ago,UA392,Boeing 737 MAX 9,LAX,TPA,PZ3
2026-05-21,5 hours ago,UA1012,Boeing 737 MAX 9,EWR,ATL,PZ8
2026-05-20,11 hours ago,UA2441,Boeing 737 MAX 8,SFO,SNA,PZ1
2026-05-30,3 days ago,UA5599,Embraer E175,CLD,SFO,PZ3
2026-05-16,11 hours ago,UA5937,Embraer E175,SFO,SNA,PZ6
2026-05-12,2 days ago,UA1763,Boeing 737-900,SEA,ORD,PZ2
2026-05-19,3 days ago,UA589,Boeing 737-800,SFO,SNA,PZ1
2026-05-27,5 hours ago,UA5545,Embraer E175,MSN,DEN,PZ2
2026-05-27,5 hours ago,UA5567,Embraer E175,MSN,DEN,PZ1
2026-06-04,1 day ago,UA4798,Embraer E175,ORD,MSP,PZ3
2026-05-16,2 days ago,UA5763,Embraer E175,PDX,SFO,PZ3
2026-05-13,2 days ago,UA2069,Boeing 737-800,IAH,CVG,PZ1
2026-06-05,5 hours ago,UA5545,Embraer E175,MSN,DEN,PZ2
2026-05-14,5 hours ago,UA5631,Embraer E175,PSP,SFO,PZ3
2027-03-29,5 hours ago,UA392,Boeing 737 MAX 9,LAX,TPA,PZ1
2027-03-29,5 hours ago,UA2372,Boeing 737 MAX 9,LAX,TPA,PZ2
2026-06-29,5 hours ago,UA5545,Embraer E175,MSN,DEN,PZ1
2026-05-29,5 hours ago,UA5545,Embraer E175,MSN,DEN,PZ3
2026-05-25,5 hours ago,UA5545,Embraer E175,MSN,DEN,PZ3
2026-06-04,1 day ago,UA6238,Embraer E175,AGU,IAH,PZ5
2026-07-04,3 days ago,UA6153,Embraer E175,AGU,IAH,PZ5
2026-06-24,8 hours ago,UA4467,Bombardier CRJ550,FSD,ORD,PZ1
2026-05-20,5 hours ago,UA5761,Embraer E175,MSN,DEN,PZ2
2026-08-23,2 days ago,UA1185,Boeing 737-800,LAX,SJD,PZ6
2026-06-17,5 hours ago,UA5545,Embraer E175,MSN,DEN,PZ2
2026-06-09,5 hours ago,UA5545,Embraer E175,MSN,DEN,PZ2
2026-05-16,2 days ago,UA4425,Bombardier CRJ550,EWR,DTW,PZ1
2026-05-16,2 days ago,UA3437,Embraer E175,EWR,DTW,PZ1
2026-06-22,1 day ago,UA6267,Embraer E175,IAH,TAM,PZ4
2026-05-19,5 hours ago,UA870,Boeing 787-9 Dreamliner,SYD,SFO,PZ9
2026-05-07,1 day ago,UA4763,Embraer E175,SLC,SFO,PZ5
2026-05-25,3 days ago,UA3625,Embraer E175,GRR,EWR,PZ2
2026-11-13,5 hours ago,UA2372,Boeing 737 MAX 9,LAX,TPA,PZ2
2026-05-21,3 days ago,UA4036,Embraer E175,GRR,IAH,PZ3
2026-05-10,3 days ago,UA152,Boeing 787-9 Dreamliner,HKG,SGN,PZ9
2026-07-04,5 hours ago,UA5228,Embraer E175,ORD,DFW,PZ2
2026-05-24,1 day ago,UA6238,Embraer E175,AGU,IAH,PZ9
2026-05-10,3 days ago,UA1206,Boeing 737-900,EWR,ORD,PZ1
2026-06-14,2 days ago,UA2413,Airbus A319,SFO,PDX,PZ1
2026-05-16,2 days ago,UA4652,Embraer E175,CVG,IAH,PZ1
2026-05-11,21 hours ago,UA5970,Embraer E175,SLC,SFO,PZ1
2026-09-04,5 hours ago,UA1570,Boeing 737-800,BZE,IAH,PZ5
2026-05-15,2 days ago,UA2442,Boeing 737-800,CVG,IAH,PZ3
2026-06-26,1 day ago,UA4174,Bombardier CRJ550,DCA,EWR,PZ1
2026-06-16,2 days ago,UA1360,Airbus A319,CVG,IAH,PZ1
2026-05-23,10 hours ago,UA5464,Embraer E175,SFO,SBA,PZ1
2026-05-30,2 days ago,UA2442,Airbus A319,CVG,IAH,PZ2
2026-10-01,5 hours ago,UA1405,Boeing 737-800,BZE,IAH,PZ5
2026-06-27,2 days ago,UA2072,Boeing 737-700,SLC,ORD,PZ2
2026-07-04,1 day ago,UA5336,Bombardier CRJ550,MEM,ORD,PZ2
2026-05-27,2 days ago,UA2442,Boeing 737-800,CVG,IAH,PZ1
2026-05-06,2 days ago,UA2442,Boeing 737-800,CVG,IAH,PZ4
2026-06-24,1 day ago,UA247,Airbus A319,MEM,ORD,PZ1
2026-07-01,1 day ago,UA247,Airbus A319,MEM,ORD,PZ2
2026-06-22,1 day ago,UA5336,Bombardier CRJ550,MEM,ORD,PZ1
2026-06-21,1 day ago,UA5336,Bombardier CRJ550,MEM,ORD,PZ1
2026-05-28,1 day ago,UA5924,Embraer E175,BOI,DEN,PZ1
2026-06-16,1 day ago,UA5336,Bombardier CRJ550,MEM,ORD,PZ1
2026-08-10,3 days ago,UA641,Boeing 737-700,ATL,IAD,PZ1
2026-06-02,1 day ago,UA2097,Airbus A319,SLC,SFO,PZ5
2026-05-05,2 days ago,UA1863,Boeing 737 Max 8,SFO,SAN,PZ3
2026-06-09,1 day ago,UA5970,Embraer E175,SLC,SFO,PZ3
2026-05-17,8 hours ago,UA4467,Bombardier CRJ550,FSD,ORD,PZ1
2026-07-04,5 hours ago,UA2428,Boeing 737 MAX 9,ORD,SAN,PZ2
2026-07-28,6 hours ago,UA941,Boeing 767-300,LHR,EWR,PZ9
2026-05-25,1 day ago,UA4430,Bombardier CRJ550,DCA,EWR,PZ2
2026-06-20,1 day ago,UA5484,Embraer E175,SLC,LAX,PZ2
2026-06-20,1 day ago,UA5408,Embraer E175,SLC,LAX,PZ2
2026-12-17,5 hours ago,UA1405,Boeing 737 MAX 8,BZE,IAH,PZ2
2026-05-19,8 hours ago,UA1842,Airbus A320,ORD,FSD,PZ5
2026-05-09,1 day ago,UA1712,Boeing 737-800,BOS,ORD,PZ5
2026-10-04,4 days ago,UA5408,Embraer E175,SLC,LAX,PZ1
2026-05-19,8 hours ago,UA4405,Bombardier CRJ550,ORD,FSD,PZ1
2026-05-10,5 hours ago,UA6049,Embraer E175,ORD,DTW,PZ6
2026-07-30,5 hours ago,UA3645,Embraer E175,IND,EWR,PZ1
2026-07-30,5 hours ago,UA3567,Embraer E175,IND,EWR,PZ1
2026-06-05,1 day ago,UA4174,Bombardier CRJ550,DCA,EWR,PZ3
2026-11-17,5 hours ago,UA973,Boeing 787-10 Dreamliner,BRU,ORD,PZ4
2026-05-12,5 hours ago,UA5794,Embraer E175,MAF,DEN,PZ3
2026-08-29,2 days ago,UA3666,Embraer E175,PIT,EWR,PZ1
2026-05-16,11 hours ago,UA552,Boeing 737 MAX 9,SFO,ONT,PZ8
2026-08-27,5 hours ago,UA1405,Boeing 737-800,BZE,IAH,PZ5
2026-07-26,10 hours ago,UA4731,Bombardier CRJ550,DEN,SAF,PZ1
2026-09-30,2 days ago,UA2381,Boeing 737-900,EWR,MCO,PZ2
2026-10-03,2 days ago,UA1190,Boeing 737 MAX 9,EWR,MCO,PZ2
2026-06-18,1 day ago,UA2685,Boeing 737-900,MID,IAH,PZ9
2026-10-01,2 days ago,UA4185,Bombardier CRJ550,BHM,ORD,PZ1
2026-08-19,5 hours ago,UA5858,Embraer E175,LAX,SMF,PZ2
2026-12-25,22 hours ago,UA1007,Boeing 737-800,SFO,SEA,PZ1
2026-05-18,2 days ago,UA4493,Bombardier CRJ550,EWR,CAE,PZ3
2026-06-10,2 days ago,UA2384,Boeing 737 MAX 8,SFO,PDX,PZ3
2026-05-24,5 hours ago,UA3718,Embraer E175,GRR,EWR,PZ5
2026-05-24,5 hours ago,UA3603,Embraer E175,GRR,EWR,PZ6
2026-05-27,2 days ago,UA2384,Boeing 737 MAX 8,SFO,PDX,PZ5
2026-05-27,23 hours ago,UA1386,Boeing 757-200,LAS,EWR,PZ1
2026-08-29,2 days ago,UA2759,Boeing 737-900,ORD,EWR,PZ1
2026-06-30,1 day ago,UA4691,Bombardier CRJ550,CID,ORD,PZ2
2026-08-08,5 hours ago,UA1649,Boeing 737-800,ORD,YYZ,PZ9
2026-06-06,2 days ago,UA649,Airbus A320,BOI,SFO,PZ5
2026-08-07,5 hours ago,UA2247,Boeing 737-900,ORD,YYZ,PZ9
2026-08-08,4 days ago,UA2242,Boeing 737-900,IAH,SLC,PZ3
2027-01-01,2 days ago,UA5753,Embraer E175,SFO,SLC,PZ1
2026-12-31,2 days ago,UA5753,Embraer E175,SFO,SLC,PZ1
2027-01-02,2 days ago,UA5590,Embraer E175,SFO,SLC,PZ2
2026-05-26,2 days ago,UA2295,Boeing 737 MAX 9,EWR,MIA,PZ4
2026-05-20,3 days ago,UA4424,Bombardier CRJ550,IAD,YOW,PZ2
2026-05-23,1 day ago,UA2670,Boeing 737-900,DFW,IAH,PZ2
2026-06-28,19 hours ago,UA838,Boeing 737-800,KHH,NRT,PZ4
2026-05-09,2 hours ago,UA1863,Boeing 737 MAX 9,SFO,SAN,PZ3
2026-07-04,1 day ago,UA1239,Boeing 737-900,ATL,ORD,PZ3
2026-05-22,5 hours ago,UA3693,Embraer E175,PHL,IAD,PZ3
2026-06-27,5 hours ago,UA5545,Embraer E175,MSN,DEN,PZ2
2026-06-27,8 hours ago,UA4467,Bombardier CRJ550,FSD,ORD,PZ1
2026-06-06,5 hours ago,UA5545,Embraer E175,MSN,DEN,PZ1
2026-07-19,1 day ago,UA4409,Bombardier CRJ550,GRB,ORD,PZ1
2026-05-12,5 hours ago,UA1760,Boeing 737 MAX 9,AUS,EWR,PZ2
2026-09-26,5 hours ago,UA1546,Boeing 737 MAX 9,BWI,LAX,PZ2
2026-05-23,5 hours ago,UA5545,Embraer E175,MSN,DEN,PZ1
2026-06-20,5 hours ago,UA5545,Embraer E175,MSN,DEN,PZ1
2027-01-10,5 hours ago,UA2372,Boeing 737 MAX 9,LAX,TPA,PZ2
2026-11-25,5 hours ago,UA392,Boeing 737 MAX 9,LAX,TPA,PZ4
2026-05-05,4 hours ago,UA940,Boeing 767-300,EWR,LHR,PZ4
2026-05-05,1 day ago,UA5464,Embraer E175,SFO,SBA,PZ1
2026-05-06,3 days ago,UA951,Boeing 777-300ER,BRU,IAD,PZ9
2027-03-01,5 hours ago,UA2372,Boeing 737 MAX 9,LAX,TPA,PZ1
2026-05-21,3 days ago,UA3603,Embraer E175,GRR,EWR,PZ4
2026-06-26,1 day ago,UA6238,Embraer E175,AGU,IAH,PZ6
2026-05-06,2 days ago,UA2069,Boeing 737-800,IAH,CVG,PZ6
2026-05-20,2 days ago,UA323,Boeing 737 MAX 9,IAH,CVG,PZ1
2026-06-27,2 days ago,UA6312,Embraer E175,IAH,CVG,PZ2
2026-05-05,2 days ago,UA1578,Boeing 737 Max 8,BNA,SFO,PZ3
2026-06-14,2 days ago,UA2069,Boeing 737-800,IAH,CVG,PZ3
2027-01-07,6 hours ago,UA972,Boeing 787-10 Dreamliner,ORD,BRU,PZ1
2026-07-14,13 hours ago,UA6308,Embraer E175,IAH,XNA,PZ2
2026-05-14,3 hours ago,UA1969,Boeing 737-900,CHS,EWR,PZ1
2026-06-13,5 hours ago,UA2384,Boeing 737-900,DFW,SFO,PZ3
2026-05-26,2 days ago,UA1012,Boeing 737 MAX 9,EWR,ATL,PZ1
2026-06-29,1 day ago,UA5924,Embraer E175,BOI,DEN,PZ1
2026-07-23,13 hours ago,UA4062,Embraer E175,IAH,XNA,PZ1
2026-05-09,2 days ago,UA2069,Boeing 737-800,IAH,CVG,PZ4
2026-05-19,1 day ago,UA5970,Embraer E175,SLC,SFO,PZ1
2026-06-30,1 day ago,UA247,Airbus A319,MEM,ORD,PZ1
2026-08-26,8 hours ago,UA939,Boeing 787-9 Dreamliner,LHR,SFO,PZ9
2026-05-31,1 day ago,UA6237,Embraer E175,IAH,AGU,PZ1
2026-05-19,8 hours ago,UA4467,Bombardier CRJ550,FSD,ORD,PZ5
2026-07-04,5 hours ago,UA1116,Boeing 757-300,ORD,SFO,PZ2
2026-06-13,1 day ago,UA1955,Boeing 737-800,SLC,SFO,PZ6
2026-06-28,1 day ago,UA5672,Embraer E175,MEM,ORD,PZ1
2026-06-27,1 day ago,UA5780,Embraer E175,MEM,ORD,PZ2
2026-05-22,1 day ago,UA1809,Airbus A320,SFO,RDM,PZ1
2026-08-11,22 hours ago,UA2666,Airbus A321neo,ORD,DEN,PZ2
2026-07-01,1 day ago,UA1399,Boeing 737 MAX 8,EWR,MCI,PZ3
2026-05-31,1 day ago,UA2358,Boeing 737 MAX 9,IND,IAH,PZ1
2026-05-08,1 day ago,UA5457,Embraer E175,SLC,SFO,PZ3
2026-05-17,2 days ago,UA2174,Boeing 737-800,SFO,BUR,PZ6
2026-05-16,11 hours ago,UA2115,Boeing 737-800,SFO,BUR,PZ1
2026-05-14,5 hours ago,UA2219,Boeing 737 MAX 9,SJU,EWR,PZ4
2026-08-16,3 days ago,UA6288,Embraer E175,IAH,MLM,PZ5
2026-07-28,3 days ago,UA6288,Embraer E175,IAH,MLM,PZ5
2026-05-23,1 day ago,UA1955,Boeing 737-800,SLC,SFO,PZ1
2026-06-23,5 hours ago,UA3524,Embraer E175,CMH,ORD,PZ2
2026-05-23,3 days ago,UA2611,Boeing 737-800,SFO,BUR,PZ6
2026-05-20,11 hours ago,UA5361,Embraer E175,SFO,BUR,PZ5
2026-05-22,1 day ago,UA1955,Boeing 737 MAX 8,SLC,SFO,PZ4
2026-05-09,5 hours ago,UA5347,Embraer E175,DTW,ORD,PZ4
2026-05-09,5 hours ago,UA4673,Bombardier CRJ550,DTW,ORD,PZ1
2026-06-01,1 day ago,UA5408,Embraer E175,SLC,LAX,PZ1
2026-05-16,4 days ago,UA2340,Boeing 737-800,SBA,SFO,PZ2
2026-05-19,2 days ago,UA5325,Embraer E175,COS,IAH,PZ4
2026-06-06,5 hours ago,UA5822,Embraer E175,MAF,DEN,PZ1
2026-12-17,1 day ago,UA951,Boeing 777-300ER,BRU,IAD,PZ3
2026-06-16,1 day ago,UA5408,Embraer E175,SLC,LAX,PZ4
2026-06-10,5 hours ago,UA5472,Embraer E175,MAF,DEN,PZ1
2026-05-26,5 hours ago,UA6007,Bombardier CRJ550,MAF,DEN,PZ1
2026-06-06,1 day ago,UA2384,Boeing 737 MAX 8,SFO,PDX,PZ3
2026-07-04,5 hours ago,UA2277,Boeing 737 MAX 9,ORD,IAD,PZ1
2026-06-30,1 day ago,UA5456,Embraer E175,SLC,LAX,PZ1
2026-06-30,1 day ago,UA5408,Embraer E175,SLC,LAX,PZ2
2026-08-03,3 days ago,UA6288,Embraer E175,IAH,MLM,PZ5
2026-08-09,3 days ago,UA6288,Embraer E175,IAH,MLM,PZ5
2026-05-21,8 hours ago,UA1842,Airbus A320,ORD,FSD,PZ2
2026-06-23,3 days ago,UA1020,Boeing 737 MAX 9,IAH,CUN,PZ9
2026-06-14,2 days ago,UA2363,Boeing 737 MAX 9,ONT,SFO,PZ4
2026-09-03,3 days ago,UA949,Boeing 787-9 Dreamliner,LHR,SFO,PZ9
2026-08-03,3 days ago,UA380,Boeing 767-300,EWR,BRI,PZ9
2026-12-24,1 day ago,UA958,Boeing 767-300,LHR,ORD,PZ6
2026-05-10,3 hours ago,UA2608,Boeing 737 MAX 9,EWR,CHS,PZ6
2026-05-22,5 hours ago,UA2824,Boeing 737-700,PHL,ORD,PZ6
2026-05-22,5 hours ago,UA1209,Boeing 737-800,PHL,ORD,PZ6
2026-05-29,4 hours ago,UA817,Airbus A320,SFO,MEX,PZ6
2026-09-02,2 days ago,UA4185,Bombardier CRJ550,BHM,ORD,PZ1
2026-09-01,2 days ago,UA4177,Bombardier CRJ550,BHM,ORD,PZ2
2026-09-01,2 days ago,UA4449,Bombardier CRJ550,BHM,ORD,PZ2
2026-07-10,10 hours ago,UA4731,Bombardier CRJ550,DEN,SAF,PZ1
2026-08-29,2 days ago,UA4449,Bombardier CRJ550,BHM,ORD,PZ2
2026-07-01,5 hours ago,UA424,Boeing 737-900,EWR,DFW,PZ2
2026-05-12,1 day ago,UA1354,Boeing 737-900,LAS,IAH,PZ1
2026-05-23,5 hours ago,UA4558,Bombardier CRJ550,RIC,EWR,PZ2
2026-10-03,2 days ago,UA4449,Bombardier CRJ550,BHM,ORD,PZ2
2026-10-03,2 days ago,UA4177,Bombardier CRJ550,BHM,ORD,PZ2
2026-10-03,2 days ago,UA4171,Bombardier CRJ550,BHM,ORD,PZ1
2026-07-23,10 hours ago,UA4731,Bombardier CRJ550,DEN,SAF,PZ1
2026-05-15,5 hours ago,UA4500,Bombardier CRJ550,EWR,DCA,PZ1
2026-05-15,5 hours ago,UA4434,Bombardier CRJ550,EWR,DCA,PZ2
2026-05-25,1 day ago,UA1863,Boeing 737-800,SFO,SAN,PZ1
2026-08-05,4 days ago,UA2070,Boeing 737-900,IAD,ORD,PZ4
2026-06-01,3 days ago,UA5730,Embraer E175,DEN,JAC,PZ2
2026-05-09,5 hours ago,UA2454,Boeing 737-700,EWR,BNA,PZ1
2026-06-06,2 days ago,UA1128,Boeing 737-900,EWR,MIA,PZ2
2026-06-06,2 days ago,UA2295,Boeing 737 MAX 9,EWR,MIA,PZ1
2026-06-13,1 day ago,UA4423,Bombardier CRJ550,STL,ORD,PZ3
2026-08-09,5 hours ago,UA2247,Boeing 737-900,ORD,YYZ,PZ9
2026-07-07,4 days ago,UA5408,Embraer E175,SLC,LAX,PZ2
2027-01-17,1 day ago,UA6047,Embraer E175,LAX,SEA,PZ1
2026-06-15,4 days ago,UA4393,Bombardier CRJ550,CMH,ORD,PZ1
2026-05-23,16 hours ago,UA1168,Boeing 737-900,SFO,DFW,PZ3
2026-05-16,3 hours ago,UA5579,Embraer E175,SFO,SEA,PZ6
2026-06-05,5 hours ago,UA5676,Embraer E175,SEA,SFO,PZ2
2026-05-19,2 days ago,UA3620,Embraer E175,EWR,MSN,PZ3
2026-11-03,1 day ago,UA941,Boeing 767-300,LHR,EWR,PZ2
2026-05-19,4 days ago,UA1909,Boeing 737-800,PHL,ORD,PZ6
2026-05-19,4 days ago,UA2207,Boeing 737-900,PHL,ORD,PZ7
2026-05-16,2 days ago,UA3620,Embraer E175,EWR,MSN,PZ2
2026-05-15,2 days ago,UA4661,Embraer E175,BOI,SFO,PZ1
2026-07-31,1 day ago,UA532,Boeing 737-800,ATL,IAH,PZ1
2026-05-15,1 day ago,UA1020,Boeing 737 MAX 9,IAH,CUN,PZ4
2026-09-06,5 hours ago,UA2407,Boeing 737-900,RDU,IAH,PZ1
2026-05-27,2 days ago,UA2363,Boeing 737 MAX 9,ONT,SFO,PZ6
2026-08-12,3 days ago,UA6267,Embraer E175,IAH,TAM,PZ3
2026-05-18,1 day ago,UA6238,Embraer E175,AGU,IAH,PZ9
2026-05-21,5 hours ago,UA5567,Embraer E175,MSN,DEN,PZ4
2026-08-04,4 days ago,UA688,Airbus A319,MCI,IAD,PZ1
2026-06-06,5 hours ago,UA921,Boeing 767-300,LHR,EWR,PZ9
2026-06-10,1 day ago,UA6238,Embraer E175,AGU,IAH,PZ6
2026-05-05,1 day ago,UA291,Boeing 737-800W,SFO,YYC,PZ9
2026-06-15,2 days ago,UA344,Boeing 737 MAX 9,SFO,PDX,PZ3
2026-05-12,21 hours ago,UA4763,Embraer E175,SLC,SFO,PZ7
2026-05-17,5 hours ago,UA1284,Airbus A320,LAX,SEA,PZ4
2026-05-14,5 hours ago,UA5273,Embraer E175,LAX,SEA,PZ1
2026-05-14,5 hours ago,UA5873,Embraer E175,LAX,SEA,PZ2
2026-05-28,3 days ago,UA5763,Embraer E175,ORD,YHZ,PZ2
2026-05-23,1 day ago,UA6238,Embraer E175,AGU,IAH,PZ9
2026-06-19,2 days ago,UA2069,Boeing 737-800,IAH,CVG,PZ2
2026-08-07,2 days ago,UA3517,Embraer E175,EWR,CLT,PZ1
2026-05-25,2 days ago,UA2069,Boeing 737-800,IAH,CVG,PZ1
2026-10-27,5 hours ago,UA1570,Boeing 737-800,BZE,IAH,PZ3
2026-06-06,2 days ago,UA6112,Embraer E175,CVG,IAH,PZ1
2026-05-19,3 days ago,UA153,Boeing 787-9 Dreamliner,SGN,HKG,PZ9
2027-03-08,2 days ago,UA6044,Embraer E175,SFO,MFR,PZ1
2026-06-05,2 days ago,UA1689,Boeing 737-900,ORD,IAD,PZ3
2026-06-27,1 day ago,UA718,Airbus A320,MEX,SFO,PZ4
2026-05-28,2 days ago,UA2442,Boeing 737-800,CVG,IAH,PZ2
2026-06-27,1 day ago,UA247,Airbus A319,MEM,ORD,PZ2
2026-06-15,1 day ago,UA5336,Bombardier CRJ550,MEM,ORD,PZ2
2026-06-13,1 day ago,UA5780,Embraer E175,MEM,ORD,PZ2
2026-05-16,5 hours ago,UA4807,Bombardier CRJ550,MAF,DEN,PZ4
2026-05-19,5 hours ago,UA4682,Bombardier CRJ550,MAF,DEN,PZ4
2026-05-20,5 hours ago,UA5794,Embraer E175,MAF,DEN,PZ1
2026-06-29,8 hours ago,UA4467,Bombardier CRJ550,FSD,ORD,PZ1
2026-05-17,5 hours ago,UA5794,Embraer E175,MAF,DEN,PZ2
2026-05-09,5 hours ago,UA5794,Embraer E175,MAF,DEN,PZ4
2026-05-11,1 day ago,UA6237,Embraer E175,IAH,AGU,PZ9
2026-05-15,5 hours ago,UA5472,Embraer E175,MAF,DEN,PZ1
2026-06-22,3 days ago,UA5510,Embraer E175,SFO,CLD,PZ1
2026-05-10,5 hours ago,UA5472,Embraer E175,MAF,DEN,PZ2
2026-05-11,5 hours ago,UA4807,Bombardier CRJ550,MAF,DEN,PZ3
2026-05-12,5 hours ago,UA5472,Embraer E175,MAF,DEN,PZ2
2026-07-21,3 days ago,UA2634,Boeing 737-900,ATL,IAD,PZ4
2026-05-11,2 days ago,UA4493,Bombardier CRJ550,EWR,CAE,PZ3
2026-08-18,1 day ago,UA609,Airbus A321neo,ORD,MCO,PZ2
2026-05-27,1 day ago,UA5970,Embraer E175,SLC,SFO,PZ4
2026-07-05,13 hours ago,UA6308,Embraer E175,IAH,XNA,PZ1
2026-10-31,5 hours ago,UA2272,Airbus A321neo,DEN,ORD,PZ2
2026-10-27,5 hours ago,UA2272,Airbus A321neo,DEN,ORD,PZ2
2026-05-12,2 days ago,UA5256,Embraer E175,SBA,SFO,PZ4
2026-05-07,23 hours ago,UA963,Boeing 767-300,BER,EWR,PZ9
2026-07-04,5 hours ago,UA2361,Airbus A321neo,ORD,LAX,PZ2
2026-05-27,8 hours ago,UA4467,Bombardier CRJ550,FSD,ORD,PZ2
2026-05-14,2 days ago,UA905,Boeing 777-200,LHR,EWR,PZ9
2026-10-25,5 hours ago,UA1570,Boeing 737-800,BZE,IAH,PZ1
2026-05-26,4 days ago,UA605,Boeing 737-900,DEN,BNA,PZ2
2026-05-14,5 hours ago,UA263,Boeing 787-9 Dreamliner,LHR,DEN,PZ9
2026-10-03,5 hours ago,UA363,Boeing 737-900,SFO,EUG,PZ2
2026-10-02,5 hours ago,UA363,Boeing 737-900,SFO,EUG,PZ2
2026-05-23,2 days ago,UA5222,Embraer E175,IAH,MTY,PZ6
2026-06-16,2 days ago,UA299,Airbus A319,ATL,EWR,PZ1
2026-05-23,5 hours ago,UA1635,Boeing 737-800,SEA,LAX,PZ3
2026-05-29,1 day ago,UA5924,Embraer E175,BOI,DEN,PZ2
2026-07-12,3 days ago,UA5453,Embraer E175,OKC,IAH,PZ1
2026-05-14,8 hours ago,UA1842,Airbus A319,ORD,FSD,PZ4
2026-05-30,1 day ago,UA5924,Embraer E175,BOI,DEN,PZ4
2026-05-08,3 days ago,UA1472,Boeing 737 MAX 9,SDQ,EWR,PZ9
2026-05-08,2 days ago,UA2219,Boeing 737 MAX 9,SJU,EWR,PZ3
2026-05-20,5 hours ago,UA5472,Embraer E175,MAF,DEN,PZ1
2026-05-12,7 hours ago,UA34,Boeing 777-200,KIX,SFO,PZ8
2026-08-16,3 days ago,UA6289,Embraer E175,MLM,IAH,PZ5
2026-05-21,2 days ago,UA4558,Bombardier CRJ550,RIC,EWR,PZ2
2026-05-06,5 hours ago,UA939,Boeing 777-222B,LHR,SFO,PZ9
2026-05-12,1 day ago,UA5410,Embraer E175,LAX,RNO,PZ3
2026-05-29,1 day ago,UA2685,Boeing 737-900,MID,IAH,PZ9
2026-05-23,13 hours ago,UA3477,Embraer E175,EWR,PIT,PZ4
2026-05-23,13 hours ago,UA4390,Bombardier CRJ550,EWR,PIT,PZ4
2026-05-16,9 hours ago,UA2866,Boeing 737 MAX 9,SEA,SFO,PZ5
2026-05-23,5 hours ago,UA3419,Embraer E175,EWR,GRR,PZ1
2026-05-25,2 days ago,UA4166,Bombardier CRJ550,ABE,ORD,PZ1
2026-06-01,1 day ago,UA532,Boeing 737-800,ATL,IAH,PZ2
2026-06-26,1 day ago,UA4723,Bombardier CRJ550,CID,ORD,PZ1
2026-05-05,2 days ago,UA2382,Boeing 737-900ER,IAD,RDU,PZ3
2026-11-02,8 hours ago,UA2363,Boeing 737 MAX 9,ONT,SFO,PZ1
2026-05-21,9 hours ago,UA424,Boeing 737-800,BNA,ORD,PZ4
2026-05-23,13 hours ago,UA2133,Boeing 737-900,EWR,TPA,PZ4
2026-05-15,2 days ago,UA1936,Boeing 737-900,ONT,IAH,PZ4
2026-08-17,4 days ago,UA1969,Boeing 737 MAX 9,MCI,EWR,PZ2
2026-07-26,1 day ago,UA659,Boeing 737-900,LAX,PHX,PZ2
2026-05-30,3 days ago,UA5624,Embraer E175,ONT,SFO,PZ3
2026-06-27,1 day ago,UA3501,Embraer E175,GRR,EWR,PZ2
2026-06-19,8 hours ago,UA2274,Boeing 737-900,SAN,SFO,PZ1
2026-05-05,2 days ago,UA1744,Boeing 737 Max 8,ORD,PHL,PZ5
2026-07-28,3 days ago,UA1550,Boeing 737 MAX 8,LAX,SEA,PZ3
2026-05-11,4 days ago,UA1851,Airbus A320,ONT,SFO,PZ2
2026-05-12,1 day ago,UA4189,Bombardier CRJ550,CID,ORD,PZ1
2026-07-10,2 days ago,UA1246,Boeing 737-900,MSP,EWR,PZ1
2027-01-09,4 days ago,UA3475,Embraer E175,MCI,EWR,PZ2
2027-01-09,4 days ago,UA3503,Embraer E175,MCI,EWR,PZ2
2026-05-17,2 days ago,UA2363,Boeing 737 MAX 9,ONT,SFO,PZ1
2026-09-21,5 hours ago,UA1156,Boeing 737-800,ORD,YYC,PZ9
2026-07-12,3 days ago,UA6267,Embraer E175,IAH,TAM,PZ5
2026-08-10,3 days ago,UA6267,Embraer E175,IAH,TAM,PZ5
2026-11-03,8 hours ago,UA2363,Boeing 737 MAX 9,ONT,SFO,PZ4
2026-05-06,6 hours ago,UA5579,Embraer E175,SFO,SEA,PZ4
2026-05-08,1 day ago,UA1007,Airbus A320,SFO,SEA,PZ2
2026-09-02,4 days ago,UA837,Boeing 737 MAX 8,NRT,KHH,PZ3
2026-08-26,3 days ago,UA837,Boeing 737 MAX 8,NRT,KHH,PZ3
2026-05-12,2 days ago,UA4639,Embraer E175,BOI,SFO,PZ2
2026-05-30,2 days ago,UA4678,Embraer E175,BOI,SFO,PZ1
2026-05-08,2 days ago,UA4661,Embraer E175,BOI,SFO,PZ3
2026-11-04,8 hours ago,UA2363,Boeing 737 MAX 9,ONT,SFO,PZ4
2026-05-22,2 days ago,UA649,Airbus A320,BOI,SFO,PZ5
2026-06-14,2 days ago,UA5934,Embraer E175,YYZ,ORD,PZ1
2026-06-13,4 hours ago,UA2381,Boeing 737-900,EWR,MCO,PZ5
2026-05-16,2 days ago,UA4678,Embraer E175,BOI,SFO,PZ1
2026-05-16,2 days ago,UA4661,Embraer E175,BOI,SFO,PZ6
2026-06-14,1 day ago,UA6267,Embraer E175,IAH,TAM,PZ6
2026-05-22,1 day ago,UA1609,Boeing 737-900,DFW,IAH,PZ1
2026-08-09,1 day ago,UA152,Boeing 787-9 Dreamliner,LAX,HKG,PZ1
2026-05-10,1 day ago,UA3683,Embraer E175,EWR,IND,PZ4
2026-11-10,3 days ago,UA3610,Embraer E175,EWR,MKE,PZ2
2027-01-06,4 days ago,UA3436,Embraer E175,EWR,MCI,PZ2
2026-09-02,5 hours ago,UA2407,Boeing 737-900,RDU,IAH,PZ1
2026-05-06,1 day ago,UA4191,Bombardier CRJ550,EWR,RIC,PZ2
2026-05-20,1 day ago,UA5300,Bombardier CRJ550,ORD,CID,PZ5
2026-05-08,1 day ago,UA4176,Bombardier CRJ550,EWR,RIC,PZ4
2026-07-30,1 day ago,UA532,Boeing 737-800,ATL,IAH,PZ1
2026-11-01,4 days ago,UA3604,Embraer E175,EWR,MCI,PZ1
2026-08-12,5 hours ago,UA2407,Boeing 737-900,RDU,IAH,PZ3
2026-08-22,2 days ago,UA2665,Boeing 737 MAX 8,PHL,ORD,PZ2
2026-05-23,1 day ago,UA1923,Boeing 737-900,ORD,CID,PZ7
2026-05-14,1 day ago,UA1923,Boeing 737-800,ORD,CID,PZ2
2026-05-21,5 hours ago,UA3627,Embraer E175,EWR,PWM,PZ6
2026-05-12,21 hours ago,UA5770,Embraer E175,SLC,SFO,PZ6
2026-05-11,1 day ago,UA2685,Boeing 737-900,MID,IAH,PZ9
2026-07-28,5 hours ago,UA1167,Boeing 737 MAX 9,IAH,CUN,PZ9
2026-07-29,4 days ago,UA1399,Boeing 737-900,EWR,MCI,PZ3
2026-11-25,3 days ago,UA1385,Boeing 737-900,IAD,LAX,PZ2
2026-06-15,4 days ago,UA552,Boeing 737 MAX 9,SFO,ONT,PZ1
2026-07-11,4 days ago,UA1399,Boeing 737 MAX 9,EWR,MCI,PZ4
2026-07-13,3 days ago,UA6019,Embraer E175,YYZ,ORD,PZ7
2026-12-24,3 days ago,UA1058,Boeing 737-900,CUN,IAH,PZ3
2026-05-17,19 hours ago,UA5763,Embraer E175,PDX,SFO,PZ4
2026-12-18,3 days ago,UA1058,Boeing 737-900,CUN,IAH,PZ4
2026-12-17,3 days ago,UA1248,Boeing 737-900,CUN,IAH,PZ4
2026-07-15,4 days ago,UA1399,Boeing 737-900,EWR,MCI,PZ4
2026-12-17,3 days ago,UA1081,Boeing 737-900,CUN,IAH,PZ1
2026-12-16,3 days ago,UA1059,Boeing 737-900,CUN,IAH,PZ3
2026-12-16,3 days ago,UA1019,Boeing 737-900,CUN,IAH,PZ3
2026-12-16,3 days ago,UA1058,Boeing 737-900,CUN,IAH,PZ4
2026-08-11,4 hours ago,UA3551,Embraer E175,ORD,SDF,PZ2
2026-12-12,3 days ago,UA1248,Boeing 737-900,CUN,IAH,PZ3
2026-06-30,4 hours ago,UA1966,Boeing 737-900,IAH,MIA,PZ2
2026-07-25,4 days ago,UA1399,Boeing 737 MAX 9,EWR,MCI,PZ1
2026-07-02,4 hours ago,UA3510,Embraer E175,MKE,EWR,PZ1
2026-12-10,3 days ago,UA1059,Boeing 737-900,CUN,IAH,PZ3
2026-12-10,3 days ago,UA1019,Boeing 737-900,CUN,IAH,PZ1
2026-06-09,4 hours ago,UA3470,Embraer E175,MKE,EWR,PZ1
2026-12-09,3 days ago,UA1019,Boeing 737-900,CUN,IAH,PZ3
2026-12-08,3 days ago,UA1058,Boeing 737-900,CUN,IAH,PZ4
2026-12-06,3 days ago,UA1248,Boeing 737-900,CUN,IAH,PZ1
2026-05-17,1 day ago,UA5970,Embraer E175,SLC,SFO,PZ1
2026-05-14,4 hours ago,UA5836,Embraer E175,SLC,LAX,PZ3
2026-11-26,4 days ago,UA3419,Embraer E175,MCI,EWR,PZ1
2026-11-26,4 days ago,UA3503,Embraer E175,MCI,EWR,PZ1
2026-08-19,4 hours ago,UA905,Boeing 777-200,LHR,EWR,PZ9
2026-08-13,4 hours ago,UA15,Boeing 767-300,LHR,EWR,PZ9
2027-01-17,4 days ago,UA3503,Embraer E175,MCI,EWR,PZ1
2026-05-05,2 days ago,UA3632,Embraer E175,EWR,GSP,PZ1
2026-05-15,2 days ago,UA838,Boeing 737-800,KHH,NRT,PZ9
2026-05-05,2 days ago,UA3433,Embraer E175,EWR,GSP,PZ2
2027-01-23,4 days ago,UA3475,Embraer E175,MCI,EWR,PZ2
2026-05-19,5 hours ago,UA1613,Boeing 737 MAX 8,EWR,MSY,PZ2
2026-05-06,3 days ago,UA272,Boeing 767-300,EWR,NCE,PZ4
2026-05-18,2 days ago,UA2848,Boeing 737 MAX 9,EWR,MSY,PZ4
2026-05-15,1 day ago,UA1338,Boeing 737-800,FLL,IAH,PZ1
2026-09-15,3 days ago,UA798,Boeing 737 MAX 8,CLT,EWR,PZ1
2027-01-17,6 hours ago,UA972,Boeing 787-10 Dreamliner,ORD,BRU,PZ2
2026-06-20,1 day ago,UA6268,Embraer E175,TAM,IAH,PZ4
2027-01-05,4 days ago,UA3419,Embraer E175,MCI,EWR,PZ2
2027-01-05,4 days ago,UA3475,Embraer E175,MCI,EWR,PZ2
2026-08-15,3 days ago,UA6268,Embraer E175,TAM,IAH,PZ5
2027-01-05,4 days ago,UA3503,Embraer E175,MCI,EWR,PZ2
2026-06-23,3 days ago,UA1025,Airbus A319,MEX,IAH,PZ1
2026-08-12,2 days ago,UA2638,Boeing 737-900,RDU,ORD,PZ1
2026-08-05,8 hours ago,UA718,Airbus A320,MEX,SFO,PZ5
2026-06-14,4 days ago,UA4176,Bombardier CRJ550,EWR,RIC,PZ1
2026-07-29,2 days ago,UA1297,Boeing 737-800,RDU,ORD,PZ3
2026-07-28,2 days ago,UA727,Boeing 737 MAX 9,PTY,EWR,PZ3
2027-01-12,4 days ago,UA3419,Embraer E175,MCI,EWR,PZ2
2026-07-07,1 day ago,UA5618,Embraer E175,CVG,ORD,PZ2
2026-08-11,4 days ago,UA1969,Boeing 737 MAX 9,MCI,EWR,PZ4
2026-06-06,1 day ago,UA4716,Embraer E175,CID,DEN,PZ2
2026-11-19,4 days ago,UA3419,Embraer E175,MCI,EWR,PZ1
2026-06-08,1 day ago,UA5692,Embraer E175,CID,DEN,PZ3
2026-05-06,8 hours ago,UA1842,Airbus A319,ORD,FSD,PZ2
2027-01-06,4 days ago,UA3475,Embraer E175,MCI,EWR,PZ2
2027-01-06,4 days ago,UA3503,Embraer E175,MCI,EWR,PZ2
2026-05-07,1 day ago,UA514,Boeing 737-800,CID,DEN,PZ5
2026-06-07,1 day ago,UA4716,Embraer E175,CID,DEN,PZ1
2026-08-29,4 days ago,UA1969,Boeing 737 MAX 9,MCI,EWR,PZ2
2026-05-17,1 day ago,UA4170,Bombardier CRJ550,CID,ORD,PZ5
2026-07-28,4 days ago,UA2125,Boeing 737 MAX 9,BNA,IAD,PZ2
2026-08-29,6 hours ago,UA5415,Embraer E175,SBP,SFO,PZ1
2026-09-04,2 days ago,UA421,Boeing 737-900,IAD,ORD,PZ2
2026-07-05,2 days ago,UA530,Airbus A319,ORD,ATL,PZ1
2026-05-26,4 days ago,UA3445,Embraer E175,IAD,YUL,PZ3
2026-06-19,4 hours ago,UA3470,Embraer E175,MKE,EWR,PZ1
2026-08-26,4 hours ago,UA3659,Embraer E175,ORD,SDF,PZ1
2026-05-24,2 days ago,UA3421,Embraer E175,EWR,SDF,PZ1
2026-08-26,4 hours ago,UA5892,Bombardier CRJ550,ORD,SDF,PZ2
2026-11-17,1 day ago,UA958,Boeing 767-300,LHR,ORD,PZ3
2026-05-16,4 days ago,UA1206,Boeing 737 MAX 9,TPA,ORD,PZ2
2026-05-23,1 day ago,UA3409,Embraer E175,DTW,EWR,PZ4
2026-05-13,3 hours ago,UA1763,Boeing 737 MAX 8,SFO,SEA,PZ1
2026-05-13,3 hours ago,UA1007,Boeing 737-800,SFO,SEA,PZ2
2026-05-07,2 days ago,UA4639,Embraer E175,BOI,SFO,PZ1
2026-07-29,2 days ago,UA4039,Embraer E175,JAX,IAH,PZ1
2026-05-25,1 day ago,UA1991,Airbus A319,EWR,ATL,PZ1
2026-06-05,2 days ago,UA4733,Embraer E175,BOI,SFO,PZ1
2026-06-29,1 day ago,UA4707,Embraer E175,CID,ORD,PZ1
2026-05-13,2 days ago,UA4639,Embraer E175,BOI,SFO,PZ5
2026-05-21,2 days ago,UA649,Airbus A320,BOI,SFO,PZ2
2026-05-06,2 days ago,UA4753,Bombardier CRJ700,BOI,SFO,PZ4
2026-05-06,2 days ago,UA4678,Embraer E175,BOI,SFO,PZ2
2026-05-06,2 days ago,UA4733,Embraer E175,BOI,SFO,PZ6
2026-05-06,2 days ago,UA4661,Embraer E175,BOI,SFO,PZ4
2026-05-09,2 days ago,UA4661,Embraer E175,BOI,SFO,PZ4
2026-05-15,13 hours ago,UA3680,Embraer E175,EWR,MSP,PZ3
2026-06-28,1 day ago,UA4723,Bombardier CRJ550,CID,ORD,PZ1
2026-05-19,2 days ago,UA4678,Embraer E175,BOI,SFO,PZ2
2026-05-19,2 days ago,UA4639,Embraer E175,BOI,SFO,PZ2
2026-08-10,2 days ago,UA5215,Bombardier CRJ550,ORD,LNK,PZ1
2026-05-14,8 hours ago,UA5700,Embraer E175,DEN,FSD,PZ4
2026-05-14,8 hours ago,UA5378,Embraer E175,DEN,FSD,PZ2
2026-09-14,1 day ago,UA4729,Embraer E175,SEA,LAX,PZ1
2026-06-09,4 days ago,UA1203,Boeing 737 MAX 9,IAD,AUA,PZ4
2027-02-01,1 day ago,UA958,Boeing 767-300,LHR,ORD,PZ1
2026-06-06,6 hours ago,UA1864,Boeing 737 MAX 9,MIA,EWR,PZ2
2026-05-09,1 day ago,UA2164,Boeing 737-700,BNA,ORD,PZ4
2026-06-07,5 hours ago,UA1259,Airbus A319,SEA,SFO,PZ1
2026-05-08,4 hours ago,UA1997,Boeing 737 MAX 8,IAD,EWR,PZ2
2026-07-14,1 day ago,UA1097,Boeing 737 MAX 8,SJO,IAH,PZ6
2026-08-08,6 hours ago,UA3656,Embraer E175,LGA,IAD,PZ1
2026-05-13,1 day ago,UA4763,Embraer E175,SLC,SFO,PZ3
2026-05-13,1 day ago,UA5770,Embraer E175,SLC,SFO,PZ1
2026-11-14,3 days ago,UA3604,Embraer E175,EWR,MCI,PZ2
2026-05-20,10 hours ago,UA552,Boeing 737-800,SFO,ONT,PZ4
2026-08-26,2 days ago,UA5581,Bombardier CRJ550,ORD,MDT,PZ1
2026-06-27,1 day ago,UA6268,Embraer E175,TAM,IAH,PZ3
2026-08-08,1 day ago,UA532,Boeing 737-800,ATL,IAH,PZ3
2026-08-31,5 hours ago,UA2407,Boeing 737-900,RDU,IAH,PZ1
2026-12-12,7 hours ago,UA3604,Embraer E175,EWR,MCI,PZ1
2026-05-22,2 days ago,UA6027,Embraer E175,SFO,BOI,PZ4
2026-05-08,2 days ago,UA5720,Embraer E175,SFO,BOI,PZ3
2026-06-02,2 days ago,UA267,Boeing 737-800,SFO,BOI,PZ3
2026-05-27,2 days ago,UA5624,Embraer E175,ONT,SFO,PZ1
2026-06-04,1 day ago,UA2685,Boeing 737-900,MID,IAH,PZ2
2026-08-16,4 days ago,UA1399,Boeing 737 MAX 9,EWR,MCI,PZ2
2026-06-23,4 days ago,UA3436,Embraer E175,EWR,MCI,PZ1
2026-12-18,3 days ago,UA1248,Boeing 737-900,CUN,IAH,PZ4
2026-05-05,2 days ago,UA1949,Boeing 737-700W,IAH,DFW,PZ2
2026-05-09,13 hours ago,UA1572,Boeing 737-900,LAX,DEN,PZ9
2026-06-06,1 day ago,UA2685,Boeing 737-900,MID,IAH,PZ8
2026-11-17,4 days ago,UA3588,Embraer E175,EWR,MCI,PZ2
2026-05-14,2 days ago,UA15,Boeing 767-300,LHR,EWR,PZ8
2027-01-19,4 days ago,UA3588,Embraer E175,EWR,MCI,PZ1
2026-08-24,4 days ago,UA1399,Boeing 737 MAX 9,EWR,MCI,PZ1
2026-07-16,4 days ago,UA1399,Boeing 737 MAX 8,EWR,MCI,PZ2
2026-05-14,4 hours ago,UA5770,Embraer E175,SLC,SFO,PZ4
2027-03-02,1 day ago,UA958,Boeing 767-300,LHR,ORD,PZ6
2026-06-15,2 days ago,UA3608,Embraer E175,EWR,MSN,PZ1
2026-10-01,4 days ago,UA1969,Boeing 737 MAX 8,MCI,EWR,PZ1
2026-11-17,4 days ago,UA3419,Embraer E175,MCI,EWR,PZ2
2026-11-17,4 days ago,UA3503,Embraer E175,MCI,EWR,PZ2
2026-11-17,4 days ago,UA3475,Embraer E175,MCI,EWR,PZ2
2026-12-15,4 days ago,UA3419,Embraer E175,MCI,EWR,PZ2
2026-05-21,2 days ago,UA4678,Embraer E175,BOI,SFO,PZ3
2026-09-01,3 days ago,UA798,Boeing 737 MAX 8,CLT,EWR,PZ2
2026-09-03,2 days ago,UA1969,Boeing 737 MAX 9,MCI,EWR,PZ2
2026-08-11,3 days ago,UA798,Boeing 737 MAX 8,CLT,EWR,PZ2
2026-08-08,2 days ago,UA5326,Embraer E175,ORD,RDU,PZ2
2026-08-25,2 days ago,UA3600,Embraer E175,ORD,RDU,PZ1
2026-07-29,1 day ago,UA532,Boeing 737-800,ATL,IAH,PZ3
2026-08-25,3 days ago,UA798,Boeing 737 MAX 8,CLT,EWR,PZ2
2026-08-15,2 days ago,UA3600,Embraer E175,ORD,RDU,PZ1
2026-11-07,4 days ago,UA3419,Embraer E175,MCI,EWR,PZ2
2026-08-04,2 days ago,UA2616,Boeing 737 MAX 8,ORD,RDU,PZ1
2026-08-04,2 days ago,UA5326,Embraer E175,ORD,RDU,PZ2
2027-01-06,6 hours ago,UA972,Boeing 787-10 Dreamliner,ORD,BRU,PZ3
2027-01-08,4 days ago,UA3419,Embraer E175,MCI,EWR,PZ1
2027-01-08,4 days ago,UA3475,Embraer E175,MCI,EWR,PZ1
2026-05-28,4 days ago,UA4386,Bombardier CRJ550,EWR,RIC,PZ1
2026-05-29,4 days ago,UA822,Airbus A319,MEX,SFO,PZ6
2026-08-13,4 days ago,UA1969,Boeing 737 MAX 9,MCI,EWR,PZ2
2026-11-15,4 days ago,UA3503,Embraer E175,MCI,EWR,PZ1
2026-05-25,4 days ago,UA4386,Bombardier CRJ550,EWR,RIC,PZ3
2026-06-30,1 day ago,UA6268,Embraer E175,TAM,IAH,PZ1
2026-05-12,8 hours ago,UA1437,Boeing 737 MAX 9,MSY,EWR,PZ6
2026-07-16,4 days ago,UA1969,Boeing 737-900,MCI,EWR,PZ2
2026-05-09,4 days ago,UA4191,Bombardier CRJ550,EWR,RIC,PZ5
2026-06-13,1 day ago,UA4716,Embraer E175,CID,DEN,PZ1
2026-11-10,4 days ago,UA3419,Embraer E175,MCI,EWR,PZ2
2026-05-29,1 day ago,UA4716,Embraer E175,CID,DEN,PZ3
2026-11-10,4 days ago,UA3503,Embraer E175,MCI,EWR,PZ2
2026-07-30,4 days ago,UA1709,Boeing 737 MAX 9,BNA,IAD,PZ2
2026-05-08,1 day ago,UA1956,Boeing 737 MAX 8,IAH,FLL,PZ4
2026-08-21,6 hours ago,UA2432,Airbus A319,SBP,SFO,PZ1
2026-09-01,2 days ago,UA4182,Bombardier CRJ550,LIT,ORD,PZ1
2026-09-02,2 days ago,UA4528,Bombardier CRJ550,LIT,ORD,PZ1
2026-06-20,1 day ago,UA4716,Embraer E175,CID,DEN,PZ2
2026-07-14,3 days ago,UA2486,Boeing 737-900,SAN,ORD,PZ1
2026-06-29,1 day ago,UA4165,Bombardier CRJ550,CID,ORD,PZ1
2026-08-18,4 days ago,UA1709,Boeing 737 MAX 9,BNA,IAD,PZ1
2026-07-04,3 days ago,UA6221,Embraer E175,ACA,IAH,PZ4
2026-06-04,1 day ago,UA4773,Embraer E175,DEN,CID,PZ3
2026-06-24,1 day ago,UA4773,Embraer E175,DEN,CID,PZ2
2026-05-31,4 hours ago,UA3470,Embraer E175,MKE,EWR,PZ1
2026-09-06,4 hours ago,UA3551,Embraer E175,ORD,SDF,PZ1
2026-10-04,4 hours ago,UA3659,Embraer E175,ORD,SDF,PZ1
2026-05-19,3 days ago,UA1484,Boeing 737-900,RDU,ORD,PZ1
2026-05-16,3 days ago,UA1484,Boeing 737-900,RDU,ORD,PZ9
2026-05-27,4 hours ago,UA3510,Embraer E175,MKE,EWR,PZ2
2027-01-19,4 days ago,UA1709,Airbus A319,BNA,IAD,PZ1
2026-08-29,4 hours ago,UA3551,Embraer E175,ORD,SDF,PZ2
2026-07-15,8 hours ago,UA1414,Airbus A321neo,BOS,ORD,PZ2
2026-08-29,2 days ago,UA1068,Boeing 737-900,LAX,SAN,PZ2
2026-08-29,2 days ago,UA4723,Embraer E175,LAX,SBP,PZ2
2026-06-02,4 hours ago,UA3470,Embraer E175,MKE,EWR,PZ2
2026-08-06,4 days ago,UA1709,Boeing 737 MAX 9,BNA,IAD,PZ2
2026-06-17,4 days ago,UA4176,Bombardier CRJ550,EWR,RIC,PZ1
2026-08-29,2 days ago,UA5820,Embraer E175,LAX,SMF,PZ1
2026-09-10,1 day ago,UA3438,Embraer E175,SDF,IAD,PZ1
2026-05-18,2 days ago,UA4678,Embraer E175,BOI,SFO,PZ1
2026-06-12,2 days ago,UA1334,Boeing 737-900,YYZ,ORD,PZ2
2026-05-11,2 days ago,UA4661,Embraer E175,BOI,SFO,PZ3
2026-06-12,2 days ago,UA5934,Embraer E175,YYZ,ORD,PZ4
2026-06-30,2 days ago,UA649,Airbus A320,BOI,SFO,PZ2
2026-05-18,1 day ago,UA686,Boeing 737-800,LGA,ORD,PZ2
2026-05-16,1 day ago,UA4519,Bombardier CRJ550,CID,ORD,PZ2
2026-06-05,4 days ago,UA552,Boeing 737 MAX 9,SFO,ONT,PZ1
2026-05-14,1 day ago,UA5225,Bombardier CRJ700,DEN,RAP,PZ1
2026-08-26,6 hours ago,UA5415,Embraer E175,SBP,SFO,PZ1
2026-08-09,2 days ago,UA5215,Bombardier CRJ550,ORD,LNK,PZ1
2026-07-01,5 hours ago,UA4039,Embraer E175,JAX,IAH,PZ1
2026-09-16,12 hours ago,UA6235,Embraer E175,PHL,IAD,PZ1
2026-09-21,4 days ago,UA1399,Boeing 737 MAX 9,EWR,MCI,PZ1
2026-06-01,8 hours ago,UA951,Boeing 777-300ER,BRU,IAD,PZ9
2026-05-16,1 day ago,UA1527,Boeing 737-800,SLC,LAX,PZ7
2027-01-06,4 days ago,UA3604,Embraer E175,EWR,MCI,PZ2
2026-06-10,2 days ago,UA6027,Embraer E175,SFO,BOI,PZ3
2026-05-23,2 days ago,UA684,Boeing 737-900,LAX,SEA,PZ5
2026-05-27,2 days ago,UA5644,Embraer E175,SFO,BOI,PZ3
2026-06-12,2 days ago,UA6027,Embraer E175,SFO,BOI,PZ1
2026-05-21,2 days ago,UA6027,Embraer E175,SFO,BOI,PZ2
2026-05-09,2 days ago,UA5644,Embraer E175,SFO,BOI,PZ3
2026-08-04,4 days ago,UA1399,Boeing 737 MAX 9,EWR,MCI,PZ4
2026-05-13,2 days ago,UA5879,Embraer E175,DEN,SHV,PZ5
2026-05-26,2 days ago,UA5879,Embraer E175,DEN,SHV,PZ2
2026-05-13,2 days ago,UA6035,Embraer E175,SFO,BOI,PZ1
2026-12-30,4 days ago,UA3588,Embraer E175,EWR,MCI,PZ1
2026-12-30,4 days ago,UA3436,Embraer E175,EWR,MCI,PZ2
2026-05-06,1 day ago,UA4479,Bombardier CRJ550,ORD,CID,PZ4
2026-07-29,5 hours ago,UA1020,Boeing 737 MAX 9,IAH,CUN,PZ1
2027-01-24,4 days ago,UA3436,Embraer E175,EWR,MCI,PZ1
2026-09-06,4 hours ago,UA3598,Embraer E175,ORD,SDF,PZ1
2026-05-28,2 days ago,UA6027,Embraer E175,SFO,BOI,PZ1
2027-01-24,4 days ago,UA3604,Embraer E175,EWR,MCI,PZ1
2027-01-24,4 days ago,UA3588,Embraer E175,EWR,MCI,PZ1
2026-05-23,2 days ago,UA6027,Embraer E175,SFO,BOI,PZ5
2026-05-11,3 days ago,UA552,Boeing 737 MAX 9,SFO,ONT,PZ4
2026-08-25,4 hours ago,UA1054,Boeing 737 MAX 9,EWR,CUN,PZ1
2026-05-17,4 hours ago,UA3697,Embraer E175,EWR,MKE,PZ4
2026-06-22,2 days ago,UA4053,Embraer E175,LFT,IAH,PZ1
2026-12-21,3 days ago,UA1059,Boeing 737-900,CUN,IAH,PZ3
2026-05-13,3 days ago,UA274,Boeing 737-800,MRY,LAX,PZ4
2026-12-20,3 days ago,UA1058,Boeing 737-900,CUN,IAH,PZ4
2026-08-11,3 days ago,UA1050,Boeing 737 MAX 9,EWR,CUN,PZ8
2026-11-08,4 days ago,UA3604,Embraer E175,EWR,MCI,PZ1
2026-05-30,19 hours ago,UA838,Boeing 737-800,KHH,NRT,PZ7
2026-05-11,4 days ago,UA4176,Bombardier CRJ550,EWR,RIC,PZ1
2026-08-18,4 hours ago,UA3598,Embraer E175,ORD,SDF,PZ2
2026-11-12,4 days ago,UA3470,Embraer E175,MKE,EWR,PZ1
2026-05-13,1 day ago,UA6268,Embraer E175,TAM,IAH,PZ8
2026-05-16,1 day ago,UA1923,Boeing 737-800,ORD,CID,PZ4
2026-11-10,4 days ago,UA3470,Embraer E175,MKE,EWR,PZ2
2026-05-14,4 hours ago,UA4763,Embraer E175,SLC,SFO,PZ4
2026-08-05,2 days ago,UA5326,Embraer E175,ORD,RDU,PZ2
2026-08-01,2 days ago,UA5326,Embraer E175,ORD,RDU,PZ2
2027-01-04,4 days ago,UA3419,Embraer E175,MCI,EWR,PZ1
2027-01-04,4 days ago,UA3475,Embraer E175,MCI,EWR,PZ1
2026-05-08,11 hours ago,UA307,Boeing 737-900,MSP,ORD,PZ7
2026-08-01,2 days ago,UA1297,Boeing 737-800,RDU,ORD,PZ2
2027-01-04,4 days ago,UA3503,Embraer E175,MCI,EWR,PZ1
2026-07-29,2 days ago,UA2616,Boeing 737 MAX 8,ORD,RDU,PZ3
2026-08-25,2 days ago,UA2826,Boeing 737-800,RDU,ORD,PZ1
2026-05-10,4 days ago,UA4191,Bombardier CRJ550,EWR,RIC,PZ4
2026-08-04,3 days ago,UA798,Boeing 737 MAX 8,CLT,EWR,PZ3
2026-05-09,11 hours ago,UA3505,Embraer E175,MSP,ORD,PZ2
2026-08-09,2 days ago,UA1297,Boeing 737-800,RDU,ORD,PZ2
2026-05-17,2 days ago,UA4493,Bombardier CRJ550,EWR,CAE,PZ5
2026-08-22,2 days ago,UA2826,Boeing 737-800,RDU,ORD,PZ3
2026-08-22,2 days ago,UA1448,Boeing 737-900,RDU,ORD,PZ2
2026-08-11,2 days ago,UA4726,Embraer E175,RDU,ORD,PZ1
2026-08-18,2 days ago,UA4726,Embraer E175,RDU,ORD,PZ1
2026-11-08,4 days ago,UA3470,Embraer E175,MKE,EWR,PZ1
2026-06-18,1 day ago,UA6268,Embraer E175,TAM,IAH,PZ6
2026-05-30,4 hours ago,UA2396,Boeing 737 MAX 9,EWR,MCO,PZ3
2026-08-10,2 days ago,UA1297,Boeing 737-800,RDU,ORD,PZ1
2026-05-26,4 hours ago,UA3510,Embraer E175,MKE,EWR,PZ2
2026-06-17,3 days ago,UA1025,Airbus A319,MEX,IAH,PZ1
2026-08-15,2 days ago,UA2826,Boeing 737-800,RDU,ORD,PZ1
2026-07-15,4 days ago,UA1709,Boeing 737 MAX 9,BNA,IAD,PZ3
2027-01-14,4 days ago,UA3475,Embraer E175,MCI,EWR,PZ1
2027-01-14,4 days ago,UA3503,Embraer E175,MCI,EWR,PZ1
2026-08-08,4 days ago,UA1969,Boeing 737 MAX 8,MCI,EWR,PZ3
2027-01-07,4 days ago,UA3419,Embraer E175,MCI,EWR,PZ1
2026-07-28,2 days ago,UA593,Boeing 737-900,EWR,BOS,PZ2
2026-09-05,2 days ago,UA1969,Boeing 737 MAX 9,MCI,EWR,PZ1
2026-05-30,1 day ago,UA6268,Embraer E175,TAM,IAH,PZ9
2027-02-02,2 days ago,UA22,Boeing 777-200,DUB,EWR,PZ3
2026-05-09,2 days ago,UA689,Boeing 737 MAX 9,IAD,MCO,PZ5
2026-08-12,3 days ago,UA6268,Embraer E175,TAM,IAH,PZ3
2026-07-09,4 hours ago,UA6296,Embraer E175,RDU,IAH,PZ1
2026-11-25,4 days ago,UA3503,Embraer E175,MCI,EWR,PZ2
2026-06-02,1 day ago,UA4716,Embraer E175,CID,DEN,PZ2
2026-05-14,1 day ago,UA5746,Bombardier CRJ550,CID,ORD,PZ4
2026-06-23,1 day ago,UA4716,Embraer E175,CID,DEN,PZ2
2026-08-01,1 day ago,UA532,Boeing 737-800,ATL,IAH,PZ3
2026-05-18,1 day ago,UA4763,Embraer E175,SLC,SFO,PZ4
2027-02-23,1 day ago,UA958,Boeing 767-300,LHR,ORD,PZ5
2027-02-23,1 day ago,UA959,Boeing 767-300,LHR,ORD,PZ5
2026-08-01,4 days ago,UA2828,Boeing 737-900,SAV,EWR,PZ1
2026-07-31,4 days ago,UA2828,Boeing 737-900,SAV,EWR,PZ2
2026-05-16,1 day ago,UA5970,Embraer E175,SLC,SFO,PZ3
2026-06-17,1 day ago,UA2324,Boeing 737-900,DEN,CID,PZ2
2026-07-02,4 hours ago,UA3609,Embraer E175,MKE,EWR,PZ1
2026-06-16,4 hours ago,UA3510,Embraer E175,MKE,EWR,PZ2
2026-05-25,1 day ago,UA5073,Bombardier CRJ550,IAH,VCT,PZ9
2026-09-30,1 day ago,UA3508,Embraer E175,SDF,IAD,PZ1
2026-05-18,1 day ago,UA5746,Bombardier CRJ550,CID,ORD,PZ2
2026-09-18,1 day ago,UA3438,Embraer E175,SDF,IAD,PZ1
2026-09-17,1 day ago,UA3438,Embraer E175,SDF,IAD,PZ1
2026-06-05,4 hours ago,UA3510,Embraer E175,MKE,EWR,PZ2
2026-09-16,1 day ago,UA3438,Embraer E175,SDF,IAD,PZ2
2026-09-14,1 day ago,UA3438,Embraer E175,SDF,IAD,PZ1
2026-06-23,4 hours ago,UA3470,Embraer E175,MKE,EWR,PZ2
2026-08-29,1 day ago,UA3438,Embraer E175,SDF,IAD,PZ2
2026-09-06,1 day ago,UA3438,Embraer E175,SDF,IAD,PZ1
2026-08-27,1 day ago,UA3438,Embraer E175,SDF,IAD,PZ1
2026-07-03,1 day ago,UA718,Airbus A320,MEX,SFO,PZ4
2026-07-05,2 days ago,UA2009,Boeing 737 MAX 9,IAH,LIR,PZ5
2026-08-26,1 day ago,UA3438,Embraer E175,SDF,IAD,PZ2
2026-06-07,2 days ago,UA3677,Embraer E175,ORD,CVG,PZ2
2026-06-07,2 days ago,UA4595,Bombardier CRJ550,ORD,CVG,PZ1
2026-08-22,4 hours ago,UA3598,Embraer E175,ORD,SDF,PZ2
2026-09-08,1 day ago,UA3438,Embraer E175,SDF,IAD,PZ2
2026-08-18,3 days ago,UA2406,Boeing 737-900,MCO,IAH,PZ2
2026-07-25,4 hours ago,UA5412,Embraer E175,ORD,SDF,PZ2
2026-08-24,1 day ago,UA3438,Embraer E175,SDF,IAD,PZ1
2026-08-25,1 day ago,UA3438,Embraer E175,SDF,IAD,PZ2
2026-05-13,4 hours ago,UA3510,Embraer E175,MKE,EWR,PZ2
2026-08-25,1 day ago,UA4067,Embraer E175,SDF,IAD,PZ1
2026-05-23,4 hours ago,UA3470,Embraer E175,MKE,EWR,PZ1
2026-08-22,1 day ago,UA3438,Embraer E175,SDF,IAD,PZ2
2026-09-09,3 days ago,UA4043,Embraer E175,IAD,ATL,PZ2
2026-08-26,3 days ago,UA2456,Boeing 737-900,MCO,IAH,PZ2
2026-09-16,4 hours ago,UA5892,Bombardier CRJ550,ORD,SDF,PZ2
2026-05-09,1 day ago,UA5771,Embraer E175,CID,ORD,PZ6
2026-05-09,1 day ago,UA4519,Bombardier CRJ550,CID,ORD,PZ2
2026-05-28,4 hours ago,UA3564,Embraer E175,EWR,MKE,PZ3
2026-08-30,4 days ago,UA1709,Boeing 737 MAX 9,BNA,IAD,PZ2
2026-06-16,4 hours ago,UA3564,Embraer E175,EWR,MKE,PZ1
2026-06-16,4 hours ago,UA3562,Embraer E175,EWR,MKE,PZ1
2026-10-31,4 hours ago,UA3536,Embraer E175,ORD,SDF,PZ2
2026-10-31,4 hours ago,UA3598,Embraer E175,ORD,SDF,PZ1
2026-06-17,1 day ago,UA5408,Embraer E175,SLC,LAX,PZ2
2026-09-10,4 days ago,UA1709,Boeing 737 MAX 9,BNA,IAD,PZ2
2026-09-08,4 hours ago,UA3659,Embraer E175,ORD,SDF,PZ2
2026-09-08,4 hours ago,UA3605,Embraer E175,ORD,SDF,PZ1
2026-09-08,4 hours ago,UA3551,Embraer E175,ORD,SDF,PZ2
2026-08-12,4 days ago,UA1366,Boeing 737 MAX 8,IAD,BNA,PZ1
2026-05-05,1 day ago,UA3559,Embraer E175,YYZ,IAD,PZ6
2026-09-24,4 hours ago,UA4608,Bombardier CRJ550,ORD,SDF,PZ1
2026-06-30,4 hours ago,UA3562,Embraer E175,EWR,MKE,PZ2
2026-08-22,4 days ago,UA1709,Boeing 737 MAX 9,BNA,IAD,PZ3
2026-07-28,1 day ago,UA3594,Embraer E175,SDF,EWR,PZ2
2026-05-09,4 hours ago,UA1209,Boeing 757-200,ORD,EWR,PZ6
2026-07-26,4 days ago,UA3634,Embraer E175,ORD,BNA,PZ1
2026-05-09,2 days ago,UA1478,Airbus A319,IAH,BNA,PZ5
2026-05-08,4 hours ago,UA767,Airbus A321neo,ORD,DEN,PZ3
2026-05-09,4 hours ago,UA530,Boeing 757-300,ORD,LAX,PZ1
2026-05-15,1 day ago,UA1247,Boeing 737-900,DEN,PDX,PZ2
2026-06-28,4 hours ago,UA3564,Embraer E175,EWR,MKE,PZ1
2026-09-01,2 days ago,UA1035,Boeing 737-900,SJC,DEN,PZ2
2026-08-12,4 hours ago,UA3598,Embraer E175,ORD,SDF,PZ1
2026-08-12,4 hours ago,UA5892,Bombardier CRJ550,ORD,SDF,PZ2
2027-01-23,4 days ago,UA5416,Embraer E175,ORD,BNA,PZ2
2026-06-01,4 hours ago,UA3564,Embraer E175,EWR,MKE,PZ2
2026-07-15,2 days ago,UA2453,Boeing 737-700,JAX,IAH,PZ1
2026-07-31,4 hours ago,UA4519,Bombardier CRJ550,ORD,SDF,PZ1
2026-05-10,4 hours ago,UA3697,Embraer E175,EWR,MKE,PZ2
2026-05-16,2 hours ago,UA4171,Bombardier CRJ550,BHM,ORD,PZ3
2026-09-11,15 hours ago,UA6168,Embraer E175,DTW,IAD,PZ1
2026-05-08,1 day ago,UA6121,Embraer E175,GRR,IAH,PZ1
2026-06-13,1 day ago,UA5947,Embraer E175,RAP,DEN,PZ1
2026-07-04,2 days ago,UA2453,Boeing 737-900,JAX,IAH,PZ2
2026-07-16,4 days ago,UA3634,Embraer E175,ORD,BNA,PZ1
2026-10-07,4 days ago,UA837,Boeing 737 MAX 8,NRT,KHH,PZ1
2026-05-15,2 days ago,UA375,Airbus A319,DEN,MSP,PZ2
2026-08-23,4 hours ago,UA5892,Bombardier CRJ550,ORD,SDF,PZ1
2026-09-01,3 days ago,UA1546,Boeing 737 MAX 9,BWI,LAX,PZ2
2026-07-14,4 hours ago,UA5412,Embraer E175,ORD,SDF,PZ2
2026-08-01,2 days ago,UA2673,Boeing 737-900,JAX,EWR,PZ1
2026-08-01,2 days ago,UA3559,Embraer E175,JAX,EWR,PZ1
2026-07-21,2 days ago,UA758,Boeing 737 MAX 9,JAX,EWR,PZ2
2026-07-21,2 days ago,UA2673,Boeing 737-900,JAX,EWR,PZ1
2026-08-25,2 days ago,UA1448,Boeing 737-900,RDU,ORD,PZ3
2026-08-25,2 days ago,UA5764,Embraer E175,ORD,RDU,PZ1
2026-07-28,2 days ago,UA758,Boeing 737 MAX 9,JAX,EWR,PZ2
2026-07-20,3 days ago,UA641,Boeing 737-700,ATL,IAD,PZ1
2026-05-06,4 hours ago,UA16,Boeing 767-300,EWR,LHR,PZ8
2026-05-17,4 hours ago,UA2396,Boeing 737 MAX 9,IAD,EWR,PZ1
2026-05-19,1 day ago,UA5576,Embraer E175,RAP,DEN,PZ3
2026-05-13,2 days ago,UA4678,Embraer E175,BOI,SFO,PZ3
2026-05-19,4 hours ago,UA2863,Boeing 737-900,MIA,EWR,PZ4
2026-08-08,1 day ago,UA2277,Boeing 737-900,ORD,IAD,PZ4
2026-06-28,3 days ago,UA152,Boeing 787-9 Dreamliner,HKG,SGN,PZ9
2027-01-19,4 hours ago,UA3659,Embraer E175,ORD,SDF,PZ1
2026-09-15,4 hours ago,UA3605,Embraer E175,ORD,SDF,PZ2
2026-05-18,2 days ago,UA3451,Embraer E175,IND,EWR,PZ4
2026-05-29,2 days ago,UA1090,Airbus A319,IAH,MEX,PZ6
2026-07-20,4 hours ago,UA4178,Bombardier CRJ550,ORD,SDF,PZ1
2026-09-12,3 days ago,UA632,Boeing 737-700,ATL,IAD,PZ2
2026-10-01,4 hours ago,UA4608,Bombardier CRJ550,ORD,SDF,PZ1
2026-05-08,1 day ago,UA1738,Boeing 737-800,IAD,ORD,PZ7
2026-07-26,8 hours ago,UA958,Boeing 767-300,LHR,ORD,PZ9
2026-06-15,4 hours ago,UA3470,Embraer E175,MKE,EWR,PZ3
2026-06-15,4 hours ago,UA3510,Embraer E175,MKE,EWR,PZ2
2026-09-02,1 day ago,UA3438,Embraer E175,SDF,IAD,PZ2
2026-09-15,1 day ago,UA3438,Embraer E175,SDF,IAD,PZ2
2026-06-11,4 hours ago,UA3470,Embraer E175,MKE,EWR,PZ3
2026-06-10,1 day ago,UA4763,Embraer E175,SLC,SFO,PZ5
2026-11-10,4 hours ago,UA3598,Embraer E175,ORD,SDF,PZ1
2026-09-12,1 day ago,UA3508,Embraer E175,SDF,IAD,PZ2
2026-06-05,4 hours ago,UA3470,Embraer E175,MKE,EWR,PZ1
2026-06-13,4 hours ago,UA3609,Embraer E175,MKE,EWR,PZ2
2026-05-22,4 hours ago,UA3510,Embraer E175,MKE,EWR,PZ2
2026-11-17,4 hours ago,UA3536,Embraer E175,ORD,SDF,PZ1
2026-11-17,4 hours ago,UA3659,Embraer E175,ORD,SDF,PZ2
2026-05-22,23 hours ago,UA3476,Embraer E175,EWR,BUF,PZ2
2026-10-04,1 day ago,UA3594,Embraer E175,SDF,EWR,PZ1
2026-10-06,1 day ago,UA3682,Embraer E175,SDF,EWR,PZ2
2026-05-10,11 hours ago,UA406,Boeing 737 MAX 9,LAS,EWR,PZ4
2026-09-30,1 day ago,UA3594,Embraer E175,SDF,EWR,PZ2
2026-05-11,1 day ago,UA1681,Boeing 737 MAX 9,LAS,EWR,PZ3
2026-05-19,4 hours ago,UA3469,Embraer E175,MKE,EWR,PZ1
2026-05-16,3 days ago,UA1366,Boeing 737-800,IAD,BNA,PZ5
2026-05-15,1 day ago,UA5746,Bombardier CRJ550,CID,ORD,PZ3
2026-05-18,1 day ago,UA2334,Boeing 737 MAX 9,PDX,DEN,PZ3
2026-09-15,4 days ago,UA1709,Boeing 737 MAX 9,BNA,IAD,PZ2
2026-05-15,1 day ago,UA5771,Embraer E175,CID,ORD,PZ3
2026-09-22,4 days ago,UA1709,Boeing 737 MAX 9,BNA,IAD,PZ3
2026-05-15,1 day ago,UA4519,Bombardier CRJ550,CID,ORD,PZ3
2026-09-05,4 hours ago,UA3598,Embraer E175,ORD,SDF,PZ1
2026-09-05,4 hours ago,UA5892,Bombardier CRJ550,ORD,SDF,PZ2
2026-05-12,4 hours ago,UA3510,Embraer E175,MKE,EWR,PZ5
2026-05-12,4 hours ago,UA3469,Embraer E175,MKE,EWR,PZ2
2026-05-24,4 hours ago,UA3470,Embraer E175,MKE,EWR,PZ6
2026-07-13,1 day ago,UA3594,Embraer E175,SDF,EWR,PZ1
2026-07-11,1 day ago,UA3594,Embraer E175,SDF,EWR,PZ1
2026-07-16,3 days ago,UA2114,Boeing 737 MAX 9,DFW,IAH,PZ2
2026-09-07,22 hours ago,UA1754,Boeing 737 MAX 9,MFR,SFO,PZ2
2026-05-08,4 hours ago,UA838,Boeing 777-300ER,NRT,SFO,PZ9
2027-03-17,2 days ago,UA2272,Airbus A321neo,DEN,ORD,PZ2
2026-08-01,4 hours ago,UA3598,Embraer E175,ORD,SDF,PZ2
2026-06-06,3 days ago,UA4418,Bombardier CRJ550,IAD,YOW,PZ2
2026-06-17,4 hours ago,UA3564,Embraer E175,EWR,MKE,PZ2
2026-05-19,4 hours ago,UA1287,Boeing 737 MAX 9,EWR,ATL,PZ9
2026-07-08,1 day ago,UA718,Airbus A320,MEX,SFO,PZ1
2026-06-05,3 days ago,UA6179,Embraer E175,IAH,TUL,PZ2
2026-05-09,4 hours ago,UA1355,Boeing 737-800,ORD,IAD,PZ1
2026-06-24,4 hours ago,UA3564,Embraer E175,EWR,MKE,PZ2
2026-07-12,4 hours ago,UA3598,Embraer E175,ORD,SDF,PZ1
2026-07-12,4 hours ago,UA4178,Bombardier CRJ550,ORD,SDF,PZ1
2026-10-07,4 hours ago,UA4608,Bombardier CRJ550,ORD,SDF,PZ2
2026-05-22,4 hours ago,UA3564,Embraer E175,EWR,MKE,PZ2
2026-06-07,2 hours ago,UA4449,Bombardier CRJ550,BHM,ORD,PZ2
2026-09-23,4 hours ago,UA5892,Bombardier CRJ550,ORD,SDF,PZ1
2026-05-31,4 hours ago,UA3564,Embraer E175,EWR,MKE,PZ2
2026-05-10,6 hours ago,UA5653,Embraer E175,SFO,BUR,PZ4
2026-10-12,4 hours ago,UA4608,Bombardier CRJ550,ORD,SDF,PZ1
2026-08-19,1 day ago,UA684,Boeing 737-800,LAX,SEA,PZ1
2026-06-24,3 days ago,UA6190,Embraer E175,DTW,IAD,PZ2
2026-08-05,2 days ago,UA6224,Embraer E175,JAX,IAH,PZ1
2026-05-24,4 hours ago,UA3697,Embraer E175,EWR,MKE,PZ6
2026-05-23,4 hours ago,UA2029,Boeing 737-900,MIA,EWR,PZ2
2026-05-23,10 hours ago,UA2866,Airbus A320,SFO,SBA,PZ2
2026-05-29,4 hours ago,UA3564,Embraer E175,EWR,MKE,PZ1
2026-11-01,4 hours ago,UA4608,Bombardier CRJ550,ORD,SDF,PZ1
2026-05-15,4 hours ago,UA3697,Embraer E175,EWR,MKE,PZ4
2026-10-06,4 hours ago,UA3605,Embraer E175,ORD,SDF,PZ1
2026-10-06,4 hours ago,UA3659,Embraer E175,ORD,SDF,PZ2
2026-10-06,4 hours ago,UA4608,Bombardier CRJ550,ORD,SDF,PZ1
2026-06-12,1 day ago,UA2628,Boeing 737 MAX 8,LAX,FAT,PZ3
2026-05-08,4 hours ago,UA3984,Embraer E175,TUL,IAH,PZ3
2026-11-22,4 hours ago,UA3536,Embraer E175,ORD,SDF,PZ1
2026-11-22,4 hours ago,UA3598,Embraer E175,ORD,SDF,PZ1
2026-08-08,2 days ago,UA3559,Embraer E175,JAX,EWR,PZ1
2026-08-05,2 days ago,UA5926,Embraer E175,ORD,RDU,PZ2
2026-09-14,4 hours ago,UA5892,Bombardier CRJ550,ORD,SDF,PZ1
2026-05-15,10 hours ago,UA5662,Embraer E175,BUR,SFO,PZ2
2026-08-11,2 days ago,UA3600,Embraer E175,ORD,RDU,PZ1
2026-07-07,3 days ago,UA632,Boeing 737 MAX 8,ATL,IAD,PZ3
2026-07-25,2 days ago,UA3559,Embraer E175,JAX,EWR,PZ1
2026-05-15,7 hours ago,UA5408,Embraer E175,LAX,SEA,PZ1
2026-07-15,2 days ago,UA2673,Boeing 737-900,JAX,EWR,PZ1
2026-07-11,3 days ago,UA641,Boeing 737-700,ATL,IAD,PZ2
2026-07-29,3 days ago,UA641,Boeing 737-700,ATL,IAD,PZ2
2026-07-14,2 days ago,UA758,Boeing 737 MAX 9,JAX,EWR,PZ2
2026-07-14,2 days ago,UA2673,Boeing 737-900,JAX,EWR,PZ2
2026-08-07,3 days ago,UA632,Boeing 737 MAX 8,ATL,IAD,PZ2
2026-05-18,1 day ago,UA1527,Boeing 737-800,SLC,LAX,PZ5
2026-07-22,2 days ago,UA2796,Boeing 737 MAX 9,JAX,EWR,PZ2
2026-06-08,3 days ago,UA3567,Embraer E175,IND,EWR,PZ3
2026-09-01,4 hours ago,UA3659,Embraer E175,ORD,SDF,PZ2
2026-08-08,3 days ago,UA641,Boeing 737-700,ATL,IAD,PZ2
2026-09-01,4 hours ago,UA3605,Embraer E175,ORD,SDF,PZ1
2026-09-01,4 hours ago,UA3598,Embraer E175,ORD,SDF,PZ2
2026-09-01,4 hours ago,UA3551,Embraer E175,ORD,SDF,PZ2
2026-09-01,4 hours ago,UA5892,Bombardier CRJ550,ORD,SDF,PZ1
2026-09-01,4 hours ago,UA4559,Bombardier CRJ550,ORD,SDF,PZ1
2026-08-07,4 hours ago,UA4178,Bombardier CRJ550,ORD,SDF,PZ1
2026-07-08,2 days ago,UA2673,Boeing 737-900,JAX,EWR,PZ2
2026-06-27,7 hours ago,UA539,Boeing 737-800,ORD,DFW,PZ1
2026-07-03,2 days ago,UA3403,Embraer E175,EWR,PIT,PZ1
2026-05-22,3 days ago,UA763,Boeing 737-800,YYZ,ORD,PZ9
2026-05-22,3 days ago,UA777,Boeing 737-700,YYZ,ORD,PZ2
2026-05-22,3 days ago,UA5934,Embraer E175,YYZ,ORD,PZ9
2026-05-09,3 days ago,UA4418,Bombardier CRJ550,IAD,YOW,PZ2
2026-05-09,1 day ago,UA3445,Embraer E175,IAD,YUL,PZ9
2026-05-08,3 days ago,UA152,Boeing 787-9 Dreamliner,HKG,SGN,PZ9
2026-05-08,3 days ago,UA1265,Airbus A319,DTW,IAD,PZ1
2026-05-14,2 days ago,UA375,Airbus A319,DEN,MSP,PZ2
2026-07-08,3 days ago,UA641,Boeing 737-700,ATL,IAD,PZ2
2026-07-06,3 days ago,UA641,Boeing 737-700,ATL,IAD,PZ1
2026-08-03,3 days ago,UA641,Boeing 737-700,ATL,IAD,PZ1
2026-05-19,2 days ago,UA4733,Embraer E175,BOI,SFO,PZ2
2026-06-03,1 day ago,UA6268,Embraer E175,TAM,IAH,PZ4
2026-06-30,1 day ago,UA4387,Bombardier CRJ550,ORD,CID,PZ1
2026-06-25,1 day ago,UA4394,Bombardier CRJ550,IAD,ROC,PZ1
2026-05-22,1 day ago,UA2646,Boeing 737 MAX 8,EWR,PHX,PZ2
2026-06-06,1 day ago,UA6268,Embraer E175,TAM,IAH,PZ5
2026-06-17,1 day ago,UA773,Boeing 737-900,DFW,DEN,PZ2
2026-05-09,1 day ago,UA6221,Embraer E175,ACA,IAH,PZ8
2026-05-19,1 day ago,UA6268,Embraer E175,TAM,IAH,PZ8
2026-05-10,1 day ago,UA6268,Embraer E175,TAM,IAH,PZ5
2026-05-17,9 hours ago,UA1316,Airbus A320,SFO,ONT,PZ3
2026-06-30,1 day ago,UA4476,Bombardier CRJ550,ROC,IAD,PZ1
2026-06-30,1 day ago,UA4521,Bombardier CRJ550,ROC,IAD,PZ1
2026-05-17,9 hours ago,UA1561,Boeing 737-900,SFO,ONT,PZ1
2026-08-08,4 hours ago,UA4178,Bombardier CRJ550,ORD,SDF,PZ1
2026-05-18,4 hours ago,UA1529,Boeing 737 MAX 8,EWR,STT,PZ1
2026-05-12,4 days ago,UA5399,Embraer E175,ORD,BNA,PZ1
2026-06-23,3 days ago,UA2160,Boeing 737-800,DFW,ORD,PZ2
2027-01-12,4 hours ago,UA3659,Embraer E175,ORD,SDF,PZ1
2026-06-04,1 day ago,UA1867,Boeing 737-800,CZM,IAH,PZ5
2026-05-09,1 day ago,UA3539,Embraer E175,IAD,YUL,PZ4
2026-07-27,3 days ago,UA641,Boeing 737-700,ATL,IAD,PZ1
2026-06-18,1 day ago,UA152,Boeing 787-9 Dreamliner,HKG,SGN,PZ9
2026-05-18,5 hours ago,UA5794,Embraer E175,MAF,DEN,PZ1
2026-05-12,2 days ago,UA1556,Boeing 737 MAX 9,EWR,SJU,PZ3
2026-09-30,4 hours ago,UA3605,Embraer E175,ORD,SDF,PZ1
2026-09-30,4 hours ago,UA3659,Embraer E175,ORD,SDF,PZ1
2026-07-18,4 hours ago,UA5412,Embraer E175,ORD,SDF,PZ1
2026-07-18,4 hours ago,UA4178,Bombardier CRJ550,ORD,SDF,PZ1
2026-07-18,4 hours ago,UA3659,Embraer E175,ORD,SDF,PZ1
2026-06-23,4 hours ago,UA3510,Embraer E175,MKE,EWR,PZ1
2026-05-28,4 hours ago,UA3609,Embraer E175,MKE,EWR,PZ2
2026-06-27,1 day ago,UA822,Airbus A319,MEX,SFO,PZ6
2026-05-20,1 day ago,UA4519,Bombardier CRJ550,CID,ORD,PZ1
2026-07-06,4 hours ago,UA4178,Bombardier CRJ550,ORD,SDF,PZ1
2026-05-11,8 hours ago,UA1842,Boeing 737-800,ORD,FSD,PZ6
2026-08-09,4 hours ago,UA3659,Embraer E175,ORD,SDF,PZ1
2026-08-09,4 hours ago,UA4178,Bombardier CRJ550,ORD,SDF,PZ1
2026-06-30,4 hours ago,UA3609,Embraer E175,MKE,EWR,PZ2
2026-05-07,1 day ago,UA5771,Embraer E175,CID,ORD,PZ1
2026-08-14,3 days ago,UA5073,Bombardier CRJ550,IAH,VCT,PZ8
2026-05-11,8 hours ago,UA4405,Bombardier CRJ550,ORD,FSD,PZ3
2026-09-01,1 day ago,UA3594,Embraer E175,SDF,EWR,PZ2
2026-09-02,1 day ago,UA3594,Embraer E175,SDF,EWR,PZ1
2026-09-09,1 day ago,UA3594,Embraer E175,SDF,EWR,PZ2
2026-09-08,1 day ago,UA3594,Embraer E175,SDF,EWR,PZ2
2026-08-29,1 day ago,UA3594,Embraer E175,SDF,EWR,PZ2
2026-07-29,4 hours ago,UA5412,Embraer E175,ORD,SDF,PZ1
2026-05-27,4 hours ago,UA817,Airbus A320,SFO,MEX,PZ6
2026-09-03,1 day ago,UA3594,Embraer E175,SDF,EWR,PZ1
2026-05-09,1 day ago,UA213,Boeing 737-700,IAD,BNA,PZ5
2026-06-24,4 hours ago,UA3470,Embraer E175,MKE,EWR,PZ2
2026-06-24,4 hours ago,UA3609,Embraer E175,MKE,EWR,PZ2
2026-08-04,1 day ago,UA3682,Embraer E175,SDF,EWR,PZ2
2026-09-09,4 hours ago,UA3659,Embraer E175,ORD,SDF,PZ2
2026-05-19,2 days ago,UA6029,Embraer E175,SFO,LAX,PZ1
2026-12-02,1 day ago,UA2830,Boeing 737 MAX 9,SAN,SFO,PZ1
2026-05-16,11 hours ago,UA2850,Boeing 737 MAX 9,SFO,LAX,PZ1
2026-05-18,2 days ago,UA1260,Boeing 737-900,SFO,LAX,PZ5
2026-09-13,4 hours ago,UA3551,Embraer E175,ORD,SDF,PZ1
2026-11-14,4 hours ago,UA4608,Bombardier CRJ550,ORD,SDF,PZ1
2026-06-17,3 days ago,UA6190,Embraer E175,DTW,IAD,PZ1
2026-05-13,1 day ago,UA2367,Boeing 737 MAX 9,DEN,SFO,PZ2
2026-05-23,4 hours ago,UA3697,Embraer E175,EWR,MKE,PZ4
2026-05-27,4 hours ago,UA3564,Embraer E175,EWR,MKE,PZ1
2026-08-12,4 hours ago,UA3659,Embraer E175,ORD,SDF,PZ1
2026-06-05,4 hours ago,UA3564,Embraer E175,EWR,MKE,PZ3
2026-09-02,2 days ago,UA1035,Boeing 737-900,SJC,DEN,PZ1
2026-07-21,4 hours ago,UA4178,Bombardier CRJ550,ORD,SDF,PZ1
2026-07-21,4 hours ago,UA3659,Embraer E175,ORD,SDF,PZ2
2026-07-21,4 hours ago,UA3598,Embraer E175,ORD,SDF,PZ1
2026-05-06,1 day ago,UA3466,Embraer E175,YYZ,IAD,PZ4
2026-07-21,4 hours ago,UA4519,Bombardier CRJ550,ORD,SDF,PZ1
2026-09-21,4 hours ago,UA5892,Bombardier CRJ550,ORD,SDF,PZ1
2026-07-18,3 days ago,UA6146,Embraer E175,IAH,JAX,PZ1
2026-05-20,4 hours ago,UA3697,Embraer E175,EWR,MKE,PZ3
2026-05-28,2 days ago,UA2219,Boeing 737 MAX 9,SJU,EWR,PZ4
2026-10-27,4 hours ago,UA3659,Embraer E175,ORD,SDF,PZ2
2026-08-26,1 day ago,UA951,Boeing 777-300ER,BRU,IAD,PZ9
2026-05-21,8 hours ago,UA951,Boeing 777-300ER,BRU,IAD,PZ9
2026-06-30,4 days ago,UA2175,Airbus A319,ORD,BNA,PZ2
2026-06-04,4 hours ago,UA3564,Embraer E175,EWR,MKE,PZ3
2026-08-14,2 days ago,UA6189,Embraer E175,JAX,IAD,PZ1
2026-07-04,4 hours ago,UA1059,Boeing 737-900,CUN,IAH,PZ1
2026-07-28,4 hours ago,UA5412,Embraer E175,ORD,SDF,PZ1
2026-07-28,4 hours ago,UA4559,Bombardier CRJ550,ORD,SDF,PZ1
2026-08-18,4 hours ago,UA3551,Embraer E175,ORD,SDF,PZ1
2026-08-04,2 days ago,UA758,Boeing 737 MAX 9,JAX,EWR,PZ2
2026-08-18,4 hours ago,UA4559,Bombardier CRJ550,ORD,SDF,PZ1
2026-08-14,4 hours ago,UA5892,Bombardier CRJ550,ORD,SDF,PZ1
2026-06-30,10 hours ago,UA114,Boeing 787-9 Dreamliner,PPT,SFO,PZ2
2026-05-24,11 hours ago,UA5590,Bombardier CRJ550,ORD,TVC,PZ2
2026-06-15,1 day ago,UA641,Boeing 737-700,ATL,IAD,PZ3
2026-09-26,4 hours ago,UA4608,Bombardier CRJ550,ORD,SDF,PZ1
2026-10-03,4 hours ago,UA3605,Embraer E175,ORD,SDF,PZ2
2026-10-03,4 hours ago,UA3598,Embraer E175,ORD,SDF,PZ2
2026-10-03,4 hours ago,UA3551,Embraer E175,ORD,SDF,PZ2
2026-07-10,3 days ago,UA632,Boeing 737 MAX 8,ATL,IAD,PZ2
2026-05-16,4 days ago,UA641,Airbus A319,ATL,IAD,PZ1
2026-05-11,2 days ago,UA4678,Embraer E175,BOI,SFO,PZ3
2026-07-05,4 hours ago,UA3598,Embraer E175,ORD,SDF,PZ1
2026-07-05,4 hours ago,UA3659,Embraer E175,ORD,SDF,PZ1
2026-07-05,4 hours ago,UA4178,Bombardier CRJ550,ORD,SDF,PZ1
2026-09-22,4 hours ago,UA3659,Embraer E175,ORD,SDF,PZ2
2026-05-19,4 days ago,UA1591,Boeing 737 MAX 9,IAH,ATL,PZ4
2026-06-23,3 days ago,UA1006,Boeing 737-800,LAX,LAS,PZ2
2026-08-11,4 hours ago,UA3659,Embraer E175,ORD,SDF,PZ2
2026-08-11,4 hours ago,UA3598,Embraer E175,ORD,SDF,PZ2
2026-08-11,4 hours ago,UA5892,Bombardier CRJ550,ORD,SDF,PZ2
2026-08-11,4 hours ago,UA4559,Bombardier CRJ550,ORD,SDF,PZ1
2026-08-08,4 hours ago,UA3659,Embraer E175,ORD,SDF,PZ2
2026-05-22,10 hours ago,UA6190,Embraer E175,DTW,IAD,PZ2
2026-06-10,1 day ago,UA6153,Embraer E175,AGU,IAH,PZ6
2026-05-19,1 day ago,UA6238,Embraer E175,AGU,IAH,PZ9
2026-07-14,3 days ago,UA641,Boeing 737-700,ATL,IAD,PZ2
2026-05-07,1 day ago,UA6153,Embraer E175,AGU,IAH,PZ8
2026-05-19,1 day ago,UA6154,Embraer E175,IAH,AGU,PZ9
2026-11-25,3 days ago,UA641,Airbus A319,ATL,IAD,PZ2
2026-05-10,1 day ago,UA2055,Airbus A319,ORD,BNA,PZ4
2026-06-07,1 day ago,UA6267,Embraer E175,IAH,TAM,PZ6
2026-06-04,8 hours ago,UA15,Boeing 767-300,LHR,EWR,PZ9
2026-08-17,4 hours ago,UA3605,Embraer E175,ORD,SDF,PZ1
2026-07-04,4 days ago,UA5509,Embraer E175,ORD,BNA,PZ1
2026-06-13,6 hours ago,UA5676,Embraer E175,SEA,SFO,PZ5
2026-05-06,1 day ago,UA837,Boeing 737-800,NRT,KHH,PZ9
2026-08-08,4 hours ago,UA5412,Embraer E175,ORD,SDF,PZ1
2026-06-11,4 hours ago,UA822,Airbus A319,MEX,SFO,PZ5
2026-06-11,4 hours ago,UA718,Airbus A320,MEX,SFO,PZ1
2026-11-26,4 hours ago,UA3536,Embraer E175,ORD,SDF,PZ1
2026-11-26,4 hours ago,UA4608,Bombardier CRJ550,ORD,SDF,PZ1
2026-09-12,4 hours ago,UA3551,Embraer E175,ORD,SDF,PZ2
2026-09-12,4 hours ago,UA5892,Bombardier CRJ550,ORD,SDF,PZ2
2026-06-26,1 day ago,UA3567,Embraer E175,IND,EWR,PZ1
2026-05-16,3 days ago,UA153,Boeing 787-9 Dreamliner,SGN,HKG,PZ9
2026-05-09,1 day ago,UA4479,Bombardier CRJ550,ORD,CID,PZ4
2026-05-09,1 day ago,UA5956,Embraer E175,ORD,CID,PZ4
2026-05-22,1 day ago,UA548,Boeing 737-900,SFO,MFR,PZ1
2026-08-26,4 hours ago,UA905,Boeing 777-200,LHR,EWR,PZ9
2026-08-19,4 hours ago,UA17,Boeing 767-300,LHR,EWR,PZ9
2026-08-19,4 hours ago,UA147,Boeing 767-300,LHR,EWR,PZ9
2026-08-19,4 hours ago,UA15,Boeing 767-300,LHR,EWR,PZ9
2026-06-23,4 hours ago,UA921,Boeing 767-300,LHR,EWR,PZ2
2026-05-20,1 day ago,UA5692,Embraer E175,CID,DEN,PZ1
2026-05-30,1 day ago,UA1426,Boeing 737-900,IAH,MID,PZ9
2026-08-13,4 hours ago,UA941,Boeing 767-300,LHR,EWR,PZ9
2026-06-02,4 hours ago,UA941,Boeing 767-300,LHR,EWR,PZ9
2026-05-27,4 hours ago,UA905,Boeing 777-200,LHR,EWR,PZ9
2026-05-27,4 hours ago,UA941,Boeing 767-300,LHR,EWR,PZ9
2026-05-27,4 hours ago,UA921,Boeing 767-300,LHR,EWR,PZ9
2026-05-14,1 day ago,UA5692,Embraer E175,CID,DEN,PZ5
2026-10-20,4 hours ago,UA3551,Embraer E175,ORD,SDF,PZ1
2026-07-04,4 hours ago,UA5412,Embraer E175,ORD,SDF,PZ2
2026-07-04,4 hours ago,UA4178,Bombardier CRJ550,ORD,SDF,PZ2
2026-07-04,4 hours ago,UA4519,Bombardier CRJ550,ORD,SDF,PZ2
2026-09-07,4 hours ago,UA3659,Embraer E175,ORD,SDF,PZ1
2026-09-07,4 hours ago,UA5892,Bombardier CRJ550,ORD,SDF,PZ1
2026-05-15,2 days ago,UA299,Boeing 737 MAX 9,ATL,EWR,PZ2
2026-05-27,2 days ago,UA4541,Bombardier CRJ550,HSV,ORD,PZ1
2026-06-02,2 days ago,UA3427,Embraer E175,IND,ORD,PZ2
2026-11-03,4 hours ago,UA3551,Embraer E175,ORD,SDF,PZ1
2026-05-31,1 day ago,UA678,Boeing 737-900,MFE,IAH,PZ3
2026-07-13,4 days ago,UA2828,Boeing 737-900,SAV,EWR,PZ2
2026-11-03,4 hours ago,UA3659,Embraer E175,ORD,SDF,PZ2
2026-10-05,4 days ago,UA2828,Boeing 737-900,SAV,EWR,PZ2
2026-07-22,4 hours ago,UA4178,Bombardier CRJ550,ORD,SDF,PZ2
2026-06-03,1 day ago,UA5692,Embraer E175,CID,DEN,PZ1
2026-07-01,3 days ago,UA1019,Boeing 737 MAX 9,CUN,IAH,PZ7
2026-05-27,2 days ago,UA3992,Embraer E175,ATL,IAH,PZ2
2026-07-01,3 days ago,UA1058,Boeing 737 MAX 9,CUN,IAH,PZ9
2026-05-29,2 days ago,UA2474,Airbus A319,ATL,IAH,PZ1
2026-06-30,3 days ago,UA1059,Boeing 737-900,CUN,IAH,PZ7
2026-08-30,4 hours ago,UA3659,Embraer E175,ORD,SDF,PZ1
2026-09-29,4 days ago,UA2828,Boeing 737-900,SAV,EWR,PZ3
2026-10-02,4 days ago,UA2828,Boeing 737-900,SAV,EWR,PZ1
2026-05-05,3 days ago,UA153,Boeing 787-9,SGN,HKG,PZ9
2026-05-05,3 days ago,UA4494,Bombardier CRJ550,STL,ORD,PZ1
2026-05-16,8 hours ago,UA5701,Embraer E175,FSD,DEN,PZ1
2026-05-05,2 days ago,UA2069,Boeing 737-800W,IAH,CVG,PZ4
2026-05-05,2 days ago,UA4078,Embraer E175,IAH,CVG,PZ1
2026-09-25,4 days ago,UA2828,Boeing 737-900,SAV,EWR,PZ1
2026-05-27,1 day ago,UA5692,Embraer E175,CID,DEN,PZ1
2026-08-02,4 hours ago,UA4178,Bombardier CRJ550,ORD,SDF,PZ1
2026-05-16,8 hours ago,UA5848,Embraer E175,FSD,DEN,PZ2
2026-07-29,4 days ago,UA2828,Boeing 737-900,SAV,EWR,PZ4
2026-05-20,2 days ago,UA6312,Embraer E175,IAH,CVG,PZ3
2026-10-17,4 hours ago,UA4608,Bombardier CRJ550,ORD,SDF,PZ2
2026-10-01,4 days ago,UA2828,Boeing 737-900,SAV,EWR,PZ1
2026-06-04,4 hours ago,UA3451,Embraer E175,IND,EWR,PZ2
2026-06-04,4 hours ago,UA3645,Embraer E175,IND,EWR,PZ1
2026-05-22,2 days ago,UA2442,Boeing 737-800,CVG,IAH,PZ7
2026-06-03,9 hours ago,UA2801,Boeing 737-900,TPA,ORD,PZ1
2026-05-19,2 days ago,UA2442,Boeing 737-800,CVG,IAH,PZ4
2026-11-11,4 hours ago,UA3536,Embraer E175,ORD,SDF,PZ1
2026-11-11,4 hours ago,UA3598,Embraer E175,ORD,SDF,PZ1
2026-07-26,4 hours ago,UA3659,Embraer E175,ORD,SDF,PZ1
2026-07-02,4 days ago,UA2828,Boeing 737-900,SAV,EWR,PZ1
2026-07-04,4 hours ago,UA1847,Boeing 737 MAX 9,DFW,EWR,PZ2
2026-05-23,1 day ago,UA5410,Embraer E175,LAX,RNO,PZ2
2026-06-01,5 hours ago,UA1456,Boeing 737 MAX 8,EWR,NAS,PZ1
2026-09-13,3 days ago,UA4567,Bombardier CRJ550,ORD,ABE,PZ1
2026-06-21,1 day ago,UA1077,Boeing 737-800,ORD,DCA,PZ2
2026-05-16,4 hours ago,UA4403,Bombardier CRJ550,DTW,EWR,PZ1
2026-05-20,2 days ago,UA1538,Boeing 737 MAX 9,MIA,IAD,PZ1
2026-05-19,1 day ago,UA476,Boeing 737-800,DEN,CID,PZ5
2026-06-01,4 hours ago,UA921,Boeing 767-300,LHR,EWR,PZ9
2026-05-20,8 hours ago,UA5701,Embraer E175,FSD,DEN,PZ4
2026-08-06,4 hours ago,UA4548,Bombardier CRJ550,ORD,SCE,PZ1
2026-07-30,4 hours ago,UA4548,Bombardier CRJ550,ORD,SCE,PZ1
2026-09-30,4 days ago,UA2828,Boeing 737-900,SAV,EWR,PZ3
2026-08-10,4 days ago,UA2828,Boeing 737-900,SAV,EWR,PZ2
2026-08-04,4 days ago,UA2828,Boeing 737-900,SAV,EWR,PZ4
2026-06-08,2 hours ago,UA4449,Bombardier CRJ550,BHM,ORD,PZ2
2026-09-02,13 hours ago,UA973,Boeing 787-10 Dreamliner,BRU,ORD,PZ9
2026-11-07,2 days ago,UA765,Boeing 737 MAX 8,JAX,EWR,PZ1
2026-05-17,9 hours ago,UA1949,Airbus A320,LAX,SMF,PZ1
2026-05-30,4 hours ago,UA285,Boeing 737-800,LGA,ORD,PZ2
2026-05-30,4 hours ago,UA623,Boeing 737-800,LGA,ORD,PZ2
2026-05-22,4 hours ago,UA5214,Embraer E175,DEN,MSN,PZ6
2026-05-30,2 days ago,UA2078,Boeing 737 MAX 9,SJC,IAH,PZ4
2026-09-11,4 days ago,UA299,Boeing 737 MAX 9,ATL,EWR,PZ2
2026-07-24,4 days ago,UA2291,Boeing 737-900,EWR,SAV,PZ1
2027-02-01,13 hours ago,UA973,Boeing 787-10 Dreamliner,BRU,ORD,PZ3
2026-09-19,3 days ago,UA1261,Boeing 737 MAX 9,EWR,BNA,PZ2
2026-05-19,4 hours ago,UA941,Boeing 767-300,LHR,EWR,PZ9
2026-05-06,1 day ago,UA2039,Boeing 737 Max 9,LAS,LAX,PZ1
2026-05-12,2 days ago,UA2361,Airbus A321neo,ORD,LAX,PZ4
2026-06-19,4 hours ago,UA3669,Embraer E175,EWR,IND,PZ1
2026-06-07,2 days ago,UA5244,Embraer E175,SHV,DEN,PZ1
2026-06-12,4 hours ago,UA4494,Bombardier CRJ550,ACK,EWR,PZ1
2026-06-06,19 hours ago,UA2409,Boeing 737 MAX 9,SFO,LAX,PZ4
2026-06-24,2 days ago,UA5244,Embraer E175,SHV,DEN,PZ2
2026-09-20,4 hours ago,UA5892,Bombardier CRJ550,ORD,SDF,PZ1
2026-09-20,4 hours ago,UA3659,Embraer E175,ORD,SDF,PZ1
2026-09-20,4 hours ago,UA3598,Embraer E175,ORD,SDF,PZ1
2026-11-11,4 days ago,UA5537,Embraer E175,LAX,SMF,PZ2
2026-07-08,4 hours ago,UA5412,Embraer E175,ORD,SDF,PZ2
2026-07-08,4 hours ago,UA4178,Bombardier CRJ550,ORD,SDF,PZ2
2026-05-19,1 day ago,UA4479,Bombardier CRJ550,ORD,CID,PZ4
2026-05-19,1 day ago,UA1923,Boeing 737-800,ORD,CID,PZ6
2026-07-14,4 days ago,UA356,Boeing 737-900,ORD,ATL,PZ1
2026-06-10,2 days ago,UA1635,Airbus A319,IAD,ATL,PZ2
2026-05-09,9 hours ago,UA274,Boeing 737-800,MRY,LAX,PZ7
2026-10-11,4 hours ago,UA4608,Bombardier CRJ550,ORD,SDF,PZ1
2026-10-11,4 hours ago,UA3551,Embraer E175,ORD,SDF,PZ1
2026-05-16,2 days ago,UA2402,Boeing 737-900,EWR,PBI,PZ5
2026-05-18,2 days ago,UA2650,Boeing 737 MAX 9,EWR,PBI,PZ3
2026-08-19,1 day ago,UA1006,Boeing 737-800,LAX,LAS,PZ1
2026-08-23,4 days ago,UA2784,Boeing 737-900,ORD,BNA,PZ2
2026-08-13,4 hours ago,UA5892,Bombardier CRJ550,ORD,SDF,PZ1
2026-07-03,1 day ago,UA3680,Embraer E175,BGR,EWR,PZ1
2026-05-07,1 day ago,UA5692,Embraer E175,CID,DEN,PZ2
2026-05-22,1 day ago,UA5692,Embraer E175,CID,DEN,PZ4
2026-06-21,3 days ago,UA3567,Embraer E175,IND,EWR,PZ1
2026-08-30,4 hours ago,UA3598,Embraer E175,ORD,SDF,PZ1
2026-08-30,4 hours ago,UA3551,Embraer E175,ORD,SDF,PZ1
2026-08-30,4 hours ago,UA5892,Bombardier CRJ550,ORD,SDF,PZ1
2026-05-13,3 days ago,UA2644,Boeing 737-800,LAX,MRY,PZ2
2026-07-11,4 hours ago,UA4178,Bombardier CRJ550,ORD,SDF,PZ2
2026-09-09,3 days ago,UA905,Boeing 777-200,LHR,EWR,PZ9
2026-05-07,1 day ago,UA1426,Boeing 737-900,IAH,MID,PZ9
2026-05-10,11 hours ago,UA6029,Embraer E175,SFO,LAX,PZ4
2026-06-09,3 days ago,UA3567,Embraer E175,IND,EWR,PZ1
2026-05-05,1 day ago,UA5692,Embraer E175,CID,DEN,PZ7
2026-05-17,2 days ago,UA5353,Bombardier CRJ550,ORD,GRR,PZ5
2026-05-17,2 days ago,UA3485,Embraer E175,ORD,GRR,PZ1
2026-10-14,4 days ago,UA2828,Boeing 737-900,SAV,EWR,PZ3
2026-05-29,3 days ago,UA153,Boeing 787-9 Dreamliner,SGN,HKG,PZ9
2027-03-27,4 hours ago,UA820,Boeing 787-9 Dreamliner,HKG,BKK,PZ9
2026-09-29,4 hours ago,UA3598,Embraer E175,ORD,SDF,PZ1
2026-09-29,4 hours ago,UA3551,Embraer E175,ORD,SDF,PZ1
2026-09-29,4 hours ago,UA3659,Embraer E175,ORD,SDF,PZ2
2026-07-20,13 hours ago,UA726,Boeing 737-700,SLC,IAD,PZ1
2026-07-28,4 days ago,UA2828,Boeing 737-900,SAV,EWR,PZ4
2026-09-03,22 hours ago,UA2322,Boeing 737-900,SFO,MFR,PZ1
2026-08-05,3 days ago,UA3517,Embraer E175,EWR,CLT,PZ1
2026-05-28,1 day ago,UA5376,Embraer E175,MSP,SFO,PZ2
2026-05-23,4 days ago,UA5885,Embraer E175,MSP,ORD,PZ2
2026-08-19,4 hours ago,UA3659,Embraer E175,ORD,SDF,PZ1
2026-08-19,4 hours ago,UA3598,Embraer E175,ORD,SDF,PZ1
2026-08-01,4 days ago,UA837,Boeing 737-800,NRT,KHH,PZ1
2026-10-06,4 days ago,UA2828,Boeing 737-900,SAV,EWR,PZ2
2026-08-19,4 hours ago,UA5892,Bombardier CRJ550,ORD,SDF,PZ2
2026-06-07,3 days ago,UA153,Boeing 787-9 Dreamliner,SGN,HKG,PZ9
2026-09-01,4 days ago,UA2828,Airbus A319,SAV,EWR,PZ1
2026-10-20,4 days ago,UA2828,Boeing 737-900,SAV,EWR,PZ2
2026-11-03,3 days ago,UA641,Airbus A319,ATL,IAD,PZ2
2026-06-16,3 days ago,UA153,Boeing 787-9 Dreamliner,SGN,HKG,PZ9
2026-06-07,4 hours ago,UA3443,Embraer E175,EWR,IND,PZ2
2026-11-02,3 days ago,UA641,Airbus A319,ATL,IAD,PZ1
2026-05-19,4 hours ago,UA3586,Embraer E175,EWR,DTW,PZ1
2026-05-18,4 hours ago,UA3586,Embraer E175,EWR,DTW,PZ1
2026-05-18,4 hours ago,UA3437,Embraer E175,EWR,DTW,PZ1
2026-05-20,1 day ago,UA2324,Boeing 737-800,DEN,CID,PZ1
2026-05-20,1 day ago,UA5677,Embraer E175,DEN,CID,PZ2
2026-07-27,4 hours ago,UA5501,Embraer E175,LIT,ORD,PZ1
2026-07-24,4 hours ago,UA5501,Embraer E175,LIT,ORD,PZ1
2026-07-21,4 hours ago,UA5501,Embraer E175,LIT,ORD,PZ2
2026-07-23,4 hours ago,UA5382,Embraer E175,LIT,ORD,PZ1
2026-07-23,4 hours ago,UA5429,Embraer E175,LIT,DEN,PZ1
2026-07-22,4 hours ago,UA5501,Embraer E175,LIT,ORD,PZ2
2026-07-22,4 hours ago,UA5382,Embraer E175,LIT,ORD,PZ2
2026-07-02,2 days ago,UA837,Boeing 737-800,NRT,KHH,PZ5
2026-06-07,1 day ago,UA3586,Embraer E175,EWR,DTW,PZ2
2026-07-22,4 hours ago,UA5429,Embraer E175,LIT,DEN,PZ2
2026-07-04,4 days ago,UA2242,Boeing 737-900,IAH,SLC,PZ2
2026-06-06,3 days ago,UA2801,Boeing 737-900,TPA,ORD,PZ3
2026-07-03,6 hours ago,UA2247,Boeing 737-900,ORD,YYZ,PZ9
2026-05-12,2 days ago,UA2318,Boeing 737-900,SMF,LAX,PZ9
2026-05-24,4 hours ago,UA1894,Boeing 737 MAX 9,DEN,MSN,PZ5
2027-03-11,13 hours ago,UA973,Boeing 787-10 Dreamliner,BRU,ORD,PZ6
2026-05-14,4 hours ago,UA2368,Boeing 737-800,DEN,MSN,PZ3
2027-02-25,13 hours ago,UA973,Boeing 787-10 Dreamliner,BRU,ORD,PZ7
2027-02-03,13 hours ago,UA973,Boeing 787-10 Dreamliner,BRU,ORD,PZ6
2027-01-15,13 hours ago,UA973,Boeing 787-10 Dreamliner,BRU,ORD,PZ7
2026-05-10,4 hours ago,UA4748,Embraer E175,DEN,MSN,PZ2
2026-05-23,1 day ago,UA2436,Boeing 737-800,SFO,DEN,PZ3
2026-12-24,13 hours ago,UA973,Boeing 787-10 Dreamliner,BRU,ORD,PZ7
2026-05-16,1 day ago,UA17,Boeing 767-300,LHR,EWR,PZ9
2026-08-28,13 hours ago,UA973,Boeing 787-10 Dreamliner,BRU,ORD,PZ9
2027-01-19,13 hours ago,UA973,Boeing 787-10 Dreamliner,BRU,ORD,PZ4
2026-05-23,1 day ago,UA1787,Boeing 737-800,PDX,DEN,PZ7
2026-06-16,4 hours ago,UA17,Boeing 767-300,LHR,EWR,PZ9
2026-05-12,4 hours ago,UA1894,Boeing 737-900,DEN,MSN,PZ7
2027-03-02,13 hours ago,UA973,Boeing 787-10 Dreamliner,BRU,ORD,PZ7
2026-06-02,2 days ago,UA5244,Embraer E175,SHV,DEN,PZ2
2026-05-27,2 days ago,UA5244,Embraer E175,SHV,DEN,PZ2
2026-06-20,2 days ago,UA5244,Embraer E175,SHV,DEN,PZ2
2026-05-13,4 days ago,UA5230,Embraer E175,LAX,MCI,PZ4
2026-06-21,2 days ago,UA5244,Embraer E175,SHV,DEN,PZ1
2026-06-09,2 days ago,UA5244,Embraer E175,SHV,DEN,PZ2
2026-07-01,2 days ago,UA5260,Embraer E175,SHV,DEN,PZ1
2026-06-14,2 days ago,UA5561,Embraer E175,SHV,DEN,PZ1
2026-07-01,2 days ago,UA5561,Embraer E175,SHV,DEN,PZ2
2026-06-05,2 days ago,UA5244,Embraer E175,SHV,DEN,PZ2
2026-07-29,4 hours ago,UA4548,Bombardier CRJ550,ORD,SCE,PZ1
2026-08-26,3 days ago,UA4452,Bombardier CRJ550,GRR,ORD,PZ2
2026-08-26,3 days ago,UA4577,Bombardier CRJ550,GRR,ORD,PZ1
2026-06-15,2 days ago,UA5244,Embraer E175,SHV,DEN,PZ1
2027-03-09,6 hours ago,UA972,Boeing 787-10 Dreamliner,ORD,BRU,PZ1
2026-06-30,2 days ago,UA5260,Embraer E175,SHV,DEN,PZ2
2026-05-30,2 days ago,UA1231,Airbus A321neo,ORD,IAH,PZ4
2026-05-15,19 hours ago,UA2074,Boeing 737-800,IAH,DFW,PZ3
2026-06-13,2 days ago,UA5244,Embraer E175,SHV,DEN,PZ1
2026-07-16,4 hours ago,UA4548,Bombardier CRJ550,ORD,SCE,PZ1
2026-08-01,4 days ago,UA2291,Boeing 737 MAX 9,EWR,SAV,PZ2
2026-05-09,7 hours ago,UA1730,Boeing 737-900,SEA,LAX,PZ5
2026-05-27,10 hours ago,UA6173,Embraer E175,IAH,MSY,PZ1
2026-06-28,4 hours ago,UA4420,Bombardier CRJ550,ORD,SCE,PZ1
2026-07-07,4 hours ago,UA4420,Bombardier CRJ550,ORD,SCE,PZ2
2026-07-06,4 hours ago,UA4548,Bombardier CRJ550,ORD,SCE,PZ1
2026-06-25,4 hours ago,UA4548,Bombardier CRJ550,ORD,SCE,PZ1
2026-08-11,1 day ago,UA3609,Embraer E175,EWR,SDF,PZ2
2026-07-20,4 days ago,UA2291,Boeing 737-900,EWR,SAV,PZ1
2026-08-11,1 day ago,UA3415,Embraer E175,EWR,SDF,PZ1
2026-08-05,1 day ago,UA3512,Embraer E175,EWR,SDF,PZ2
2026-08-08,1 day ago,UA3512,Embraer E175,EWR,SDF,PZ2
2026-08-08,1 day ago,UA3415,Embraer E175,EWR,SDF,PZ2
2026-07-23,4 days ago,UA2291,Boeing 737-900,EWR,SAV,PZ2
2026-07-14,4 days ago,UA2291,Boeing 737-900,EWR,SAV,PZ3
2026-05-10,22 hours ago,UA5657,Embraer E175,SEA,LAX,PZ3
2026-08-20,13 hours ago,UA973,Boeing 787-10 Dreamliner,BRU,ORD,PZ9
2026-06-23,2 days ago,UA5879,Embraer E175,DEN,SHV,PZ2
2026-06-05,2 days ago,UA5879,Embraer E175,DEN,SHV,PZ2
2026-05-12,7 hours ago,UA2064,Boeing 737-800,LAX,FAT,PZ6
2026-07-22,3 days ago,UA641,Boeing 737-700,ATL,IAD,PZ2
2026-07-07,4 hours ago,UA4559,Bombardier CRJ550,ORD,SDF,PZ2
2026-06-16,2 days ago,UA3611,Embraer E175,DTW,EWR,PZ1
2026-05-09,6 hours ago,UA2300,Airbus A319,ORD,BNA,PZ2
2026-08-25,4 hours ago,UA3605,Embraer E175,ORD,SDF,PZ1
2026-08-25,4 hours ago,UA3598,Embraer E175,ORD,SDF,PZ2
2026-08-25,4 hours ago,UA3551,Embraer E175,ORD,SDF,PZ1
2026-08-25,4 hours ago,UA5892,Bombardier CRJ550,ORD,SDF,PZ1
2026-06-17,3 days ago,UA3567,Embraer E175,IND,EWR,PZ2
2026-05-19,5 hours ago,UA5461,Embraer E175,PHX,SFO,PZ5
2026-05-07,4 hours ago,UA854,Boeing 767-300,IAH,LIM,PZ9
2026-10-22,3 days ago,UA2739,Boeing 737 MAX 9,IAD,ATL,PZ2
2026-05-13,4 days ago,UA2142,Airbus A320,ORD,BNA,PZ2
2026-05-23,8 hours ago,UA5381,Embraer E175,DTW,ORD,PZ2
2026-05-23,8 hours ago,UA5264,Embraer E175,DTW,ORD,PZ3
2026-05-22,10 hours ago,UA4673,Embraer E175,DTW,ORD,PZ1
2026-05-23,8 hours ago,UA5550,Embraer E175,DTW,ORD,PZ2
2026-08-04,1 day ago,UA3656,Embraer E175,LGA,IAD,PZ1
2026-08-18,3 days ago,UA2739,Boeing 737 MAX 8,IAD,ATL,PZ3
2026-08-16,4 hours ago,UA5892,Bombardier CRJ550,ORD,SDF,PZ1
2026-09-19,4 hours ago,UA3551,Embraer E175,ORD,SDF,PZ2
2026-08-04,4 hours ago,UA4178,Bombardier CRJ550,ORD,SDF,PZ1
2026-05-09,1 day ago,UA2175,Boeing 737 MAX 9,EWR,LAS,PZ4
2026-06-08,1 day ago,UA3683,Embraer E175,EWR,IND,PZ3
2026-09-02,4 hours ago,UA3659,Embraer E175,ORD,SDF,PZ1
2026-05-08,4 hours ago,UA424,Airbus A320,AUS,LAX,PZ2
2026-05-06,1 day ago,UA514,Boeing 737-800W,CID,DEN,PZ1
2026-09-02,4 hours ago,UA3605,Embraer E175,ORD,SDF,PZ1
2026-08-15,4 hours ago,UA3598,Embraer E175,ORD,SDF,PZ2
2026-08-15,4 hours ago,UA3551,Embraer E175,ORD,SDF,PZ2
2026-06-21,3 days ago,UA153,Boeing 787-9 Dreamliner,SGN,HKG,PZ9
2026-08-24,4 hours ago,UA5892,Bombardier CRJ550,ORD,SDF,PZ1
2026-07-11,4 hours ago,UA5412,Embraer E175,ORD,SDF,PZ1
2026-06-01,1 day ago,UA5927,Bombardier CRJ550,DEN,RAP,PZ3
2026-05-09,5 hours ago,UA1428,Airbus A319,EWR,BNA,PZ6
2026-06-07,1 day ago,UA1496,Boeing 737 MAX 8,LAX,RNO,PZ2
2026-06-15,2 days ago,UA1635,Boeing 737 MAX 8,IAD,ATL,PZ1
2026-10-10,3 days ago,UA2739,Boeing 737 MAX 9,IAD,ATL,PZ3
2026-09-11,4 hours ago,UA3605,Embraer E175,ORD,SDF,PZ1
2026-05-22,4 days ago,UA307,Boeing 737 MAX 8,MSP,ORD,PZ2
2026-05-09,2 days ago,UA2295,Boeing 737 MAX 8,EWR,MIA,PZ2
2026-07-17,4 days ago,UA2828,Boeing 737-900,SAV,EWR,PZ2
2026-08-31,4 hours ago,UA5892,Bombardier CRJ550,ORD,SDF,PZ1
2026-06-08,1 day ago,UA5744,Embraer E175,LAX,SLC,PZ1
2026-12-31,4 hours ago,UA4608,Bombardier CRJ550,ORD,SDF,PZ1
2026-07-23,4 days ago,UA2828,Boeing 737-900,SAV,EWR,PZ2
2026-05-09,2 days ago,UA2442,Boeing 737-800,CVG,IAH,PZ3
2026-07-20,4 days ago,UA2828,Boeing 737-900,SAV,EWR,PZ1
2027-02-03,4 hours ago,UA109,Boeing 787-8 Dreamliner,MUC,IAD,PZ2
2027-03-10,1 day ago,UA951,Boeing 777-300ER,BRU,IAD,PZ9
2026-10-14,4 days ago,UA988,Boeing 777-300ER,FRA,IAD,PZ3
2026-06-28,1 day ago,UA2324,Boeing 737-900,DEN,CID,PZ1
2026-05-05,4 hours ago,UA853,Boeing 777-200ER,SFO,TPE,PZ1
2026-09-26,4 hours ago,UA1985,Boeing 737 MAX 9,EWR,BDA,PZ8
2026-07-08,7 hours ago,UA3506,Embraer E175,EWR,YOW,PZ2
2026-05-22,1 day ago,UA2324,Boeing 737-900,DEN,CID,PZ8
2026-06-04,1 day ago,UA2324,Boeing 737-900,DEN,CID,PZ5
2026-06-30,4 days ago,UA2828,Boeing 737-900,SAV,EWR,PZ2
2026-07-12,4 days ago,UA1508,Airbus A320,SFO,EUG,PZ1
2026-05-13,8 hours ago,UA5701,Embraer E175,FSD,DEN,PZ2
2027-03-31,4 hours ago,UA109,Boeing 787-8 Dreamliner,MUC,IAD,PZ3
2026-07-07,2 days ago,UA1525,Airbus A319,RDU,EWR,PZ2
2026-07-07,2 days ago,UA1789,Boeing 737 MAX 8,RDU,IAD,PZ1
2026-09-23,2 days ago,UA2345,Boeing 737-900,EWR,ATL,PZ3
2027-01-20,4 hours ago,UA109,Boeing 787-8 Dreamliner,MUC,IAD,PZ1
2026-06-02,1 day ago,UA3437,Embraer E175,EWR,DTW,PZ1
2026-09-19,2 days ago,UA1848,Boeing 737 MAX 9,EWR,ATL,PZ3
2026-09-15,2 days ago,UA1848,Boeing 737 MAX 9,EWR,ATL,PZ3
2026-09-16,2 days ago,UA2345,Boeing 737-900,EWR,ATL,PZ3
2026-06-08,4 hours ago,UA658,Boeing 737-700,MSP,ORD,PZ2
2026-06-08,4 hours ago,UA5885,Embraer E175,MSP,ORD,PZ3
2026-05-08,4 hours ago,UA5223,Embraer E175,MCI,LAX,PZ3
2026-06-06,3 hours ago,UA1995,Boeing 737-900,SFO,LAS,PZ1
2026-05-13,4 days ago,UA1963,Boeing 737-800,CLT,DEN,PZ3
2026-11-22,8 hours ago,UA5457,Embraer E175,SLC,SFO,PZ1
2026-05-22,23 hours ago,UA2291,Boeing 737-900,EWR,SAV,PZ1
2026-07-03,4 days ago,UA2291,Boeing 737-900,EWR,SAV,PZ1
2026-07-22,3 days ago,UA2245,Boeing 737-900,IAH,MCO,PZ1
2026-08-01,1 day ago,UA1603,Boeing 737 MAX 8,SFO,ATL,PZ2
2026-06-01,2 days ago,UA5244,Embraer E175,SHV,DEN,PZ3
2026-06-23,2 days ago,UA5244,Embraer E175,SHV,DEN,PZ2
2026-06-11,2 days ago,UA3529,Embraer E175,EWR,BUF,PZ3
2026-12-10,13 hours ago,UA973,Boeing 787-10 Dreamliner,BRU,ORD,PZ3
2026-05-25,2 days ago,UA5244,Embraer E175,SHV,DEN,PZ1
2026-08-11,2 days ago,UA617,Airbus A321neo,SFO,DEN,PZ1
2026-10-03,20 hours ago,UA2001,Boeing 737-800,SFO,BUR,PZ2
2026-08-08,2 days ago,UA2019,Boeing 737-900,SFO,DEN,PZ2
2026-08-14,1 day ago,UA3625,Embraer E175,GRR,EWR,PZ1
2026-07-26,4 hours ago,UA4420,Bombardier CRJ550,ORD,SCE,PZ1
2026-08-10,4 hours ago,UA966,Boeing 767-300,EWR,NAP,PZ9
2026-06-13,1 day ago,UA2367,Boeing 737 MAX 8,DEN,SFO,PZ4
2026-07-11,4 hours ago,UA3522,Embraer E175,PIT,EWR,PZ2
2026-08-22,1 day ago,UA1603,Boeing 737 MAX 8,SFO,ATL,PZ1
2026-05-06,9 hours ago,UA102,Boeing 777-222ER,IAH,MUC,PZ5
2026-06-17,10 hours ago,UA3408,Embraer E175,EWR,BGR,PZ2
2026-05-21,4 hours ago,UA4494,Bombardier CRJ550,ACK,EWR,PZ5
2026-05-09,4 hours ago,UA577,Boeing 737-900,EWR,BOS,PZ3
2026-05-09,4 hours ago,UA3574,Embraer E175,EWR,BOS,PZ2
2026-05-12,2 days ago,UA566,Boeing 737-900,SMF,DEN,PZ5
2026-08-07,1 day ago,UA3718,Embraer E175,GRR,EWR,PZ1
2026-06-03,4 days ago,UA5311,Embraer E175,DEN,TUL,PZ2
2026-08-15,4 hours ago,UA3540,Embraer E175,IAD,PIT,PZ1
2026-08-15,4 hours ago,UA6119,Embraer E175,IAD,PIT,PZ1
2026-05-30,4 hours ago,UA2179,Boeing 737 MAX 9,SFO,LAX,PZ5
2026-05-30,4 hours ago,UA2409,Boeing 737 MAX 9,SFO,LAX,PZ2
2026-06-30,2 days ago,UA5879,Embraer E175,DEN,SHV,PZ1
2026-06-26,2 days ago,UA5253,Embraer E175,DEN,SHV,PZ1
2026-06-17,2 days ago,UA5253,Embraer E175,DEN,SHV,PZ2
2026-06-27,2 days ago,UA5253,Embraer E175,DEN,SHV,PZ1
2026-06-12,2 days ago,UA5879,Embraer E175,DEN,SHV,PZ3
2026-08-09,6 hours ago,UA3718,Embraer E175,GRR,EWR,PZ1
2026-08-24,3 days ago,UA4452,Bombardier CRJ550,GRR,ORD,PZ1
2026-07-22,1 day ago,UA3718,Embraer E175,GRR,EWR,PZ2
2026-07-28,4 hours ago,UA934,Boeing 767-300,EWR,LHR,PZ9
2026-05-05,3 days ago,UA496,Boeing 737-900,IAH,MCO,PZ6
2026-08-04,4 days ago,UA2291,Boeing 737-900,EWR,SAV,PZ4
2027-03-09,1 day ago,UA959,Boeing 767-300,LHR,ORD,PZ4
2026-05-09,1 day ago,UA4189,Bombardier CRJ550,CID,ORD,PZ3
2026-05-28,1 day ago,UA5329,Embraer E175,LAX,FAT,PZ1
2026-06-05,1 day ago,UA5329,Embraer E175,LAX,FAT,PZ2
2026-06-05,1 day ago,UA5299,Embraer E175,LAX,FAT,PZ2
2026-07-04,1 day ago,UA3557,Embraer E175,GRR,EWR,PZ2
2026-06-08,3 days ago,UA2682,Airbus A320,DFW,IAH,PZ3
2026-07-11,9 hours ago,UA2455,Boeing 737 MAX 9,RSW,EWR,PZ2
2026-05-10,5 hours ago,UA3586,Embraer E175,EWR,DTW,PZ4
2026-05-08,4 hours ago,UA767,Airbus A319,MCI,ORD,PZ4
2026-05-25,2 days ago,UA5934,Embraer E175,YYZ,ORD,PZ7
2026-05-25,2 days ago,UA6019,Embraer E175,YYZ,ORD,PZ3
2026-05-12,8 hours ago,UA5848,Embraer E175,FSD,DEN,PZ5
2026-06-24,1 day ago,UA2670,Boeing 737 MAX 9,DFW,IAH,PZ3
2026-08-25,6 hours ago,UA22,Boeing 777-200,DUB,EWR,PZ9
2026-05-29,2 days ago,UA5561,Embraer E175,SHV,DEN,PZ3
2026-07-04,3 days ago,UA1016,Boeing 737 MAX 9,IAH,CUN,PZ1
2026-07-04,3 days ago,UA1167,Boeing 737 MAX 9,IAH,CUN,PZ8
2026-07-09,2 days ago,UA1730,Boeing 737 MAX 9,SEA,LAX,PZ2
2026-06-23,2 days ago,UA1351,Boeing 737-900,IAH,SEA,PZ1
2026-05-08,4 hours ago,UA5454,Embraer E175,DEN,ICT,PZ2
2026-06-07,21 hours ago,UA1336,Boeing 737 MAX 8,ORD,AUS,PZ4
2026-09-10,4 hours ago,UA973,Boeing 787-10 Dreamliner,BRU,ORD,PZ9
2026-05-23,16 hours ago,UA332,Boeing 737 MAX 9,EWR,IAH,PZ1
2026-05-12,4 hours ago,UA2669,Boeing 737 MAX 9,IAD,EWR,PZ1
2026-06-04,2 days ago,UA5879,Embraer E175,DEN,SHV,PZ3
2026-09-10,1 day ago,UA4724,Embraer E175,EUG,SFO,PZ1
2026-05-13,3 days ago,UA1277,Boeing 737 MAX 9,IAD,MCO,PZ3
2026-08-25,6 hours ago,UA1408,Boeing 737-800,IAH,BZE,PZ5
2026-05-08,4 hours ago,UA4588,Bombardier CRJ550,ICT,ORD,PZ2
2026-08-19,7 hours ago,UA1569,Boeing 737-800,IAH,BZE,PZ4
2026-08-24,7 hours ago,UA1408,Boeing 737-800,IAH,BZE,PZ2
2026-08-11,6 hours ago,UA1408,Boeing 737-800,IAH,BZE,PZ5
2026-08-17,6 hours ago,UA1569,Boeing 737-800,IAH,BZE,PZ5
2026-05-18,4 hours ago,UA1997,Boeing 737-900,IAD,EWR,PZ2
2026-06-14,8 hours ago,UA5701,Embraer E175,FSD,DEN,PZ2
2026-05-26,4 hours ago,UA1831,Boeing 737-900,IAD,EWR,PZ2
2026-06-11,4 hours ago,UA1539,Boeing 737 MAX 8,NAS,EWR,PZ7
2026-06-12,2 days ago,UA5296,Embraer E175,ABQ,SFO,PZ1
2026-08-01,1 day ago,UA425,Boeing 737-800,ORD,ATL,PZ2
2027-03-29,1 day ago,UA951,Boeing 777-300ER,BRU,IAD,PZ2
2026-05-11,2 days ago,UA375,Airbus A319,DEN,MSP,PZ1
2026-08-01,4 days ago,UA2194,Boeing 737-900,MSY,SFO,PZ2
2026-08-03,2 days ago,UA4676,Embraer E175,DFW,ORD,PZ1
2026-05-22,8 hours ago,UA5975,Embraer E175,DEN,FSD,PZ3
2026-08-31,3 days ago,UA921,Boeing 767-300,LHR,EWR,PZ9
2027-04-01,4 hours ago,UA905,Boeing 787-9 Dreamliner,LHR,EWR,PZ1
2027-04-01,4 hours ago,UA123,Boeing 787-9 Dreamliner,LHR,EWR,PZ1
2027-04-01,4 hours ago,UA17,Boeing 767-300,LHR,EWR,PZ1
2027-02-16,3 days ago,UA950,Boeing 777-300ER,IAD,BRU,PZ2
2026-06-11,8 hours ago,UA5975,Embraer E175,DEN,FSD,PZ3
2026-05-24,2 days ago,UA4463,Bombardier CRJ550,ORD,ABE,PZ1
2027-04-01,4 hours ago,UA941,Boeing 767-300,LHR,EWR,PZ6
2026-05-08,2 days ago,UA1949,Boeing 737-700,IAH,DFW,PZ2
2027-03-31,4 hours ago,UA905,Boeing 787-9 Dreamliner,LHR,EWR,PZ4
2027-03-31,4 hours ago,UA17,Boeing 767-300,LHR,EWR,PZ2
2026-05-10,8 hours ago,UA5700,Embraer E175,DEN,FSD,PZ5
2027-02-09,4 hours ago,UA109,Boeing 787-8 Dreamliner,MUC,IAD,PZ2
2026-05-15,4 hours ago,UA681,Boeing 737 MAX 8,NAS,EWR,PZ9
2026-06-22,8 hours ago,UA5975,Embraer E175,DEN,FSD,PZ1
2026-05-23,1 day ago,UA3519,Embraer E175,EWR,IND,PZ1
2026-08-22,2 days ago,UA660,Boeing 737-700,PHL,ORD,PZ1
2026-06-26,8 hours ago,UA5700,Embraer E175,DEN,FSD,PZ1
2026-05-15,4 hours ago,UA71,Boeing 767-400ER,AMS,EWR,PZ9
2026-06-19,4 hours ago,UA657,Airbus A319,MSP,EWR,PZ1
2026-05-25,8 hours ago,UA5975,Embraer E175,DEN,FSD,PZ1
2026-05-25,8 hours ago,UA5700,Embraer E175,DEN,FSD,PZ2
2026-05-23,19 hours ago,UA454,Boeing 737-900,EWR,DFW,PZ1
2026-05-12,4 hours ago,UA1213,Boeing 737 MAX 9,EWR,MCO,PZ4
2026-08-11,2 days ago,UA301,Boeing 737 MAX 8,SFO,DEN,PZ1
2026-05-21,3 days ago,UA4711,Bombardier CRJ550,ORD,MKE,PZ1
2026-08-11,2 days ago,UA1733,Boeing 737-900,JAX,ORD,PZ2
2026-06-20,2 days ago,UA1815,Boeing 737 MAX 9,SFO,BNA,PZ1
2026-07-14,4 days ago,UA1955,Airbus A319,ATL,ORD,PZ2
2026-05-30,4 hours ago,UA1900,Boeing 737-900,EWR,MCO,PZ1
2026-07-14,4 days ago,UA745,Airbus A319,ATL,ORD,PZ2
2026-06-23,1 day ago,UA1923,Boeing 737-900,ORD,CID,PZ4
2026-05-20,2 days ago,UA4015,Embraer E175,COS,IAH,PZ1
2026-05-15,1 day ago,UA3656,Embraer E175,IAD,CLT,PZ6
2026-06-13,1 day ago,UA4506,Bombardier CRJ550,STL,IAD,PZ2
2026-05-30,2 days ago,UA5244,Embraer E175,SHV,DEN,PZ2
2026-05-23,5 hours ago,UA3486,Embraer E175,EWR,GRR,PZ4
2026-08-02,4 days ago,UA2291,Boeing 737-900,EWR,SAV,PZ2
2026-07-01,4 hours ago,UA4420,Bombardier CRJ550,ORD,SCE,PZ1
2026-07-15,4 days ago,UA2291,Boeing 737-900,EWR,SAV,PZ4
2026-06-22,4 hours ago,UA4792,Bombardier CRJ550,ORD,SCE,PZ1
2026-08-27,13 hours ago,UA973,Boeing 787-10 Dreamliner,BRU,ORD,PZ9
2026-07-01,2 days ago,UA3452,Embraer E175,EWR,YOW,PZ1
2026-07-01,2 days ago,UA3506,Embraer E175,EWR,YOW,PZ1
2026-07-01,2 days ago,UA4398,Bombardier CRJ550,EWR,YOW,PZ2
2026-11-04,13 hours ago,UA973,Boeing 787-10 Dreamliner,BRU,ORD,PZ3
2026-08-28,1 day ago,UA3625,Embraer E175,GRR,EWR,PZ1
2026-06-02,4 days ago,UA493,Boeing 737-800,CMH,ORD,PZ3
2026-05-19,4 hours ago,UA1979,Boeing 737 MAX 8,EWR,TPA,PZ1
2026-07-04,5 hours ago,UA574,Boeing 737 MAX 9,ORD,LAS,PZ1
2026-08-12,1 day ago,UA3625,Embraer E175,GRR,EWR,PZ2
2026-12-09,4 hours ago,UA941,Boeing 767-300,LHR,EWR,PZ2
2026-06-20,2 days ago,UA5253,Embraer E175,DEN,SHV,PZ1
2027-03-03,13 hours ago,UA973,Boeing 787-10 Dreamliner,BRU,ORD,PZ7
2026-05-23,2 days ago,UA5253,Embraer E175,DEN,SHV,PZ2
2026-05-23,2 days ago,UA5879,Embraer E175,DEN,SHV,PZ2
2026-06-01,4 hours ago,UA2127,Boeing 737-800,SFO,LAX,PZ2
2026-10-01,1 day ago,UA3625,Embraer E175,GRR,EWR,PZ1
2026-05-19,3 days ago,UA5467,Embraer E175,SEA,LAX,PZ2
2026-06-15,9 hours ago,UA3625,Embraer E175,GRR,EWR,PZ2
2026-09-30,10 hours ago,UA1044,Boeing 737-900,IAH,ORD,PZ2
2026-05-08,4 hours ago,UA99,Boeing 787-9 Dreamliner,MEL,LAX,PZ9
2026-07-13,4 hours ago,UA3403,Embraer E175,EWR,PIT,PZ1
2026-08-22,1 day ago,UA941,Boeing 767-300,LHR,EWR,PZ9
2026-05-11,11 hours ago,UA2102,Boeing 737 MAX 9,LAS,ORD,PZ1
2026-05-09,1 day ago,UA1427,Boeing 737-900,SFO,LAX,PZ1
2026-06-02,1 day ago,UA1586,Airbus A319,DFW,IAH,PZ1
2026-10-10,3 days ago,UA1044,Boeing 737-900,IAH,ORD,PZ2
2026-05-22,22 hours ago,UA1660,Airbus A320,SEA,IAH,PZ1
2026-06-10,12 hours ago,UA1076,Boeing 737-900,ORD,BOS,PZ2
2026-05-11,2 days ago,UA1543,Boeing 737 MAX 9,EWR,SJU,PZ9
2026-09-23,1 day ago,UA3718,Embraer E175,GRR,EWR,PZ2
2026-09-23,1 day ago,UA3625,Embraer E175,GRR,EWR,PZ2
2026-05-29,2 hours ago,UA1754,Boeing 737 MAX 9,MFR,SFO,PZ3
2026-06-12,4 hours ago,UA1876,Boeing 737 MAX 8,EWR,LIR,PZ6
2026-06-05,2 days ago,UA5561,Embraer E175,SHV,DEN,PZ1
2026-06-01,8 hours ago,UA2742,Airbus A320,FSD,DEN,PZ1
2026-06-12,4 hours ago,UA1021,Boeing 737 MAX 9,EWR,PTY,PZ5
2026-07-07,4 days ago,UA1239,Boeing 737-800,ATL,ORD,PZ3
2026-06-25,1 day ago,UA5329,Embraer E175,LAX,FAT,PZ1
2026-05-23,16 hours ago,UA2127,Boeing 737 MAX 9,EWR,IAH,PZ6
2026-10-10,4 hours ago,UA4771,Embraer E175,ICT,ORD,PZ2
2026-05-23,1 day ago,UA2662,Boeing 737-800,LGA,IAH,PZ4
2026-05-08,8 hours ago,UA5848,Embraer E175,FSD,DEN,PZ3
2026-05-08,8 hours ago,UA5701,Embraer E175,FSD,DEN,PZ7
2026-06-26,2 days ago,UA5561,Embraer E175,SHV,DEN,PZ1
2026-06-03,4 hours ago,UA4657,Embraer E175,TUL,IAH,PZ1
2027-01-03,3 days ago,UA1020,Boeing 737-900,IAH,CUN,PZ4
2026-06-03,4 hours ago,UA5418,Embraer E175,ICT,DEN,PZ1
2026-09-16,1 day ago,UA3625,Embraer E175,GRR,EWR,PZ2
2026-07-11,3 days ago,UA1020,Boeing 737 MAX 9,IAH,CUN,PZ1
2026-08-04,4 hours ago,UA1219,Boeing 737 MAX 9,DFW,EWR,PZ2
2026-05-16,1 day ago,UA642,Boeing 737-900,MCO,EWR,PZ3
2026-05-19,4 hours ago,UA1529,Boeing 737 MAX 8,EWR,STT,PZ1
2026-12-31,3 days ago,UA1020,Boeing 737-900,IAH,CUN,PZ3
2026-08-18,1 day ago,UA3625,Embraer E175,GRR,EWR,PZ2
2026-07-17,3 days ago,UA1020,Boeing 737 MAX 9,IAH,CUN,PZ1
2026-05-12,1 day ago,UA412,Airbus A319,SFO,MEX,PZ2
2026-06-24,8 hours ago,UA5701,Embraer E175,FSD,DEN,PZ2
2026-07-13,3 days ago,UA1020,Boeing 737 MAX 9,IAH,CUN,PZ9
2026-05-12,8 hours ago,UA2742,Boeing 737-800,FSD,DEN,PZ3
2026-08-05,1 day ago,UA1603,Boeing 737 MAX 8,SFO,ATL,PZ2
2026-06-16,4 hours ago,UA2669,Boeing 737-900,IAD,EWR,PZ1
2026-05-06,4 hours ago,UA190,Boeing 777-300ER,MNL,SFO,PZ8
2026-05-20,2 days ago,UA5879,Embraer E175,DEN,SHV,PZ5
2026-08-01,2 days ago,UA1932,Boeing 737-900,EWR,MCO,PZ1
2026-06-19,2 days ago,UA5879,Embraer E175,DEN,SHV,PZ1
2026-10-25,7 hours ago,UA1569,Boeing 737-800,IAH,BZE,PZ2
2026-05-10,4 hours ago,UA1997,Boeing 737 MAX 8,IAD,EWR,PZ1
2026-10-12,6 hours ago,UA1569,Boeing 737-800,IAH,BZE,PZ2
2026-09-21,7 hours ago,UA1569,Boeing 737-800,IAH,BZE,PZ4
2026-06-17,8 hours ago,UA5701,Embraer E175,FSD,DEN,PZ2
2026-06-24,8 hours ago,UA5975,Bombardier CRJ550,DEN,FSD,PZ1
2026-05-23,1 day ago,UA2811,Airbus A319,ORD,ATL,PZ3
2026-07-13,4 days ago,UA1046,Boeing 737 MAX 9,ATL,ORD,PZ2
2026-05-26,1 day ago,UA1519,Boeing 737 MAX 8,IAD,MBJ,PZ6
2026-05-08,2 days ago,UA1986,Airbus A319,ABQ,SFO,PZ2
2026-06-09,2 days ago,UA5296,Embraer E175,ABQ,SFO,PZ1
2026-06-10,2 days ago,UA5296,Embraer E175,ABQ,SFO,PZ1
2026-06-16,2 days ago,UA5296,Embraer E175,ABQ,SFO,PZ1
2026-05-08,2 days ago,UA4652,Embraer E175,ABQ,SFO,PZ5
2026-06-08,8 hours ago,UA5700,Embraer E175,DEN,FSD,PZ3
2026-08-10,2 days ago,UA4676,Embraer E175,DFW,ORD,PZ1
2026-07-26,2 days ago,UA1695,Boeing 737-900,DFW,ORD,PZ1
2026-06-04,4 hours ago,UA1539,Boeing 737 MAX 8,NAS,EWR,PZ6
2026-07-07,22 hours ago,UA3683,Embraer E175,EWR,IND,PZ2
2026-08-17,1 day ago,UA785,Boeing 737-700,ATL,ORD,PZ1
2026-05-08,4 hours ago,UA4804,Embraer E175,ICT,DEN,PZ3
2026-06-09,2 days ago,UA988,Boeing 777-300ER,FRA,IAD,PZ9
2026-05-27,2 days ago,UA2260,Airbus A319,DFW,IAH,PZ2
2026-08-18,3 days ago,UA1872,Boeing 737-900,MCO,IAH,PZ2
2026-06-19,5 hours ago,UA2114,Boeing 737 MAX 9,DFW,IAH,PZ2
2026-05-31,8 hours ago,UA5975,Embraer E175,DEN,FSD,PZ2
2026-06-21,4 hours ago,UA782,Boeing 737-900,EWR,MSP,PZ1
2026-07-01,4 days ago,UA3458,Embraer E175,CMH,EWR,PZ1
2026-05-09,8 hours ago,UA5700,Embraer E175,DEN,FSD,PZ4
2026-05-06,8 hours ago,UA5700,Embraer E175,DEN,FSD,PZ3
2026-06-05,8 hours ago,UA645,Airbus A320,DEN,FSD,PZ3
2026-05-12,4 days ago,UA5397,Embraer E175,SAT,ORD,PZ2
2026-08-10,4 hours ago,UA288,Boeing 757-200,ORD,SNN,PZ6
2026-08-26,2 days ago,UA1778,Airbus A319,ORD,OMA,PZ1
2026-06-10,4 hours ago,UA1213,Boeing 737 MAX 9,EWR,MCO,PZ2
2026-08-25,2 days ago,UA5963,Embraer E175,ORD,OMA,PZ2
2026-08-25,2 days ago,UA5744,Embraer E175,ORD,OMA,PZ1
2026-07-21,3 days ago,UA325,Boeing 737-800,LAX,SEA,PZ1
2026-08-08,4 days ago,UA1239,Boeing 737-800,ATL,ORD,PZ3
2026-08-01,3 days ago,UA2611,Boeing 737 MAX 9,MCO,IAH,PZ2
2026-12-23,13 hours ago,UA973,Boeing 787-10 Dreamliner,BRU,ORD,PZ6
2026-05-19,3 hours ago,UA2396,Boeing 737-900,EWR,MCO,PZ3
2026-05-19,3 hours ago,UA797,Boeing 737 MAX 9,EWR,MCO,PZ1
2026-05-15,1 day ago,UA4070,Embraer E175,IAD,CLT,PZ1
2026-06-12,8 hours ago,UA4462,Bombardier CRJ550,ORD,FSD,PZ3
2026-05-26,3 hours ago,UA2381,Boeing 737-900,EWR,MCO,PZ1
2026-05-16,3 hours ago,UA1795,Boeing 737 MAX 9,EWR,MCO,PZ5
2026-05-23,8 hours ago,UA1842,Airbus A319,ORD,FSD,PZ3
2026-06-05,2 hours ago,UA5579,Embraer E175,SFO,SEA,PZ2
2026-05-23,8 hours ago,UA5576,Embraer E175,ORD,FSD,PZ6
2026-05-23,8 hours ago,UA4462,Bombardier CRJ550,ORD,FSD,PZ3
2026-05-23,8 hours ago,UA4443,Bombardier CRJ550,ORD,FSD,PZ2
2026-05-27,3 hours ago,UA1190,Boeing 737 MAX 9,EWR,MCO,PZ5
2026-05-07,8 hours ago,UA1842,Airbus A319,ORD,FSD,PZ1
2026-06-02,3 hours ago,UA1190,Boeing 737 MAX 9,EWR,MCO,PZ5
2026-06-02,3 hours ago,UA411,Boeing 737-900,EWR,MCO,PZ3
2026-05-07,8 hours ago,UA4463,Bombardier CRJ550,ORD,FSD,PZ1
2026-06-13,8 hours ago,UA1842,Airbus A319,ORD,FSD,PZ2
2026-06-13,8 hours ago,UA4443,Bombardier CRJ550,ORD,FSD,PZ1
2026-07-20,20 hours ago,UA150,Boeing 737-800,KIX,GUM,PZ4
2026-05-29,2 days ago,UA6126,Embraer E175,IAH,COS,PZ1
2026-05-28,8 hours ago,UA4462,Bombardier CRJ550,ORD,FSD,PZ3
2026-05-28,8 hours ago,UA4443,Bombardier CRJ550,ORD,FSD,PZ2
2026-05-24,8 hours ago,UA4462,Bombardier CRJ550,ORD,FSD,PZ3
2026-05-24,8 hours ago,UA5576,Embraer E175,ORD,FSD,PZ5
2026-05-24,8 hours ago,UA4404,Bombardier CRJ550,ORD,FSD,PZ5
2026-08-15,3 days ago,UA6142,Embraer E175,IAD,PVD,PZ1
2026-07-25,2 days ago,UA1246,Boeing 737 MAX 9,MSP,EWR,PZ1
2026-05-12,3 hours ago,UA5579,Embraer E175,SFO,SEA,PZ2
2026-05-17,8 hours ago,UA5701,Embraer E175,FSD,DEN,PZ5
2026-05-17,8 hours ago,UA2742,Boeing 737-800,FSD,DEN,PZ2
2026-06-02,3 hours ago,UA406,Boeing 737-800,SFO,LAS,PZ2
2026-06-02,3 hours ago,UA611,Boeing 737-900,SFO,LAS,PZ2
2026-06-02,3 hours ago,UA2449,Boeing 737-800,SFO,LAS,PZ1
2026-06-07,8 hours ago,UA5975,Embraer E175,DEN,FSD,PZ3
2026-08-02,3 hours ago,UA4058,Embraer E175,DTW,IAD,PZ1
2026-08-15,4 days ago,UA3436,Embraer E175,EWR,MCI,PZ2
2026-06-11,4 days ago,UA2854,Boeing 737-800,BUR,SFO,PZ3
2026-05-11,8 hours ago,UA5975,Embraer E175,DEN,FSD,PZ2
2026-05-08,1 day ago,UA1014,Boeing 737-900,IAH,CUN,PZ9
2026-09-20,4 days ago,UA1845,Airbus A319,ORD,BNA,PZ1
2026-05-12,2 days ago,UA4652,Embraer E175,ABQ,SFO,PZ5
2026-05-12,3 hours ago,UA1969,Boeing 737-900,CHS,EWR,PZ1
2026-08-05,2 days ago,UA1610,Boeing 737 MAX 8,SEA,SFO,PZ1
2026-08-12,2 days ago,UA2478,Boeing 737-900,SEA,SFO,PZ1
2026-11-21,2 days ago,UA2771,Boeing 737-800,CLT,ORD,PZ3
2026-06-16,3 hours ago,UA2693,Boeing 737 MAX 9,CHS,EWR,PZ3
2026-05-22,3 hours ago,UA4618,Bombardier CRJ550,MLI,ORD,PZ4
2026-06-11,4 days ago,UA5662,Embraer E175,LAX,RDM,PZ2
2026-07-01,3 hours ago,UA1289,Boeing 737 MAX 9,CHS,EWR,PZ1
2026-05-13,3 hours ago,UA1289,Boeing 737 MAX 9,CHS,EWR,PZ2
2026-07-08,2 days ago,UA6239,Embraer E175,IAD,CLT,PZ2
2026-05-22,23 hours ago,UA3592,Embraer E175,EWR,ILM,PZ6
2026-06-20,1 day ago,UA3472,Embraer E175,EWR,CVG,PZ1
2026-08-08,2 days ago,UA2610,Airbus A321neo,LAX,DEN,PZ2
2026-08-08,2 days ago,UA2829,Airbus A321neo,LAX,DEN,PZ2
2026-05-10,2 days ago,UA5325,Embraer E175,COS,IAH,PZ3
2026-06-13,2 days ago,UA4029,Embraer E175,COS,IAH,PZ1
2026-05-28,2 days ago,UA4029,Embraer E175,COS,IAH,PZ1
2026-06-13,3 hours ago,UA921,Boeing 767-300,LHR,EWR,PZ9
2026-07-01,2 days ago,UA5253,Embraer E175,DEN,SHV,PZ2
2026-05-25,2 days ago,UA5879,Embraer E175,DEN,SHV,PZ1
2026-09-20,1 day ago,UA3718,Embraer E175,GRR,EWR,PZ1
2026-07-01,1 day ago,UA3557,Embraer E175,GRR,EWR,PZ2
2026-05-29,2 days ago,UA5879,Embraer E175,DEN,SHV,PZ1
2026-06-03,2 days ago,UA5879,Embraer E175,DEN,SHV,PZ1
2026-05-20,1 day ago,UA1791,Boeing 737-900,LAX,SFO,PZ7
2026-05-08,1 day ago,UA2064,Boeing 737 MAX 9,LAX,FAT,PZ3
2026-05-10,8 hours ago,UA5701,Embraer E175,FSD,DEN,PZ1
2026-05-16,3 days ago,UA2215,Boeing 737-900,MCO,IAH,PZ4
2026-05-19,4 hours ago,UA63,Boeing 787-9 Dreamliner,GRU,IAH,PZ9
2026-06-23,2 days ago,UA5561,Embraer E175,SHV,DEN,PZ2
2026-06-03,4 hours ago,UA4013,Embraer E175,TUL,IAH,PZ2
2026-06-30,1 day ago,UA4165,Bombardier CRJ550,CID,ORD,PZ2
2026-06-03,4 hours ago,UA4483,Bombardier CRJ550,TUL,ORD,PZ2
2026-06-03,4 hours ago,UA6000,Embraer E175,TUL,ORD,PZ1
2026-05-23,4 days ago,UA264,Boeing 737 MAX 8,ANC,DEN,PZ1
2026-06-23,8 hours ago,UA5701,Embraer E175,FSD,DEN,PZ2
2026-10-02,1 day ago,UA3718,Embraer E175,GRR,EWR,PZ1
2026-05-14,1 day ago,UA2064,Boeing 737-800,LAX,FAT,PZ3
2026-09-22,1 day ago,UA3625,Embraer E175,GRR,EWR,PZ2
2026-05-08,4 hours ago,UA5786,Embraer E175,TUL,DEN,PZ5
2026-05-08,4 hours ago,UA5630,Embraer E175,ICT,DEN,PZ2
2026-05-24,6 hours ago,UA70,Boeing 777-200,EWR,AMS,PZ9
2026-05-08,4 hours ago,UA2669,Boeing 737 MAX 9,IAD,EWR,PZ2
2026-05-09,2 days ago,UA5899,Embraer E175,RNO,SFO,PZ3
2026-06-20,3 hours ago,UA905,Boeing 777-200,LHR,EWR,PZ9
2026-06-02,4 hours ago,UA2396,Boeing 737 MAX 9,IAD,EWR,PZ4
2026-05-07,1 day ago,UA1345,Boeing 737-800,YYZ,IAH,PZ3
2026-05-21,3 days ago,UA5627,Embraer E175,RNO,SFO,PZ1
2026-08-03,2 days ago,UA567,Boeing 737-900,MSP,ORD,PZ2
2026-06-09,11 hours ago,UA928,Boeing 767-300,LHR,ORD,PZ9
2026-05-21,2 days ago,UA5879,Embraer E175,DEN,SHV,PZ4
2026-05-15,4 hours ago,UA2669,Boeing 737 MAX 9,IAD,EWR,PZ1
2026-05-27,4 hours ago,UA1745,Boeing 737-900,PHX,DEN,PZ3
2026-05-30,2 days ago,UA4002,Embraer E175,DFW,IAH,PZ1
2026-08-25,4 days ago,UA1543,Boeing 737 MAX 9,EWR,SJU,PZ8
2026-05-17,2 days ago,UA4652,Embraer E175,ABQ,SFO,PZ5
2026-05-12,2 days ago,UA1593,Airbus A319,MSP,DEN,PZ6
2026-06-29,2 days ago,UA538,Airbus A319,ABQ,SFO,PZ1
2026-05-28,3 days ago,UA758,Boeing 737-900,MSP,ORD,PZ3
2026-05-16,7 hours ago,UA477,Boeing 737 MAX 9,YYZ,ORD,PZ2
2026-05-14,4 hours ago,UA681,Boeing 737 MAX 8,NAS,EWR,PZ8
2026-06-30,2 days ago,UA538,Airbus A319,ABQ,SFO,PZ1
2026-05-19,2 days ago,UA1986,Airbus A319,ABQ,SFO,PZ4
2026-05-30,3 days ago,UA5351,Embraer E175,SNA,SFO,PZ1
2027-03-31,4 hours ago,UA941,Boeing 767-300,LHR,EWR,PZ2
2026-05-30,3 days ago,UA5339,Embraer E175,SNA,SFO,PZ3
2026-06-30,8 hours ago,UA4759,Embraer E175,DEN,FSD,PZ1
2026-06-19,4 hours ago,UA3683,Embraer E175,EWR,IND,PZ1
2026-07-18,2 days ago,UA1695,Boeing 737-900,DFW,ORD,PZ4
2026-07-18,2 days ago,UA1517,Airbus A319,DFW,ORD,PZ2
2026-05-23,1 day ago,UA567,Airbus A321neo,EWR,ORD,PZ1
2026-10-06,13 hours ago,UA4782,Embraer E175,XNA,IAH,PZ1
2026-06-02,2 days ago,UA2053,Airbus A319,ATL,EWR,PZ2
2026-06-13,2 days ago,UA3612,Embraer E175,IAD,YOW,PZ3
2026-06-13,2 days ago,UA4424,Bombardier CRJ550,IAD,YOW,PZ3
2026-06-13,2 days ago,UA3569,Embraer E175,IAD,YOW,PZ2
2026-05-07,4 hours ago,UA817,Airbus A320,SFO,MEX,PZ4
2026-05-21,8 hours ago,UA5700,Embraer E175,DEN,FSD,PZ3
2026-06-09,2 days ago,UA3612,Embraer E175,IAD,YOW,PZ1
2026-10-27,4 hours ago,UA3551,Embraer E175,ORD,SDF,PZ1
2026-08-19,3 days ago,UA2611,Boeing 737-900,MCO,IAH,PZ2
2026-05-13,1 day ago,UA569,Boeing 737 MAX 9,EWR,BQN,PZ7
2026-05-09,4 days ago,UA3458,Embraer E175,CMH,EWR,PZ2
2026-06-16,4 hours ago,UA1190,Boeing 737 MAX 9,EWR,MCO,PZ1
2026-05-10,2 days ago,UA726,Airbus A319,IAD,PIT,PZ3
2026-07-08,4 days ago,UA1239,Boeing 737-800,ATL,ORD,PZ3
2026-06-03,1 day ago,UA1923,Boeing 737-900,ORD,CID,PZ3
2026-06-21,1 day ago,UA3458,Embraer E175,CMH,EWR,PZ1
2026-05-19,4 days ago,UA3636,Embraer E175,YYZ,IAD,PZ3
2026-07-05,2 days ago,UA6279,Embraer E175,CLT,IAD,PZ1
2026-05-10,3 hours ago,UA5535,Embraer E175,TUL,ORD,PZ2
2026-05-09,8 hours ago,UA4463,Bombardier CRJ550,ORD,FSD,PZ5
2026-06-09,2 days ago,UA6126,Embraer E175,IAH,COS,PZ1
2026-05-12,8 hours ago,UA4405,Bombardier CRJ550,ORD,FSD,PZ2
2026-06-28,2 days ago,UA6126,Embraer E175,IAH,COS,PZ1
2026-07-28,2 days ago,UA1733,Boeing 737-900,JAX,ORD,PZ1
2026-05-08,2 days ago,UA5459,Embraer E175,IAH,COS,PZ2
2026-05-14,8 hours ago,UA5701,Embraer E175,FSD,DEN,PZ1
2026-05-11,3 hours ago,UA2400,Boeing 737 MAX 8,SFO,LAS,PZ3
2026-05-14,8 hours ago,UA5848,Embraer E175,FSD,DEN,PZ3
2026-06-15,8 hours ago,UA4745,Bombardier CRJ550,FSD,DEN,PZ1
2026-10-14,2 days ago,UA1379,Boeing 737-900,IAH,MIA,PZ2
2026-05-12,4 hours ago,UA949,Boeing 777-200,LHR,SFO,PZ9
2026-06-24,2 days ago,UA1218,Boeing 737-900,SEA,DEN,PZ1
2026-06-30,2 days ago,UA2616,Airbus A321neo,IAH,ORD,PZ1
2026-05-10,3 hours ago,UA1342,Boeing 737 MAX 9,SFO,LAS,PZ5
2026-05-10,3 hours ago,UA406,Boeing 737 MAX 8,SFO,LAS,PZ2
2026-05-19,3 days ago,UA3430,Embraer E175,CMH,IAD,PZ4
2026-05-22,8 hours ago,UA5319,Embraer E175,FSD,DEN,PZ2
2026-05-22,8 hours ago,UA5492,Embraer E175,FSD,DEN,PZ2
2026-05-22,8 hours ago,UA4745,Bombardier CRJ550,FSD,DEN,PZ5
2026-06-27,3 hours ago,UA582,Boeing 737-800,SFO,LAS,PZ2
2026-09-29,4 days ago,UA1577,Airbus A320,ATL,ORD,PZ2
2026-10-06,13 hours ago,UA5783,Embraer E175,IAH,XNA,PZ1
2026-10-03,13 hours ago,UA5783,Embraer E175,IAH,XNA,PZ1
2026-07-08,2 days ago,UA6234,Embraer E175,IAD,CLT,PZ2
2026-06-19,3 hours ago,UA2289,Boeing 737 MAX 9,ATL,EWR,PZ2
2026-06-29,3 hours ago,UA299,Airbus A319,ATL,EWR,PZ1
2026-06-16,7 hours ago,UA31,Boeing 767-300,MUC,EWR,PZ9
2026-06-24,3 days ago,UA2215,Boeing 737-900,MCO,IAH,PZ1
2026-05-19,3 hours ago,UA1969,Boeing 737-900,CHS,EWR,PZ2
2026-06-17,2 days ago,UA4029,Embraer E175,COS,IAH,PZ1
2026-05-14,2 days ago,UA2442,Boeing 737-800,CVG,IAH,PZ3
2026-06-05,2 days ago,UA4029,Embraer E175,COS,IAH,PZ1
2026-06-26,3 hours ago,UA5216,Embraer E175,ORD,CLT,PZ1
2026-05-17,3 hours ago,UA4790,Embraer E175,CLT,ORD,PZ4
2026-06-19,3 hours ago,UA3662,Embraer E175,ORD,CLT,PZ1
2026-05-27,2 days ago,UA4030,Embraer E175,COS,IAH,PZ4
2026-06-20,2 days ago,UA4029,Embraer E175,COS,IAH,PZ2
2026-05-07,11 hours ago,UA951,Boeing 777-300ER,BRU,IAD,PZ9
2026-06-19,4 hours ago,UA3562,Embraer E175,EWR,MKE,PZ1
2026-06-14,3 hours ago,UA3662,Embraer E175,ORD,CLT,PZ3
2026-06-30,2 days ago,UA4030,Embraer E175,COS,IAH,PZ2
2026-05-25,3 hours ago,UA3450,Embraer E175,ORD,CLT,PZ1
2026-06-12,3 hours ago,UA1748,Boeing 737-800,ORD,CLT,PZ2
2026-05-08,2 days ago,UA4015,Embraer E175,COS,IAH,PZ1
2026-05-09,3 hours ago,UA3618,Embraer E175,ORD,CLT,PZ3
2026-06-10,2 days ago,UA4029,Embraer E175,COS,IAH,PZ4
2026-05-14,3 hours ago,UA5285,Embraer E175,ORD,CLT,PZ3
2026-09-02,13 hours ago,UA4062,Embraer E175,IAH,XNA,PZ2
2026-06-04,3 hours ago,UA1304,Boeing 737-800,CLT,ORD,PZ3
2026-05-19,3 hours ago,UA4790,Embraer E175,CLT,ORD,PZ5
2026-05-24,3 hours ago,UA3429,Embraer E175,CLT,ORD,PZ3
2026-05-24,3 hours ago,UA3713,Embraer E175,CLT,ORD,PZ6
2026-06-03,3 hours ago,UA1304,Boeing 737-800,CLT,ORD,PZ2
2026-05-22,3 hours ago,UA1048,Boeing 737-800,CLT,ORD,PZ4
2026-06-20,1 day ago,UA2324,Boeing 737-900,DEN,CID,PZ3
2026-05-31,3 hours ago,UA3429,Embraer E175,CLT,ORD,PZ3
2026-06-14,3 hours ago,UA1304,Boeing 737-800,CLT,ORD,PZ2
2026-06-24,1 day ago,UA3458,Embraer E175,CMH,EWR,PZ2
2026-06-27,3 hours ago,UA3442,Embraer E175,CLT,ORD,PZ1
2026-06-21,3 hours ago,UA5485,Embraer E175,CLT,ORD,PZ1
2026-07-30,3 days ago,UA1059,Boeing 737-900,CUN,IAH,PZ9
2026-06-01,4 days ago,UA3710,Embraer E175,CMH,EWR,PZ2
2026-06-30,3 days ago,UA425,Boeing 737-800,ORD,ATL,PZ2
2026-06-11,3 hours ago,UA1304,Boeing 737-800,CLT,ORD,PZ1
2026-06-11,3 hours ago,UA3440,Embraer E175,CLT,ORD,PZ3
2026-06-06,3 hours ago,UA1048,Boeing 737-800,CLT,ORD,PZ2
2026-05-27,3 hours ago,UA3440,Embraer E175,CLT,ORD,PZ1
2026-06-23,4 hours ago,UA4568,Bombardier CRJ550,ORD,SCE,PZ2
2026-06-03,4 days ago,UA3458,Embraer E175,CMH,EWR,PZ1
2026-06-19,10 hours ago,UA2747,Airbus A319,ORD,ATL,PZ1
2026-06-22,4 hours ago,UA4568,Bombardier CRJ550,ORD,SCE,PZ1
2026-05-22,Just now,UA684,Boeing 737-800,LAX,SEA,PZ3
2026-10-08,1 day ago,UA5410,Embraer E175,LAX,RNO,PZ1
2026-06-23,3 hours ago,UA2796,Boeing 737 MAX 9,EWR,CHS,PZ2
2026-05-16,1 day ago,UA1307,Boeing 737 MAX 9,BOS,EWR,PZ9
2026-05-10,3 hours ago,UA3489,Embraer E175,BUF,EWR,PZ6
2026-06-30,3 hours ago,UA2355,Boeing 737 MAX 9,EWR,CHS,PZ4
2026-06-30,3 hours ago,UA1760,Boeing 737 MAX 9,EWR,CHS,PZ4
2026-08-05,5 hours ago,UA32,Boeing 787-9 Dreamliner,LAX,NRT,PZ1
2026-05-12,3 hours ago,UA2608,Boeing 737 MAX 9,EWR,CHS,PZ9
2026-05-08,4 hours ago,UA3696,Embraer E175,ORD,ATL,PZ3
2026-06-01,3 hours ago,UA2796,Boeing 737 MAX 9,EWR,CHS,PZ1
2026-06-15,3 hours ago,UA2796,Boeing 737 MAX 9,EWR,CHS,PZ3
2026-06-24,3 hours ago,UA2355,Boeing 737 MAX 9,EWR,CHS,PZ2
2026-05-25,3 hours ago,UA2796,Boeing 737 MAX 9,EWR,CHS,PZ4
2026-05-20,3 hours ago,UA2608,Boeing 737 MAX 9,EWR,CHS,PZ8
2026-05-21,2 days ago,UA4733,Embraer E175,BOI,SFO,PZ2
2026-05-16,2 days ago,UA4733,Embraer E175,BOI,SFO,PZ7
2026-09-11,9 hours ago,UA3564,Embraer E175,EWR,MKE,PZ1
2026-05-26,2 days ago,UA649,Airbus A320,BOI,SFO,PZ4
2026-09-07,3 days ago,UA2783,Airbus A319,MSP,ORD,PZ1
2026-05-27,3 hours ago,UA798,Boeing 737 MAX 8,CLT,EWR,PZ2
2026-06-17,10 hours ago,UA2811,Boeing 737-800,ORD,ATL,PZ1
2026-05-07,1 day ago,UA5594,Embraer E175,YYZ,ORD,PZ1
2026-05-07,1 day ago,UA2066,Boeing 737-700,YYZ,ORD,PZ5
2026-05-10,3 days ago,UA153,Boeing 787-9 Dreamliner,SGN,HKG,PZ9
2026-06-06,3 hours ago,UA539,Boeing 737-800,ORD,DFW,PZ1
2026-06-06,3 hours ago,UA441,Boeing 737-800,ORD,DFW,PZ3
2026-06-30,2 days ago,UA2174,Airbus A320,IAH,BNA,PZ1
2026-06-29,1 day ago,UA3710,Embraer E175,CMH,EWR,PZ1
2026-05-13,2 days ago,UA5644,Embraer E175,SFO,BOI,PZ4
2026-08-04,3 hours ago,UA6148,Embraer E175,IAH,RDU,PZ1
2026-06-04,3 hours ago,UA3517,Embraer E175,EWR,CLT,PZ3
2026-06-04,3 hours ago,UA3533,Embraer E175,EWR,CLT,PZ2
2026-05-20,4 days ago,UA1793,Boeing 737 MAX 8,DCA,ORD,PZ4
2026-06-03,7 hours ago,UA945,Boeing 787-10 Dreamliner,FRA,ORD,PZ5
2026-06-03,7 hours ago,UA906,Boeing 787-10 Dreamliner,FRA,ORD,PZ8
2026-05-20,3 hours ago,UA1344,Boeing 737 MAX 9,EWR,CLT,PZ4
2026-05-20,3 hours ago,UA2161,Boeing 737 MAX 8,EWR,CLT,PZ6
2026-05-20,7 hours ago,UA5467,Embraer E175,SEA,LAX,PZ7
2026-06-04,1 day ago,UA5239,Bombardier CRJ550,FAR,DEN,PZ3
2026-06-04,1 day ago,UA5462,Bombardier CRJ550,FAR,DEN,PZ1
2026-05-11,4 days ago,UA1659,Boeing 737-900,ORD,CUN,PZ2
2026-05-19,1 day ago,UA1636,Boeing 737 MAX 8,LGA,ORD,PZ4
2026-05-12,1 day ago,UA569,Boeing 737 MAX 9,EWR,BQN,PZ9
2026-05-13,1 day ago,UA4389,Bombardier CRJ550,ORD,CID,PZ2
2026-06-21,2 days ago,UA3552,Embraer E175,DCA,ORD,PZ1
2026-05-09,4 hours ago,UA1268,Boeing 737-900,EWR,MCO,PZ2
2026-05-09,4 hours ago,UA1795,Boeing 737 MAX 9,EWR,MCO,PZ6
2026-05-09,4 hours ago,UA797,Boeing 737 MAX 9,EWR,MCO,PZ9
2026-05-13,2 days ago,UA1591,Boeing 737 MAX 9,IAH,ATL,PZ9
2026-06-30,4 hours ago,UA1932,Boeing 737-900,EWR,MCO,PZ2
2026-05-23,4 hours ago,UA411,Boeing 737-900,EWR,MCO,PZ5
2026-05-23,4 hours ago,UA2396,Boeing 737 MAX 9,EWR,MCO,PZ4
2026-06-15,2 days ago,UA6126,Embraer E175,IAH,COS,PZ2
2026-06-14,2 days ago,UA6126,Embraer E175,IAH,COS,PZ2
2026-05-30,8 hours ago,UA4462,Bombardier CRJ550,ORD,FSD,PZ2
2026-05-13,8 hours ago,UA1842,Boeing 737-700,ORD,FSD,PZ3
2026-05-13,8 hours ago,UA4463,Bombardier CRJ550,ORD,FSD,PZ1
2026-05-13,8 hours ago,UA4535,Bombardier CRJ550,ORD,FSD,PZ4
2026-05-09,3 hours ago,UA1995,Boeing 737 MAX 9,SFO,LAS,PZ7
2026-06-13,8 hours ago,UA5701,Embraer E175,FSD,DEN,PZ1
2026-06-20,3 hours ago,UA582,Boeing 737 MAX 8,SFO,LAS,PZ2
2026-06-03,4 days ago,UA3566,Embraer E175,IAD,CMH,PZ2
2026-05-26,3 hours ago,UA1190,Boeing 737 MAX 9,EWR,MCO,PZ2
2026-07-01,3 days ago,UA1481,Boeing 737-800,DEN,PHX,PZ2
2026-06-14,3 hours ago,UA152,Boeing 787-9 Dreamliner,HKG,SGN,PZ9
2026-05-09,8 hours ago,UA5848,Embraer E175,FSD,DEN,PZ1
2026-05-20,3 hours ago,UA1150,Boeing 737 MAX 9,SFO,LAS,PZ3
2026-06-01,4 days ago,UA1492,Boeing 737-900,ORD,CMH,PZ4
2026-05-11,8 hours ago,UA5701,Embraer E175,FSD,DEN,PZ2
2026-05-11,8 hours ago,UA5572,Embraer E175,FSD,DEN,PZ4
2026-05-14,3 days ago,UA2398,Boeing 737 MAX 9,EWR,CLE,PZ5
2026-07-14,4 days ago,UA6271,Embraer E175,IAH,CMH,PZ2
2026-07-07,4 days ago,UA6271,Embraer E175,IAH,CMH,PZ1
2026-05-12,1 day ago,UA1020,Boeing 737 MAX 9,IAH,CUN,PZ6
2026-05-16,4 days ago,UA6248,Embraer E175,IAH,MFE,PZ3
2026-09-16,13 hours ago,UA4062,Embraer E175,IAH,XNA,PZ2
2026-06-30,2 days ago,UA3476,Embraer E175,EWR,BUF,PZ2
2026-06-30,2 days ago,UA3529,Embraer E175,EWR,BUF,PZ2
2026-06-19,3 days ago,UA2865,Boeing 737 MAX 9,ORD,MSP,PZ2
2026-05-07,2 days ago,UA4388,Bombardier CRJ550,SCE,ORD,PZ2
2026-05-07,2 days ago,UA4522,Bombardier CRJ550,SCE,ORD,PZ1
2026-05-07,2 days ago,UA4498,Bombardier CRJ550,SCE,ORD,PZ3
2026-05-23,3 hours ago,UA1289,Boeing 737 MAX 9,CHS,EWR,PZ5
2026-08-12,2 days ago,UA1896,Boeing 737 MAX 8,PDX,SFO,PZ3
2026-05-22,2 days ago,UA4030,Embraer E175,COS,IAH,PZ1
2026-09-19,13 hours ago,UA6308,Embraer E175,IAH,XNA,PZ2
2026-05-18,3 days ago,UA4513,Bombardier CRJ550,EWR,CHA,PZ3
2026-05-20,1 day ago,UA514,Boeing 737-800,CID,DEN,PZ1
2026-06-18,3 days ago,UA153,Boeing 787-9 Dreamliner,SGN,HKG,PZ9
2026-06-30,3 hours ago,UA5216,Embraer E175,ORD,CLT,PZ1
2026-05-12,3 hours ago,UA3618,Embraer E175,ORD,CLT,PZ1
2026-06-10,1 day ago,UA514,Boeing 737-800,CID,DEN,PZ1
2026-06-30,3 hours ago,UA1748,Boeing 737-800,ORD,CLT,PZ2
2026-11-22,8 hours ago,UA4763,Embraer E175,SLC,SFO,PZ1
2026-08-22,2 days ago,UA256,Boeing 737 MAX 9,IAH,BON,PZ3
2026-05-16,3 hours ago,UA4790,Embraer E175,CLT,ORD,PZ1
2026-05-06,2 days ago,UA4437,Bombardier CRJ550,XNA,ORD,PZ5
2026-06-14,3 hours ago,UA5485,Embraer E175,CLT,ORD,PZ2
2026-05-12,2 days ago,UA5433,Embraer E175,SFO,TUS,PZ3
2026-07-08,4 hours ago,UA4568,Bombardier CRJ550,ORD,SCE,PZ2
2026-05-12,2 days ago,UA5688,Bombardier CRJ700,SFO,TUS,PZ1
2026-05-13,3 hours ago,UA1636,Boeing 737 MAX 8,LGA,ORD,PZ1
2026-07-10,3 hours ago,UA791,Boeing 737-800,BWI,ORD,PZ1
2026-05-22,4 days ago,UA3416,Embraer E175,CMH,EWR,PZ3
2026-05-19,4 days ago,UA3457,Embraer E175,CMH,EWR,PZ1
2026-07-30,4 days ago,UA745,Airbus A319,ATL,ORD,PZ1
2026-05-13,2 days ago,UA6006,Embraer E175,TUS,SFO,PZ1
2026-05-15,4 days ago,UA3458,Embraer E175,CMH,EWR,PZ2
2026-05-05,4 days ago,UA3457,Embraer E175,CMH,EWR,PZ2
2026-05-05,4 days ago,UA3458,Embraer E175,CMH,EWR,PZ3
2026-07-14,13 hours ago,UA4062,Embraer E175,IAH,XNA,PZ2
2026-05-30,2 days ago,UA4469,Bombardier CRJ550,HSV,ORD,PZ1
2026-05-08,3 days ago,UA4510,Bombardier CRJ550,CHA,EWR,PZ2
2026-12-12,3 hours ago,UA2733,Boeing 737-900,SEA,ORD,PZ2
2026-05-23,19 hours ago,UA1331,Boeing 737-900,EWR,DFW,PZ2
2026-07-16,2 days ago,UA679,Boeing 737 MAX 9,LAX,LAS,PZ1
2026-06-20,3 hours ago,UA2355,Boeing 737 MAX 9,EWR,CHS,PZ3
2026-05-13,2 days ago,UA5435,Embraer E175,SFO,BOI,PZ3
2026-08-01,13 hours ago,UA2410,Boeing 737 MAX 8,IAD,SLC,PZ2
2026-07-03,3 hours ago,UA798,Boeing 737 MAX 8,CLT,EWR,PZ2
2026-05-24,3 hours ago,UA2796,Boeing 737 MAX 9,EWR,CHS,PZ4
2026-06-20,1 day ago,UA822,Airbus A319,MEX,SFO,PZ1
2026-05-17,2 days ago,UA6178,Embraer E175,IAH,BNA,PZ1
2026-09-07,3 days ago,UA1237,Boeing 737-900,MSP,ORD,PZ1
2026-05-20,2 days ago,UA4639,Embraer E175,BOI,SFO,PZ6
2026-07-25,4 days ago,UA425,Boeing 737-800,ORD,ATL,PZ3
2026-05-07,2 days ago,UA4733,Embraer E175,BOI,SFO,PZ2
2026-05-31,1 day ago,UA622,Boeing 737-900,CMH,ORD,PZ1
2026-05-18,2 days ago,UA4661,Embraer E175,BOI,SFO,PZ2
2026-05-29,3 hours ago,UA3468,Embraer E175,CLT,EWR,PZ1
2026-05-15,3 hours ago,UA2608,Boeing 737 MAX 9,EWR,CHS,PZ3
2026-06-06,3 days ago,UA5905,Embraer E175,ORD,MTJ,PZ2
2026-05-16,3 hours ago,UA371,Boeing 737-900,CLT,EWR,PZ1
2026-05-16,11 hours ago,UA995,Boeing 787-10 Dreamliner,BRU,EWR,PZ9
2026-09-11,9 hours ago,UA3562,Embraer E175,EWR,MKE,PZ1
2026-05-07,4 days ago,UA3458,Embraer E175,CMH,EWR,PZ1
2026-07-02,3 hours ago,UA3468,Embraer E175,CLT,EWR,PZ1
2026-06-12,2 days ago,UA1398,Boeing 737-700,ORD,ATL,PZ1
2026-06-20,3 hours ago,UA798,Boeing 737 MAX 8,CLT,EWR,PZ1
2026-05-12,4 days ago,UA758,Boeing 737-800,MSP,ORD,PZ8
2026-06-15,1 day ago,UA1600,Boeing 737-800,IAH,TQO,PZ1
2026-07-28,1 day ago,UA1734,Boeing 737 MAX 9,BOS,IAD,PZ3
2026-05-19,3 hours ago,UA2161,Boeing 737 MAX 8,EWR,CLT,PZ3
2026-05-06,3 days ago,UA1519,Boeing 737 MAX 8,IAD,MBJ,PZ3
2026-11-13,6 hours ago,UA5590,Embraer E175,SFO,SLC,PZ1
2026-11-03,3 hours ago,UA426,Airbus A319,DTW,ORD,PZ2
2026-11-25,13 hours ago,UA973,Boeing 787-10 Dreamliner,BRU,ORD,PZ1
2026-05-24,3 hours ago,UA3517,Embraer E175,EWR,CLT,PZ6
2026-05-24,3 hours ago,UA1149,Boeing 737 MAX 8,EWR,CLT,PZ3
2026-05-06,4 days ago,UA3458,Embraer E175,CMH,EWR,PZ4
2026-07-02,4 days ago,UA1635,Boeing 737 MAX 8,SEA,LAX,PZ2
2026-06-27,3 hours ago,UA2104,Boeing 737 MAX 8,EWR,CLT,PZ2
2026-06-12,3 hours ago,UA3537,Embraer E175,EWR,CLT,PZ3
2026-06-24,3 hours ago,UA3517,Embraer E175,EWR,CLT,PZ2
2026-06-11,1 day ago,UA1123,Boeing 737 MAX 9,CUN,IAH,PZ2
2026-08-11,3 days ago,UA1020,Boeing 737 MAX 9,IAH,CUN,PZ7
2026-06-10,1 day ago,UA1059,Boeing 737-900,CUN,IAH,PZ7
2026-08-11,3 days ago,UA1018,Boeing 737-900,IAH,CUN,PZ8
2026-06-10,1 day ago,UA1058,Boeing 737 MAX 9,CUN,IAH,PZ2
2026-08-06,3 days ago,UA1016,Boeing 737 MAX 9,IAH,CUN,PZ6
2026-08-09,3 days ago,UA1014,Boeing 737-900,IAH,CUN,PZ7
2026-08-09,3 days ago,UA1016,Boeing 737 MAX 9,IAH,CUN,PZ7
2026-08-08,3 days ago,UA1014,Boeing 737-900,IAH,CUN,PZ8
2026-08-08,1 day ago,UA356,Boeing 737-900,ORD,ATL,PZ4
2026-08-10,3 days ago,UA1016,Boeing 737 MAX 9,IAH,CUN,PZ5
2026-08-10,3 days ago,UA1167,Boeing 737 MAX 9,IAH,CUN,PZ7
2026-05-06,1 day ago,UA1740,Airbus A321neo,ORD,RSW,PZ6
2026-08-02,3 days ago,UA1014,Boeing 737-900,IAH,CUN,PZ6
2026-05-06,1 day ago,UA1923,Boeing 737-800SFP,ORD,CID,PZ1
2026-05-19,1 day ago,UA469,Boeing 737-900,LAX,SFO,PZ3
2026-05-11,2 days ago,UA5644,Embraer E175,SFO,BOI,PZ2
2026-05-11,2 days ago,UA5435,Embraer E175,SFO,BOI,PZ2
2026-05-11,2 days ago,UA5720,Embraer E175,SFO,BOI,PZ3
2026-05-18,11 hours ago,UA1195,Boeing 737 MAX 9,LAX,SFO,PZ2
2026-05-26,4 hours ago,UA3564,Embraer E175,EWR,MKE,PZ1
2026-05-07,1 day ago,UA2647,Boeing 737 MAX 9,LAX,SFO,PZ2
2026-07-26,1 day ago,UA1163,Boeing 737 MAX 9,IAH,MBJ,PZ2
2026-06-13,3 days ago,UA6362,Embraer E175,DTW,IAD,PZ2
2026-06-13,3 days ago,UA6190,Embraer E175,DTW,IAD,PZ1
2026-08-16,1 day ago,UA190,Boeing 777-300ER,MNL,SFO,PZ2
2026-05-09,3 days ago,UA2200,Airbus A319,DEN,DAY,PZ2
2026-06-03,11 hours ago,UA1740,Boeing 737 MAX 9,ORD,RSW,PZ3
2026-05-14,3 days ago,UA5322,Embraer E175,DEN,DSM,PZ5
2026-05-27,4 hours ago,UA3470,Embraer E175,MKE,EWR,PZ2
2026-09-01,3 hours ago,UA6148,Embraer E175,IAH,RDU,PZ2
2026-05-11,16 hours ago,UA6023,Embraer E175,PIT,ORD,PZ2
2026-09-24,3 hours ago,UA5956,Embraer E175,ORD,MKE,PZ1
2026-05-19,3 hours ago,UA1268,Boeing 737-900,EWR,MCO,PZ5
2026-09-23,3 hours ago,UA3674,Embraer E175,ORD,MKE,PZ2
2026-09-23,3 hours ago,UA5668,Bombardier CRJ550,ORD,MKE,PZ2
2026-05-18,4 hours ago,UA1213,Boeing 737 MAX 9,EWR,MCO,PZ1
2026-09-21,3 hours ago,UA5956,Embraer E175,ORD,MKE,PZ1
2026-05-13,4 hours ago,UA3562,Embraer E175,EWR,MKE,PZ2
2026-09-19,3 hours ago,UA5522,Bombardier CRJ550,ORD,MKE,PZ1
2026-09-20,3 hours ago,UA3674,Embraer E175,ORD,MKE,PZ1
2026-09-25,3 hours ago,UA5956,Embraer E175,ORD,MKE,PZ1
2026-08-17,3 days ago,UA1020,Boeing 737 MAX 9,IAH,CUN,PZ8
2026-09-25,3 hours ago,UA5362,Bombardier CRJ550,ORD,MKE,PZ1
2026-08-06,3 days ago,UA1167,Boeing 737 MAX 9,IAH,CUN,PZ7
2026-05-15,3 days ago,UA4649,Embraer E175,SBA,LAX,PZ3
2026-05-11,1 day ago,UA5692,Embraer E175,CID,DEN,PZ2
2026-05-23,3 hours ago,UA1334,Boeing 737-900,YYZ,SFO,PZ4
2026-07-05,2 days ago,UA5628,Embraer E175,SMF,LAX,PZ1
2026-07-26,1 day ago,UA1131,Boeing 737-900,ORD,MSP,PZ1
2026-06-03,1 day ago,UA3602,Embraer E175,IAD,YUL,PZ1
2026-05-10,1 day ago,UA5576,Embraer E175,RAP,DEN,PZ6
2026-05-28,2 days ago,UA6367,Embraer E175,CVG,IAH,PZ3
2026-06-18,4 hours ago,UA3564,Embraer E175,EWR,MKE,PZ1
2026-06-23,2 days ago,UA4030,Embraer E175,COS,IAH,PZ2
2026-07-11,2 days ago,UA5628,Embraer E175,SMF,LAX,PZ2
2026-05-26,8 hours ago,UA5449,Embraer E175,FSD,ORD,PZ2
2026-05-26,8 hours ago,UA4467,Bombardier CRJ550,FSD,ORD,PZ1
2026-11-15,2 days ago,UA1145,Boeing 737-900,SFO,CUN,PZ1
2026-07-08,4 days ago,UA1218,Boeing 737-900,SEA,DEN,PZ1
2026-06-08,3 hours ago,UA1304,Boeing 737-800,CLT,ORD,PZ3
2026-06-08,3 hours ago,UA4718,Embraer E175,CLT,ORD,PZ3
2026-09-22,4 hours ago,UA941,Boeing 767-300,LHR,EWR,PZ9
2026-06-07,3 hours ago,UA1304,Boeing 737-800,CLT,ORD,PZ2
2026-06-24,3 hours ago,UA1304,Boeing 737-800,CLT,ORD,PZ1
2026-05-24,3 hours ago,UA1928,Boeing 737-900,DEN,ORD,PZ3
2026-05-27,10 hours ago,UA491,Boeing 737-800,IAH,MSY,PZ2
2026-06-07,3 hours ago,UA5485,Embraer E175,CLT,ORD,PZ3
2026-06-02,3 hours ago,UA1304,Boeing 737-800,CLT,ORD,PZ2
2026-06-18,3 hours ago,UA1304,Boeing 737-800,CLT,ORD,PZ1
2026-06-17,3 hours ago,UA3442,Embraer E175,CLT,ORD,PZ1
2026-06-09,3 hours ago,UA1304,Boeing 737-800,CLT,ORD,PZ2
2026-06-09,3 hours ago,UA3442,Embraer E175,CLT,ORD,PZ2
2026-06-24,3 hours ago,UA3442,Embraer E175,CLT,ORD,PZ1
2026-06-05,3 hours ago,UA4718,Embraer E175,CLT,ORD,PZ3
2027-03-25,17 hours ago,UA153,Boeing 787-9 Dreamliner,SGN,HKG,PZ9
2026-07-01,3 days ago,UA1331,Boeing 737-900,EWR,MSP,PZ3
2026-06-01,3 days ago,UA5596,Embraer E175,MTY,SFO,PZ5
2026-05-31,3 days ago,UA5596,Embraer E175,MTY,SFO,PZ9
2026-05-09,3 days ago,UA2601,Boeing 737 MAX 8,SEA,DEN,PZ2
2026-07-23,2 days ago,UA1546,Boeing 737-800,LAX,LAS,PZ1
2026-11-13,3 days ago,UA1020,Boeing 737-900,IAH,CUN,PZ1
2026-05-16,3 days ago,UA1501,Boeing 737-800,IAH,TPA,PZ4
2026-06-12,3 hours ago,UA2796,Boeing 737 MAX 9,EWR,CHS,PZ1
2026-05-12,9 hours ago,UA1372,Boeing 737-900,LAX,SFO,PZ3
2026-05-10,3 days ago,UA3578,Embraer E175,EWR,MSP,PZ1
2026-05-19,3 hours ago,UA2355,Boeing 737 MAX 8,EWR,CHS,PZ5
2026-05-19,3 hours ago,UA2608,Boeing 737 MAX 9,EWR,CHS,PZ8
2026-05-15,3 days ago,UA153,Boeing 787-9 Dreamliner,SGN,HKG,PZ9
2026-05-21,22 hours ago,UA2798,Boeing 737-900,MIA,ORD,PZ1
2026-06-13,6 hours ago,UA1261,Boeing 737 MAX 9,EWR,BNA,PZ4
2026-05-10,3 hours ago,UA2151,Boeing 737 MAX 8,CLT,EWR,PZ2
2026-06-11,3 hours ago,UA798,Boeing 737 MAX 8,CLT,EWR,PZ1
2026-06-30,3 hours ago,UA3448,Embraer E175,CLT,EWR,PZ2
2026-08-11,1 day ago,UA929,Boeing 767-300,ORD,LHR,PZ9
2026-06-02,3 hours ago,UA1289,Boeing 737 MAX 9,CHS,EWR,PZ1
2026-05-18,3 hours ago,UA371,Boeing 737-900,CLT,EWR,PZ1
2026-05-20,3 hours ago,UA1289,Boeing 737 MAX 9,CHS,EWR,PZ2
2026-06-10,2 days ago,UA2413,Boeing 737 MAX 8,SFO,PDX,PZ4
2026-07-08,4 days ago,UA530,Boeing 737-900,ORD,ATL,PZ4
2026-05-21,3 hours ago,UA798,Boeing 737 MAX 8,CLT,EWR,PZ5
2026-05-31,3 hours ago,UA798,Boeing 737 MAX 8,CLT,EWR,PZ1
2026-06-10,3 hours ago,UA2355,Boeing 737 MAX 9,EWR,CHS,PZ4
2026-06-27,1 day ago,UA3458,Embraer E175,CMH,EWR,PZ2
2026-06-06,3 hours ago,UA798,Boeing 737 MAX 8,CLT,EWR,PZ2
2026-07-06,3 days ago,UA684,Boeing 737 MAX 8,LAX,SEA,PZ2
2026-05-12,3 hours ago,UA2151,Boeing 737 MAX 8,CLT,EWR,PZ3
2026-05-12,3 hours ago,UA676,Boeing 737 MAX 9,CLT,EWR,PZ4
2026-07-25,1 day ago,UA5908,Embraer E175,RNO,LAX,PZ2
2026-07-21,1 day ago,UA2065,Boeing 737 MAX 9,MCO,IAD,PZ2
2026-05-09,3 hours ago,UA2161,Boeing 737 MAX 8,EWR,CLT,PZ5
2026-06-30,1 day ago,UA4682,Embraer E175,DFW,IAH,PZ2
2026-06-29,3 hours ago,UA3517,Embraer E175,EWR,CLT,PZ1
2026-08-02,2 days ago,UA1517,Airbus A319,DFW,ORD,PZ1
2026-06-30,3 hours ago,UA3517,Embraer E175,EWR,CLT,PZ1
2026-05-13,4 days ago,UA1593,Airbus A319,MSP,DEN,PZ2
2026-05-31,1 day ago,UA1020,Boeing 737 MAX 9,IAH,CUN,PZ3
2026-08-19,3 hours ago,UA2196,Boeing 737-900,IAH,RDU,PZ3
2026-10-17,2 days ago,UA3483,Embraer E175,IND,ORD,PZ1
2026-10-17,2 days ago,UA3479,Embraer E175,IND,ORD,PZ1
2026-06-11,2 days ago,UA2747,Airbus A319,ORD,ATL,PZ1
2026-06-30,4 hours ago,UA3564,Embraer E175,EWR,MKE,PZ2
2026-05-08,4 days ago,UA3480,Embraer E175,CMH,EWR,PZ1
2026-05-13,3 hours ago,UA3421,Embraer E175,EWR,CLT,PZ1
2026-07-04,5 hours ago,UA425,Boeing 737-900,ORD,ATL,PZ3
2026-05-16,2 days ago,UA5325,Embraer E175,COS,IAH,PZ4
2026-06-05,1 day ago,UA2747,Airbus A319,ORD,ATL,PZ3
2026-06-02,3 hours ago,UA1149,Boeing 737 MAX 8,EWR,CLT,PZ2
2026-07-03,4 days ago,UA3710,Embraer E175,CMH,EWR,PZ1
2027-03-23,1 day ago,UA153,Boeing 787-9 Dreamliner,SGN,HKG,PZ9
2026-05-16,1 day ago,UA4805,Embraer E175,SFO,SLC,PZ1
2026-05-15,2 days ago,UA6035,Embraer E175,SFO,BOI,PZ2
2026-05-19,4 hours ago,UA905,Boeing 777-200,LHR,EWR,PZ9
2026-05-21,1 day ago,UA3567,Embraer E175,IND,EWR,PZ3
2026-05-21,1 day ago,UA3451,Embraer E175,IND,EWR,PZ2
2026-05-21,1 day ago,UA3645,Embraer E175,IND,EWR,PZ3
2026-05-26,3 hours ago,UA938,Boeing 767-300,ORD,LHR,PZ2
2026-05-23,16 hours ago,UA2425,Boeing 737-900,EWR,IAH,PZ2
2026-05-19,4 hours ago,UA2669,Boeing 737 MAX 9,IAD,EWR,PZ3
2027-01-07,1 day ago,UA2771,Boeing 737-800,CLT,ORD,PZ1
2027-01-05,1 day ago,UA2771,Boeing 737-800,CLT,ORD,PZ1
2026-05-10,3 hours ago,UA4523,Bombardier CRJ550,TUL,ORD,PZ2
2026-08-18,3 days ago,UA1018,Boeing 737-900,IAH,CUN,PZ4
2026-12-03,3 days ago,UA988,Boeing 777-300ER,FRA,IAD,PZ2
2026-05-22,4 hours ago,UA3470,Embraer E175,MKE,EWR,PZ2
2026-06-24,3 hours ago,UA925,Boeing 777-200,LHR,IAD,PZ9
2026-08-25,1 day ago,UA809,Boeing 777-300ER,SFO,MNL,PZ2
2026-05-08,10 hours ago,UA1730,Boeing 737-900,SEA,LAX,PZ4
2026-05-22,1 day ago,UA519,Boeing 737-900,SAN,DEN,PZ2
2026-06-24,1 day ago,UA5970,Embraer E175,SLC,SFO,PZ1
2026-09-14,1 day ago,UA809,Boeing 777-300ER,SFO,MNL,PZ4
2026-06-09,2 days ago,UA4424,Bombardier CRJ550,IAD,YOW,PZ2
2026-06-02,3 days ago,UA4424,Bombardier CRJ550,IAD,YOW,PZ1
2026-05-18,4 hours ago,UA3562,Embraer E175,EWR,MKE,PZ3
2026-06-23,18 hours ago,UA2818,Airbus A319,PDX,SFO,PZ2
2026-06-23,18 hours ago,UA2455,Boeing 737 MAX 9,PDX,SFO,PZ1
2026-05-09,4 hours ago,UA3562,Embraer E175,EWR,MKE,PZ1
2026-06-28,1 day ago,UA6279,Embraer E175,CLT,IAD,PZ1
2026-08-19,3 days ago,UA1167,Boeing 737 MAX 9,IAH,CUN,PZ8
2026-08-25,3 days ago,UA1619,Boeing 737 MAX 9,IAH,CUN,PZ4
2026-07-08,4 days ago,UA2125,Boeing 737 MAX 9,BNA,IAD,PZ1
2026-07-03,22 hours ago,UA4383,Bombardier CRJ550,ATW,ORD,PZ1
2026-07-03,22 hours ago,UA4170,Bombardier CRJ550,ATW,ORD,PZ1
2026-07-03,22 hours ago,UA4391,Bombardier CRJ550,ATW,ORD,PZ1
2026-05-27,10 hours ago,UA1871,Airbus A319,AUS,IAH,PZ2
2026-06-23,1 day ago,UA2324,Boeing 737-900,DEN,CID,PZ2
2026-07-19,3 hours ago,UA3529,Embraer E175,EWR,BUF,PZ1
2026-05-24,5 hours ago,UA5545,Embraer E175,MSN,DEN,PZ6
2026-09-19,3 hours ago,UA6148,Embraer E175,IAH,RDU,PZ2
2026-08-20,7 hours ago,UA123,Boeing 787-9 Dreamliner,LHR,EWR,PZ9
2026-05-17,1 day ago,UA5677,Embraer E175,DEN,CID,PZ1
2026-06-11,5 hours ago,UA5545,Embraer E175,MSN,DEN,PZ3
2026-06-07,4 days ago,UA2244,Boeing 737-800,IAD,SAV,PZ2
2026-05-09,1 day ago,UA476,Boeing 737-800,DEN,CID,PZ1
2026-05-05,9 hours ago,UA263,Boeing 787-9,LHR,DEN,PZ9
2026-05-06,3 hours ago,UA952,Boeing 787-8,MUC,ORD,PZ3
2026-10-02,8 hours ago,UA5590,Embraer E175,SFO,SLC,PZ1
2026-05-24,2 hours ago,UA5222,Embraer E175,IAH,MTY,PZ9
2026-06-23,3 hours ago,UA1289,Boeing 737 MAX 9,CHS,EWR,PZ2
2026-08-11,4 days ago,UA1709,Boeing 737 MAX 9,BNA,IAD,PZ3
2026-05-18,9 hours ago,UA958,Boeing 767-300,LHR,ORD,PZ9
2026-05-18,9 hours ago,UA928,Boeing 767-300,LHR,ORD,PZ2
2026-06-17,3 hours ago,UA1289,Boeing 737 MAX 9,CHS,EWR,PZ2
2026-05-26,1 day ago,UA755,Boeing 737 MAX 9,IAD,BOS,PZ2
2026-06-30,3 hours ago,UA1289,Boeing 737 MAX 9,CHS,EWR,PZ2
2026-05-29,4 days ago,UA3458,Embraer E175,CMH,EWR,PZ1
2026-07-06,4 days ago,UA1709,Boeing 737 MAX 9,BNA,IAD,PZ1
2026-10-28,3 days ago,UA1059,Boeing 737-900,CUN,IAH,PZ3
2026-05-16,3 days ago,UA5730,Embraer E175,DEN,JAC,PZ2
2026-05-12,1 day ago,UA1527,Boeing 737-800,SLC,LAX,PZ5
2026-05-11,3 days ago,UA5730,Embraer E175,DEN,JAC,PZ4
2026-05-16,1 day ago,UA5836,Embraer E175,SLC,LAX,PZ2
2026-05-11,1 day ago,UA1527,Boeing 737-800,SLC,LAX,PZ5
2026-06-09,4 days ago,UA622,Boeing 737-900,CMH,ORD,PZ1
2026-05-18,1 day ago,UA1127,Airbus A320,BNA,ORD,PZ2
2026-06-01,10 hours ago,UA6245,Embraer E175,MTY,IAH,PZ3
2026-06-01,10 hours ago,UA2026,Boeing 737-700,MTY,IAH,PZ9
2026-05-27,1 day ago,UA1968,Boeing 737-800,YYC,ORD,PZ9
2026-05-09,3 days ago,UA484,Airbus A319,JAC,DEN,PZ3
2026-05-05,5 hours ago,UA804,Boeing 777-200ER,HND,IAD,PZ4
2026-05-09,1 day ago,UA467,Boeing 737-800,LGA,ORD,PZ2
2026-06-13,2 hours ago,UA1032,Boeing 737 MAX 8,DFW,EWR,PZ2
2026-05-06,2 days ago,UA2121,Airbus A320,SEA,SFO,PZ5
2026-08-27,1 day ago,UA15,Boeing 767-300,LHR,EWR,PZ9
2026-05-20,1 day ago,UA4434,Bombardier CRJ550,EWR,DCA,PZ4
2026-05-26,1 day ago,UA417,Boeing 737-900,IAH,LAX,PZ1
2026-06-15,1 day ago,UA5329,Embraer E175,LAX,FAT,PZ2
2026-11-19,2 hours ago,UA958,Boeing 767-300,LHR,ORD,PZ1
2026-05-06,3 days ago,UA1088,Airbus A320,IAH,MEX,PZ6
2027-03-23,2 hours ago,UA164,Boeing 777-300ER,EWR,DXB,PZ1
2026-05-07,2 days ago,UA5615,Embraer E175,ORD,PIT,PZ3
2026-05-09,2 days ago,UA2612,Boeing 737 MAX 9,EWR,MIA,PZ4
2026-06-27,3 hours ago,UA3468,Embraer E175,CLT,EWR,PZ2
2026-07-01,4 days ago,UA1348,Boeing 737 MAX 8,SEA,LAX,PZ2
2026-06-17,3 hours ago,UA3504,Embraer E175,EWR,CLT,PZ2
2026-05-10,1 day ago,UA2334,Boeing 737 MAX 9,PDX,DEN,PZ3
2026-05-25,3 hours ago,UA3517,Embraer E175,EWR,CLT,PZ2
2026-06-23,4 days ago,UA1615,Boeing 737-900,DEN,CVG,PZ1
2026-05-15,21 hours ago,UA1815,Boeing 737 MAX 8,SFO,BNA,PZ1
2026-06-25,3 days ago,UA5235,Bombardier CRJ550,DEN,MOT,PZ1
2026-06-25,3 days ago,UA5366,Bombardier CRJ550,DEN,MOT,PZ1
2026-05-05,1 day ago,UA53,Boeing 767-300,ZRH,IAD,PZ3
2027-03-17,6 hours ago,UA972,Boeing 787-10 Dreamliner,ORD,BRU,PZ1
2026-05-18,3 days ago,UA1571,Boeing 737-900,IAH,MCO,PZ3
2026-06-10,3 hours ago,UA3517,Embraer E175,EWR,CLT,PZ2
2026-06-10,3 hours ago,UA3504,Embraer E175,EWR,CLT,PZ2
2026-06-15,4 hours ago,UA3562,Embraer E175,EWR,MKE,PZ1
2026-06-02,4 hours ago,UA3564,Embraer E175,EWR,MKE,PZ2
2026-06-19,3 hours ago,UA3537,Embraer E175,EWR,CLT,PZ1
2026-05-05,15 hours ago,UA6,Boeing 787-9,NRT,IAH,PZ5
2026-05-27,16 hours ago,UA2425,Boeing 737-900,EWR,IAH,PZ3
2026-05-12,3 hours ago,UA1344,Boeing 737 MAX 9,EWR,CLT,PZ1
2026-06-02,6 hours ago,UA2029,Boeing 737 MAX 9,MIA,EWR,PZ1
2026-05-12,3 hours ago,UA2161,Boeing 737 MAX 8,EWR,CLT,PZ4
2026-06-17,1 day ago,UA4476,Bombardier CRJ550,IAD,BTV,PZ1
2026-05-11,4 hours ago,UA3562,Embraer E175,EWR,MKE,PZ5
2026-08-19,3 days ago,UA1734,Boeing 737 MAX 9,BOS,IAD,PZ3
2026-05-29,2 days ago,UA270,Boeing 757-200,EWR,SNN,PZ7
2026-05-16,2 days ago,UA6035,Embraer E175,SFO,BOI,PZ2
2026-05-17,2 days ago,UA5623,Embraer E175,SFO,BOI,PZ4
2026-05-08,4 hours ago,UA5276,Embraer E175,TUL,DEN,PZ1
2026-05-19,2 days ago,UA5623,Embraer E175,SFO,BOI,PZ5
2026-05-19,1 day ago,UA5991,Embraer E175,SAT,SFO,PZ1
2026-08-11,3 days ago,UA1619,Boeing 737 MAX 9,IAH,CUN,PZ6
2026-05-14,2 days ago,UA5623,Embraer E175,SFO,BOI,PZ1
2026-05-07,1 day ago,UA32,Boeing 737-800,NRT,CEB,PZ8
2026-07-01,4 hours ago,UA3470,Embraer E175,MKE,EWR,PZ2
2026-08-21,4 hours ago,UA5892,Bombardier CRJ550,ORD,SDF,PZ1
2026-06-04,4 hours ago,UA3510,Embraer E175,MKE,EWR,PZ1
2026-12-25,1 day ago,UA5753,Embraer E175,SFO,SLC,PZ1
2026-06-22,4 hours ago,UA3564,Embraer E175,EWR,MKE,PZ1
2026-05-18,4 hours ago,UA3510,Embraer E175,MKE,EWR,PZ6
2026-08-08,8 hours ago,UA4762,Embraer E175,DEN,BIL,PZ2
2027-01-28,1 day ago,UA958,Boeing 767-300,LHR,ORD,PZ4
2026-08-29,1 day ago,UA189,Boeing 777-300ER,SFO,MNL,PZ2
2026-06-21,4 hours ago,UA3470,Embraer E175,MKE,EWR,PZ1
2026-05-29,4 hours ago,UA3510,Embraer E175,MKE,EWR,PZ3
2026-06-24,1 day ago,UA514,Boeing 737-800,CID,DEN,PZ1
2026-06-10,4 hours ago,UA3564,Embraer E175,EWR,MKE,PZ2
2026-06-01,4 hours ago,UA3470,Embraer E175,MKE,EWR,PZ1
2026-05-19,4 hours ago,UA3697,Embraer E175,EWR,MKE,PZ1
2026-05-19,4 hours ago,UA3562,Embraer E175,EWR,MKE,PZ1
2026-08-29,3 hours ago,UA6148,Embraer E175,IAH,RDU,PZ2
2026-09-19,3 hours ago,UA5668,Bombardier CRJ550,ORD,MKE,PZ1
2026-09-24,3 hours ago,UA5821,Embraer E175,ORD,MKE,PZ1
2026-09-24,3 hours ago,UA5933,Embraer E175,ORD,MKE,PZ1
2026-09-24,3 hours ago,UA5522,Bombardier CRJ550,ORD,MKE,PZ1
2026-05-16,4 hours ago,UA3510,Embraer E175,MKE,EWR,PZ2
2026-05-08,4 hours ago,UA3510,Embraer E175,MKE,EWR,PZ1
2026-06-05,1 day ago,UA514,Boeing 737-800,CID,DEN,PZ3
2026-05-30,4 hours ago,UA3470,Embraer E175,MKE,EWR,PZ1
2026-05-14,5 hours ago,UA5761,Embraer E175,MSN,DEN,PZ3
2026-06-03,1 day ago,UA1767,Boeing 737-800,RAP,DEN,PZ2
2026-05-19,5 hours ago,UA5761,Embraer E175,MSN,DEN,PZ3
2026-06-12,1 day ago,UA5692,Embraer E175,CID,DEN,PZ2
2026-06-10,5 hours ago,UA5545,Embraer E175,MSN,DEN,PZ2
2026-05-15,4 days ago,UA5850,Embraer E175,DEN,TUL,PZ6
2026-05-12,1 day ago,UA5467,Embraer E175,SEA,LAX,PZ5
2026-06-17,20 hours ago,UA2179,Boeing 737-800,SFO,LAX,PZ1
2026-05-18,3 hours ago,UA2607,Boeing 737-900,MCO,EWR,PZ4
2026-05-09,1 day ago,UA2324,Boeing 737-800,DEN,CID,PZ1
2026-05-08,1 day ago,UA2647,Boeing 737 MAX 9,LAX,SFO,PZ4
2026-08-20,3 days ago,UA428,Airbus A319,MEX,IAH,PZ1
2026-07-07,1 day ago,UA1375,Boeing 757-300,SFO,ORD,PZ2
2026-08-22,1 day ago,UA3706,Embraer E175,ORD,DTW,PZ2
2026-06-14,15 hours ago,UA1596,Boeing 737 MAX 8,PDX,SFO,PZ1
2026-05-13,3 hours ago,UA32,Boeing 787-9 Dreamliner,LAX,NRT,PZ9
2026-06-24,4 days ago,UA622,Boeing 737-900,CMH,ORD,PZ2
2026-05-15,4 days ago,UA3524,Embraer E175,CMH,ORD,PZ4
2026-11-10,1 day ago,UA1996,Boeing 737-800,BWI,ORD,PZ2
2026-05-28,15 hours ago,UA1648,Boeing 737 MAX 9,AUA,IAD,PZ3
2026-05-17,4 days ago,UA1182,Airbus A320,CMH,ORD,PZ4
2026-06-06,23 hours ago,UA442,Boeing 737 MAX 8,SFO,BUR,PZ6
2026-06-06,23 hours ago,UA2363,Boeing 737 MAX 8,SFO,BUR,PZ6
2026-08-25,3 days ago,UA4577,Bombardier CRJ550,GRR,ORD,PZ2
2026-05-05,16 hours ago,UA861,Boeing 767-400,IAD,GRU,PZ9
2026-05-18,4 hours ago,UA1520,Boeing 737-900,EWR,MCO,PZ1
2026-09-14,11 hours ago,UA307,Boeing 737-800,MSP,ORD,PZ1
2026-05-13,3 days ago,UA273,Boeing 767-300,NCE,EWR,PZ9
2026-05-19,4 days ago,UA3524,Embraer E175,CMH,ORD,PZ2
2026-07-17,3 hours ago,UA1046,Boeing 737-900,ATL,ORD,PZ2
2026-07-22,3 hours ago,UA1998,Boeing 737-700,IAD,MSP,PZ1
2026-05-05,3 days ago,UA5730,Embraer E175,DEN,JAC,PZ3
2026-07-02,8 hours ago,UA5975,Bombardier CRJ550,DEN,FSD,PZ1
2026-05-19,4 days ago,UA1924,Boeing 737-900,DEN,IAD,PZ1
2026-06-02,3 days ago,UA5730,Embraer E175,DEN,JAC,PZ1
2026-08-24,4 days ago,UA1709,Boeing 737 MAX 9,BNA,IAD,PZ1
2026-05-22,4 days ago,UA3710,Embraer E175,CMH,EWR,PZ1
2026-06-08,3 days ago,UA5730,Embraer E175,DEN,JAC,PZ2
2026-05-16,4 days ago,UA3524,Embraer E175,CMH,ORD,PZ4
2026-05-16,3 days ago,UA484,Airbus A320,JAC,DEN,PZ3
2026-08-13,4 days ago,UA1709,Boeing 737 MAX 9,BNA,IAD,PZ1
2026-05-29,3 hours ago,UA1399,Boeing 737 MAX 8,EWR,MCI,PZ2
2026-06-16,4 days ago,UA622,Boeing 737-900,CMH,ORD,PZ3
2026-05-09,1 day ago,UA744,Boeing 737 MAX 9,LAX,IAH,PZ3
2026-05-12,4 days ago,UA3596,Embraer E175,CMH,EWR,PZ1
2026-05-31,1 day ago,UA1692,Boeing 737-800,LAX,CMH,PZ1
2026-06-26,1 day ago,UA1609,Boeing 737-900,DFW,IAH,PZ1
2026-06-16,1 day ago,UA1448,Boeing 737-900,IAH,LAS,PZ1
2026-07-29,3 days ago,UA361,Boeing 737 MAX 8,AUS,DEN,PZ1
2026-05-21,3 days ago,UA1717,Airbus A320,JAC,DEN,PZ4
2026-05-12,3 days ago,UA1024,Boeing 737-700,IAH,MEX,PZ3
2026-05-05,6 hours ago,UA872,Boeing 777-300ER,TPE,SFO,PZ2
2026-05-24,4 days ago,UA1399,Boeing 737 MAX 8,EWR,MCI,PZ3
2026-05-13,2 hours ago,UA4444,Bombardier CRJ550,EWR,DCA,PZ3
2026-05-10,2 days ago,UA559,Boeing 737-900,EWR,MIA,PZ2
2026-06-13,20 hours ago,UA2409,Boeing 737 MAX 9,SFO,LAX,PZ6
2027-03-30,2 hours ago,UA905,Boeing 787-9 Dreamliner,LHR,EWR,PZ2
2027-03-30,2 hours ago,UA123,Boeing 787-9 Dreamliner,LHR,EWR,PZ4
2027-03-30,2 hours ago,UA17,Boeing 767-300,LHR,EWR,PZ1
2027-03-30,2 hours ago,UA921,Boeing 767-300,LHR,EWR,PZ5
2026-05-12,2 days ago,UA2025,Boeing 737 MAX 9,IAD,SJU,PZ1
2027-03-30,2 hours ago,UA15,Boeing 767-300,LHR,EWR,PZ3
2027-03-30,2 hours ago,UA941,Boeing 767-300,LHR,EWR,PZ4
2026-10-10,3 hours ago,UA1193,Airbus A320,DCA,ORD,PZ1
2026-06-13,1 day ago,UA2449,Boeing 737-900,LAS,IAH,PZ1
2026-06-16,4 days ago,UA660,Boeing 737 MAX 8,PHL,ORD,PZ3
2026-05-20,3 days ago,UA1403,Boeing 737-700,CMH,IAD,PZ4
2026-05-23,2 days ago,UA2256,Boeing 737-700,IAH,MTY,PZ2
2027-02-10,1 day ago,UA951,Boeing 777-300ER,BRU,IAD,PZ9
2027-02-18,1 day ago,UA951,Boeing 777-300ER,BRU,IAD,PZ3
2027-02-27,8 hours ago,UA906,Boeing 787-10 Dreamliner,FRA,ORD,PZ2
2026-10-02,3 days ago,UA6115,Embraer E175,ATL,IAD,PZ1
2026-05-05,15 hours ago,UA795,Airbus A321neo,ORD,EWR,PZ6
2027-03-09,13 hours ago,UA973,Boeing 787-10 Dreamliner,BRU,ORD,PZ6
2027-03-11,1 day ago,UA951,Boeing 777-300ER,BRU,IAD,PZ5
2027-03-04,1 day ago,UA951,Boeing 777-300ER,BRU,IAD,PZ6
2027-03-10,13 hours ago,UA973,Boeing 787-10 Dreamliner,BRU,ORD,PZ6
2027-03-17,13 hours ago,UA973,Boeing 787-10 Dreamliner,BRU,ORD,PZ4
2026-08-22,3 days ago,UA2771,Boeing 737-800,CLT,ORD,PZ3
2027-03-02,1 day ago,UA951,Boeing 777-300ER,BRU,IAD,PZ4
2027-03-01,1 day ago,UA951,Boeing 777-300ER,BRU,IAD,PZ4
2027-03-17,1 day ago,UA951,Boeing 777-300ER,BRU,IAD,PZ6
2026-06-25,Just now,UA2247,Boeing 737-900,ORD,YYZ,PZ3
2026-06-10,3 hours ago,UA1289,Boeing 737 MAX 9,CHS,EWR,PZ5
2026-06-02,2 days ago,UA1876,Boeing 737 MAX 8,EWR,LIR,PZ7
2026-05-27,1 day ago,UA1464,Boeing 737-800,SAT,DEN,PZ3
2026-05-30,3 days ago,UA2363,Boeing 737 MAX 9,ONT,SFO,PZ7
2026-05-13,2 days ago,UA3484,Embraer E175,IND,ORD,PZ2
2026-05-31,1 day ago,UA1491,Boeing 737-800,MCI,ORD,PZ4
2026-12-15,1 day ago,UA75,Boeing 767-300,FRA,EWR,PZ3
2026-05-12,2 hours ago,UA805,Boeing 787-9 Dreamliner,SFO,ICN,PZ2
2027-02-09,1 day ago,UA904,Boeing 777-200,EWR,LHR,PZ1
2026-11-28,1 day ago,UA1114,Boeing 737-900,IAH,CUN,PZ2
2026-11-30,1 day ago,UA1020,Boeing 737-900,IAH,CUN,PZ2
2026-11-30,1 day ago,UA1114,Boeing 737-900,IAH,CUN,PZ3
2026-09-11,10 hours ago,UA4731,Bombardier CRJ550,DEN,SAF,PZ1
2026-06-26,2 hours ago,UA4168,Bombardier CRJ550,BHM,ORD,PZ1
2026-06-08,4 hours ago,UA3470,Embraer E175,MKE,EWR,PZ1
2026-07-02,22 hours ago,UA4383,Bombardier CRJ550,ATW,ORD,PZ1
2026-07-02,22 hours ago,UA4190,Bombardier CRJ550,ATW,ORD,PZ1
2026-07-01,22 hours ago,UA4170,Bombardier CRJ550,ATW,ORD,PZ2
2026-06-27,4 hours ago,UA3470,Embraer E175,MKE,EWR,PZ2
2026-05-16,3 hours ago,UA2392,Boeing 737 MAX 8,BDA,EWR,PZ2
2026-09-06,3 days ago,UA2099,Boeing 737 MAX 9,GRR,ORD,PZ2
2026-06-02,5 hours ago,UA5545,Embraer E175,MSN,DEN,PZ1
2026-05-31,5 hours ago,UA5545,Embraer E175,MSN,DEN,PZ3
2026-05-06,1 day ago,UA4633,Embraer E175,ATL,ORD,PZ6
2026-06-13,5 hours ago,UA5545,Embraer E175,MSN,DEN,PZ2
2026-05-10,1 day ago,UA5373,Embraer E175,BJX,IAH,PZ9
2026-07-29,3 hours ago,UA3425,Embraer E175,CLE,ORD,PZ1
2026-05-10,1 day ago,UA5972,Embraer E175,BJX,IAH,PZ8
2026-05-09,4 days ago,UA3587,Embraer E175,CMH,EWR,PZ3
2026-05-09,4 days ago,UA3596,Embraer E175,CMH,EWR,PZ1
2026-07-28,1 day ago,UA102,Boeing 777-200,IAH,MUC,PZ9
2026-06-03,3 hours ago,UA1043,Boeing 737 MAX 9,AUA,EWR,PZ2
2026-08-22,1 day ago,UA768,Boeing 737-700,ORD,DTW,PZ2
2026-05-23,3 hours ago,UA2392,Boeing 737 MAX 8,BDA,EWR,PZ6
2026-05-22,23 hours ago,UA3607,Embraer E175,EWR,BUF,PZ5
2026-06-12,3 hours ago,UA2114,Boeing 737 MAX 9,DFW,IAH,PZ4
2026-06-12,3 hours ago,UA1609,Boeing 737-900,DFW,IAH,PZ3
2026-05-20,4 days ago,UA3524,Embraer E175,CMH,ORD,PZ1
2026-06-27,4 hours ago,UA1190,Boeing 737-900,EWR,MCO,PZ2
2026-05-19,4 days ago,UA3458,Embraer E175,CMH,EWR,PZ1
2026-06-16,1 day ago,UA1355,Boeing 737 MAX 8,ORD,STL,PZ1
2026-06-05,1 day ago,UA4063,Embraer E175,IAD,CLT,PZ3
2026-06-09,3 days ago,UA5730,Embraer E175,DEN,JAC,PZ1
2026-06-23,1 day ago,UA301,Boeing 737 MAX 8,SFO,DEN,PZ1
2026-09-10,22 hours ago,UA3458,Embraer E175,CMH,EWR,PZ1
2026-05-07,3 hours ago,UA5510,Embraer E175,SFO,CLD,PZ2
2026-05-12,3 days ago,UA5730,Embraer E175,DEN,JAC,PZ6
2026-05-09,1 day ago,UA2850,Boeing 737 MAX 9,SFO,LAX,PZ1
2026-09-29,4 days ago,UA1709,Boeing 737-800,BNA,IAD,PZ1
2026-10-05,1 day ago,UA873,Boeing 737 MAX 8,GUM,NRT,PZ1
2026-10-10,1 day ago,UA873,Boeing 737 MAX 8,GUM,NRT,PZ1
2026-05-07,3 days ago,UA5730,Embraer E175,DEN,JAC,PZ1
2026-10-03,1 day ago,UA873,Boeing 737 MAX 8,GUM,NRT,PZ1
2026-05-31,1 day ago,UA466,Boeing 737 MAX 9,CMH,ORD,PZ3
2026-10-06,1 day ago,UA873,Boeing 737 MAX 8,GUM,NRT,PZ1
2026-09-19,1 day ago,UA873,Boeing 737 MAX 8,GUM,NRT,PZ3
2026-06-20,5 hours ago,UA1032,Boeing 737-900,DFW,EWR,PZ1
2026-05-08,1 day ago,UA2175,Boeing 737 MAX 9,EWR,LAS,PZ5
2026-05-23,3 days ago,UA1717,Airbus A320,JAC,DEN,PZ1
2026-08-22,1 day ago,UA349,Boeing 737-700,ORD,DTW,PZ2
2026-06-02,1 day ago,UA4595,Bombardier CRJ550,ORD,CVG,PZ2
2026-05-17,2 hours ago,UA32,Boeing 737-800,NRT,CEB,PZ9
2026-05-23,3 hours ago,UA2796,Boeing 737 MAX 9,EWR,CHS,PZ1
2026-06-11,2 hours ago,UA1012,Boeing 737 MAX 9,EWR,ATL,PZ2
2026-05-07,3 days ago,UA484,Airbus A319,JAC,DEN,PZ4
2026-06-14,2 days ago,UA785,Boeing 737-700,ATL,ORD,PZ2
2026-06-14,2 days ago,UA1046,Boeing 737 MAX 9,ATL,ORD,PZ3
2026-08-18,4 hours ago,UA1295,Boeing 737 MAX 8,LAX,LIH,PZ1
2026-05-06,23 hours ago,UA685,Boeing 737-700W,IAH,DTW,PZ5
2026-05-19,1 day ago,UA1264,Boeing 737-900,IAH,LAS,PZ2
2026-06-30,1 day ago,UA2658,Boeing 737-900,IAH,LAS,PZ1
2026-11-10,13 hours ago,UA973,Boeing 787-10 Dreamliner,BRU,ORD,PZ1
2026-07-20,1 day ago,UA2854,Boeing 737-800,BUR,SFO,PZ2
2026-05-25,2 days ago,UA1024,Boeing 737-700,IAH,MEX,PZ1
2026-07-02,8 hours ago,UA2247,Boeing 737-900,ORD,YYZ,PZ3
2026-09-03,2 days ago,UA22,Boeing 777-200,DUB,EWR,PZ9
2026-06-03,4 hours ago,UA4804,Embraer E175,ICT,DEN,PZ2
2026-06-17,10 hours ago,UA1761,Boeing 737-900,ORD,MSY,PZ3
2026-05-09,2 hours ago,UA14,Boeing 777-200,EWR,LHR,PZ6
2026-05-27,2 hours ago,UA525,Boeing 737-800,AUS,IAD,PZ1
2026-06-13,2 days ago,UA2038,Boeing 737-900,ORD,PHL,PZ1
2026-05-20,22 hours ago,UA43,Boeing 777-300ER,FRA,EWR,PZ9
2027-02-04,1 day ago,UA951,Boeing 777-300ER,BRU,IAD,PZ5
2026-07-07,2 hours ago,UA941,Boeing 767-300,LHR,EWR,PZ9
2026-05-16,2 hours ago,UA412,Airbus A319,SFO,MEX,PZ9
2026-05-11,2 hours ago,UA412,Airbus A319,SFO,MEX,PZ5
2026-06-30,3 hours ago,UA3442,Embraer E175,CLT,ORD,PZ2
2026-10-05,3 days ago,UA6115,Embraer E175,ATL,IAD,PZ1
2026-05-06,8 hours ago,UA943,Boeing 777-222ER,LIS,IAD,PZ7
2026-05-17,3 days ago,UA3430,Embraer E175,CMH,IAD,PZ1
2026-08-12,9 hours ago,UA951,Boeing 777-300ER,BRU,IAD,PZ9
2026-07-23,10 hours ago,UA5878,Bombardier CRJ550,SAF,DEN,PZ1
2026-05-11,5 hours ago,UA1456,Boeing 737 MAX 8,EWR,NAS,PZ2
2026-05-20,2 hours ago,UA913,Boeing 757-200,KEF,ORD,PZ9
2026-05-08,4 hours ago,UA5658,Embraer E175,ORD,ICT,PZ4
2026-05-08,4 hours ago,UA4556,Bombardier CRJ550,ORD,ICT,PZ1
2026-05-08,4 hours ago,UA4515,Bombardier CRJ550,ORD,ICT,PZ3
2026-08-10,3 days ago,UA632,Boeing 737 MAX 8,ATL,IAD,PZ1
2026-05-05,3 days ago,UA441,Airbus A319,DCA,ORD,PZ1
2026-09-10,2 hours ago,UA958,Boeing 767-300,LHR,ORD,PZ9
2027-02-08,1 day ago,UA958,Boeing 767-300,LHR,ORD,PZ2
2027-03-30,1 day ago,UA951,Boeing 777-300ER,BRU,IAD,PZ2
2026-07-28,2 days ago,UA1635,Airbus A319,IAD,ATL,PZ2
2026-05-29,2 hours ago,UA4575,Bombardier CRJ550,HSV,ORD,PZ2
2026-05-29,2 hours ago,UA4480,Bombardier CRJ550,HSV,ORD,PZ2
2026-06-04,2 hours ago,UA5579,Embraer E175,SFO,SEA,PZ1
2026-11-06,2 hours ago,UA5753,Embraer E175,SFO,SLC,PZ1
2026-07-04,6 hours ago,UA444,Boeing 737-800,SFO,SAN,PZ3
2027-03-09,1 day ago,UA951,Boeing 777-300ER,BRU,IAD,PZ5
2026-05-09,2 hours ago,UA1007,Boeing 737-800,SFO,SEA,PZ5
2026-05-09,2 hours ago,UA5579,Embraer E175,SFO,SEA,PZ7
2026-05-23,4 hours ago,UA2603,Boeing 737-900,FLL,EWR,PZ5
2026-08-14,8 hours ago,UA1152,Boeing 737 MAX 9,ATL,EWR,PZ2
2026-05-15,2 hours ago,UA1007,Airbus A320,SFO,SEA,PZ3
2026-05-06,4 days ago,UA2029,Boeing 737-900,MIA,ORD,PZ3
2026-05-13,3 days ago,UA1028,Airbus A319,IAH,MEX,PZ6
2026-05-28,2 hours ago,UA5579,Embraer E175,SFO,SEA,PZ1
2026-09-23,4 days ago,UA1366,Boeing 737 MAX 8,IAD,BNA,PZ1
2026-07-29,1 day ago,UA3476,Embraer E175,EWR,BUF,PZ1
2026-06-27,4 days ago,UA5443,Embraer E175,CMH,ORD,PZ1
2026-06-16,1 day ago,UA4167,Bombardier CRJ550,DCA,EWR,PZ1
2027-03-01,1 day ago,UA3591,Embraer E175,PIT,ORD,PZ1
2026-06-23,1 day ago,UA2740,Boeing 737 MAX 9,IAH,MIA,PZ1
2026-05-30,2 hours ago,UA4387,Bombardier CRJ550,BHM,ORD,PZ1
2026-05-30,2 hours ago,UA4449,Bombardier CRJ550,BHM,ORD,PZ1
2026-05-14,2 hours ago,UA4171,Bombardier CRJ550,BHM,ORD,PZ1
2026-05-09,2 hours ago,UA4449,Bombardier CRJ550,BHM,ORD,PZ6
2026-06-21,2 hours ago,UA4449,Bombardier CRJ550,BHM,ORD,PZ1
2026-07-19,10 hours ago,UA4731,Bombardier CRJ550,DEN,SAF,PZ1
2026-05-18,2 hours ago,UA4449,Bombardier CRJ550,BHM,ORD,PZ2
2026-06-17,4 days ago,UA3524,Embraer E175,CMH,ORD,PZ2
2026-05-19,2 hours ago,UA4744,Bombardier CRJ550,BHM,ORD,PZ3
2026-08-26,3 days ago,UA22,Boeing 777-200,DUB,EWR,PZ9
2026-05-15,2 hours ago,UA4744,Bombardier CRJ550,BHM,ORD,PZ1
2026-05-15,2 hours ago,UA4171,Bombardier CRJ550,BHM,ORD,PZ1
2026-05-12,2 days ago,UA1305,Airbus A320,MSP,DEN,PZ2
2026-09-27,10 hours ago,UA4731,Bombardier CRJ550,DEN,SAF,PZ1
2026-07-15,3 days ago,UA1635,Airbus A319,IAD,ATL,PZ2
2026-05-12,2 hours ago,UA4744,Bombardier CRJ550,BHM,ORD,PZ3
2026-05-12,2 hours ago,UA4449,Bombardier CRJ550,BHM,ORD,PZ4
2026-06-14,2 hours ago,UA2232,Airbus A319,ORD,MSP,PZ3
2026-05-23,2 hours ago,UA4440,Bombardier CRJ550,ORD,BHM,PZ6
2026-05-23,2 hours ago,UA4617,Bombardier CRJ550,ORD,BHM,PZ4
2026-05-15,2 hours ago,UA5354,Bombardier CRJ550,ORD,BHM,PZ5
2026-06-05,1 day ago,UA2395,Boeing 737-800,BOI,DEN,PZ3
2026-05-16,2 hours ago,UA5354,Bombardier CRJ550,ORD,BHM,PZ4
2027-03-07,1 day ago,UA3556,Embraer E175,DTW,ORD,PZ1
2026-05-16,2 hours ago,UA4599,Bombardier CRJ550,ORD,BHM,PZ3
2026-05-16,2 hours ago,UA4445,Bombardier CRJ550,ORD,BHM,PZ6
2026-05-14,3 hours ago,UA3618,Embraer E175,ORD,CLT,PZ4
2026-05-14,3 hours ago,UA4703,Embraer E175,ORD,CLT,PZ3
2026-05-12,3 hours ago,UA5285,Embraer E175,ORD,CLT,PZ3
2026-06-03,2 hours ago,UA4429,Bombardier CRJ550,ORD,BHM,PZ1
2026-05-09,2 hours ago,UA4445,Bombardier CRJ550,ORD,BHM,PZ2
2026-05-20,1 day ago,UA1782,Boeing 737-900,BOI,DEN,PZ2
2026-06-16,3 hours ago,UA3662,Embraer E175,ORD,CLT,PZ1
2026-06-30,2 hours ago,UA4380,Bombardier CRJ550,ORD,BHM,PZ2
2026-05-16,1 day ago,UA5837,Embraer E175,BOI,DEN,PZ3
2026-08-30,10 hours ago,UA4731,Bombardier CRJ550,DEN,SAF,PZ1
2026-05-28,2 hours ago,UA4617,Bombardier CRJ550,ORD,BHM,PZ1
2026-06-09,3 hours ago,UA1748,Boeing 737-800,ORD,CLT,PZ1
2026-05-29,2 hours ago,UA4429,Bombardier CRJ550,ORD,BHM,PZ3
2026-05-08,2 hours ago,UA5354,Bombardier CRJ550,ORD,BHM,PZ2
2026-05-16,2 days ago,UA2635,Boeing 737-900,ORD,CLT,PZ9
2026-05-16,2 days ago,UA5285,Embraer E175,ORD,CLT,PZ4
2026-05-19,2 hours ago,UA4445,Bombardier CRJ550,ORD,BHM,PZ3
2026-06-27,2 hours ago,UA4447,Bombardier CRJ550,ORD,BHM,PZ1
2026-05-09,7 hours ago,UA1953,Boeing 737-800,YYC,DEN,PZ2
2026-05-24,2 hours ago,UA4440,Bombardier CRJ550,ORD,BHM,PZ3
2026-05-07,3 days ago,UA2486,Boeing 737-900,SAN,ORD,PZ6
2026-05-27,3 hours ago,UA1748,Boeing 737-800,ORD,CLT,PZ1
2026-06-02,3 days ago,UA2486,Boeing 737-900,SAN,ORD,PZ2
2026-05-18,3 hours ago,UA4790,Embraer E175,CLT,ORD,PZ3
2026-05-12,3 hours ago,UA3509,Embraer E175,CLT,ORD,PZ1
2027-01-01,2 days ago,UA1270,Boeing 737-900,ORD,PUJ,PZ1
2027-01-01,2 days ago,UA1862,Boeing 737-900,ORD,PUJ,PZ3
2026-06-17,4 days ago,UA2232,Boeing 737-900,ORD,MSP,PZ3
2026-05-20,3 hours ago,UA4790,Embraer E175,CLT,ORD,PZ7
2026-06-02,8 hours ago,UA4467,Bombardier CRJ550,FSD,ORD,PZ2
2026-05-09,4 days ago,UA3646,Embraer E175,IAD,CMH,PZ4
2026-09-20,10 hours ago,UA4731,Bombardier CRJ550,DEN,SAF,PZ1
2026-05-29,8 hours ago,UA4441,Bombardier CRJ550,FSD,ORD,PZ3
2026-06-09,8 hours ago,UA4467,Bombardier CRJ550,FSD,ORD,PZ2
2026-07-08,10 hours ago,UA4731,Bombardier CRJ550,DEN,SAF,PZ2
2026-08-12,4 days ago,UA2366,Boeing 737-800,SLC,IAH,PZ1
2026-06-12,8 hours ago,UA4441,Bombardier CRJ550,FSD,ORD,PZ3
2026-09-23,10 hours ago,UA4731,Bombardier CRJ550,DEN,SAF,PZ2
2026-05-05,6 hours ago,UA15,Boeing 767-300,LHR,EWR,PZ9
2026-07-10,10 hours ago,UA4684,Bombardier CRJ550,DEN,SAF,PZ1
2026-05-23,8 hours ago,UA4467,Bombardier CRJ550,FSD,ORD,PZ5
2026-06-01,8 hours ago,UA4467,Bombardier CRJ550,FSD,ORD,PZ3
2026-05-10,1 day ago,UA2384,Boeing 737 MAX 9,SFO,PDX,PZ1
2026-05-18,2 days ago,UA3466,Embraer E175,YYZ,IAD,PZ2
2026-05-08,1 day ago,UA2384,Boeing 737 MAX 9,SFO,PDX,PZ7
2026-05-13,7 hours ago,UA5307,Embraer E175,FAT,LAX,PZ3
2026-12-08,13 hours ago,UA973,Boeing 787-10 Dreamliner,BRU,ORD,PZ3
2026-06-27,8 hours ago,UA2797,Boeing 737-800,PHL,ORD,PZ1
2026-05-17,4 hours ago,UA3510,Embraer E175,MKE,EWR,PZ4
2027-02-23,1 day ago,UA951,Boeing 777-300ER,BRU,IAD,PZ3
2027-02-08,1 day ago,UA951,Boeing 777-300ER,BRU,IAD,PZ4
2026-06-02,1 day ago,UA2148,Boeing 737-900,ORD,CVG,PZ4
2026-05-19,3 days ago,UA1403,Boeing 737-700,CMH,IAD,PZ2
2027-02-11,1 day ago,UA951,Boeing 777-300ER,BRU,IAD,PZ6
2027-04-01,1 day ago,UA951,Boeing 777-300ER,BRU,IAD,PZ1
2026-09-02,1 day ago,UA905,Boeing 777-200,LHR,EWR,PZ9
2026-09-02,1 day ago,UA15,Boeing 767-300,LHR,EWR,PZ9
2027-02-17,1 day ago,UA951,Boeing 777-300ER,BRU,IAD,PZ9
2027-02-19,6 hours ago,UA951,Boeing 777-300ER,BRU,IAD,PZ5
2027-03-24,1 day ago,UA951,Boeing 777-300ER,BRU,IAD,PZ6
2027-01-16,1 day ago,UA951,Boeing 777-300ER,BRU,IAD,PZ5
2026-05-10,1 day ago,UA715,Boeing 737 MAX 8,CLE,FLL,PZ5
2027-03-16,1 day ago,UA921,Boeing 767-300,LHR,EWR,PZ1
2027-03-16,1 day ago,UA15,Boeing 767-300,LHR,EWR,PZ5
2027-03-16,1 day ago,UA941,Boeing 767-300,LHR,EWR,PZ4
2026-05-06,11 hours ago,UA147,Boeing 767-300,LHR,EWR,PZ7
2026-05-24,8 hours ago,UA429,Airbus A319,IAH,MEX,PZ1
2027-03-31,1 day ago,UA951,Boeing 777-300ER,BRU,IAD,PZ9
2026-05-05,6 hours ago,UA941,Boeing 767-300,LHR,EWR,PZ9
2027-01-20,1 day ago,UA951,Boeing 777-300ER,BRU,IAD,PZ9
2026-05-30,1 day ago,UA1264,Boeing 737-800,IAH,LAS,PZ2
2026-05-07,4 days ago,UA2318,Boeing 737-900,SMF,LAX,PZ2
2026-09-10,1 day ago,UA3714,Embraer E175,MYR,EWR,PZ1
2026-05-07,4 days ago,UA5628,Embraer E175,SMF,LAX,PZ2
2026-05-21,2 hours ago,UA2126,Boeing 737 MAX 9,SLC,EWR,PZ4
2026-05-05,3 days ago,UA2264,Boeing 737 MAX 8,IAD,BNA,PZ4
2026-05-17,2 days ago,UA6127,Embraer E175,IAH,GSP,PZ2
2026-07-26,1 day ago,UA1630,Boeing 737 MAX 9,IAH,MBJ,PZ8
2026-07-01,1 day ago,UA5329,Embraer E175,LAX,FAT,PZ2
2026-05-10,9 hours ago,UA1458,Boeing 737-900,LAX,SMF,PZ2
2026-11-27,1 day ago,UA1020,Boeing 737-900,IAH,CUN,PZ3
2026-11-27,1 day ago,UA1114,Boeing 737-900,IAH,CUN,PZ2
2026-11-26,1 day ago,UA1020,Boeing 737-900,IAH,CUN,PZ2
2026-09-05,10 hours ago,UA4731,Bombardier CRJ550,DEN,SAF,PZ2
2026-11-17,1 day ago,UA1020,Boeing 737-900,IAH,CUN,PZ3
2026-11-16,1 day ago,UA1020,Boeing 737-900,IAH,CUN,PZ4
2026-05-07,2 days ago,UA6127,Embraer E175,IAH,GSP,PZ1
2026-05-20,2 hours ago,UA4171,Bombardier CRJ550,BHM,ORD,PZ1
2026-05-20,2 hours ago,UA4449,Bombardier CRJ550,BHM,ORD,PZ6
2026-08-18,10 hours ago,UA4731,Bombardier CRJ550,DEN,SAF,PZ2
2026-05-15,10 hours ago,UA1710,Airbus A320,ORD,SLC,PZ1
2026-06-09,2 hours ago,UA4449,Bombardier CRJ550,BHM,ORD,PZ2
2026-05-07,1 day ago,UA2440,Airbus A319,IAD,CHS,PZ2
2026-05-30,2 hours ago,UA4619,Bombardier CRJ550,BHM,ORD,PZ2
2026-05-13,1 day ago,UA3651,Embraer E175,YUL,IAD,PZ1
2026-05-19,3 hours ago,UA1289,Boeing 737 MAX 9,CHS,EWR,PZ4
2026-06-13,2 hours ago,UA2865,Boeing 737-900,ORD,MSP,PZ4
2026-06-13,2 hours ago,UA4387,Bombardier CRJ550,BHM,ORD,PZ2
2026-05-11,2 hours ago,UA4449,Bombardier CRJ550,BHM,ORD,PZ3
2026-05-16,3 hours ago,UA1289,Boeing 737 MAX 9,CHS,EWR,PZ1
2026-06-27,2 hours ago,UA4449,Bombardier CRJ550,BHM,ORD,PZ2
2027-03-16,1 day ago,UA147,Boeing 767-300,LHR,EWR,PZ1
2026-05-31,2 hours ago,UA4619,Bombardier CRJ550,BHM,ORD,PZ2
2026-05-31,2 hours ago,UA4449,Bombardier CRJ550,BHM,ORD,PZ3
2026-06-10,2 hours ago,UA4449,Bombardier CRJ550,BHM,ORD,PZ2
2026-06-10,2 hours ago,UA4387,Bombardier CRJ550,BHM,ORD,PZ2
2026-06-12,2 hours ago,UA4449,Bombardier CRJ550,BHM,ORD,PZ2
2026-06-12,2 hours ago,UA4387,Bombardier CRJ550,BHM,ORD,PZ3
2026-08-27,10 hours ago,UA4731,Bombardier CRJ550,DEN,SAF,PZ1
2026-06-10,2 hours ago,UA4452,Bombardier CRJ550,ORD,BHM,PZ1
2026-05-24,3 hours ago,UA1748,Boeing 737-800,ORD,CLT,PZ4
2026-06-10,2 hours ago,UA4429,Bombardier CRJ550,ORD,BHM,PZ1
2026-06-17,2 hours ago,UA4452,Bombardier CRJ550,ORD,BHM,PZ1
2026-06-17,2 hours ago,UA4429,Bombardier CRJ550,ORD,BHM,PZ2
2026-05-19,2 days ago,UA1260,Boeing 737 MAX 9,SFO,LAX,PZ9
2026-06-14,2 hours ago,UA4452,Bombardier CRJ550,ORD,BHM,PZ1
2026-06-20,2 hours ago,UA4452,Bombardier CRJ550,ORD,BHM,PZ1
2026-05-19,2 hours ago,UA5354,Bombardier CRJ550,ORD,BHM,PZ4
2026-05-19,2 hours ago,UA4599,Bombardier CRJ550,ORD,BHM,PZ2
2026-05-07,1 day ago,UA5410,Embraer E175,LAX,RNO,PZ2
2026-05-20,2 hours ago,UA4599,Bombardier CRJ550,ORD,BHM,PZ2
2026-05-22,2 hours ago,UA4429,Bombardier CRJ550,ORD,BHM,PZ3
2026-05-10,2 hours ago,UA4445,Bombardier CRJ550,ORD,BHM,PZ5
2026-05-10,2 hours ago,UA4599,Bombardier CRJ550,ORD,BHM,PZ3
2026-05-13,2 hours ago,UA5354,Bombardier CRJ550,ORD,BHM,PZ3
2026-06-24,2 hours ago,UA4429,Bombardier CRJ550,ORD,BHM,PZ2
2026-06-24,2 hours ago,UA4452,Bombardier CRJ550,ORD,BHM,PZ2
2026-05-06,2 hours ago,UA3548,Embraer E175,IAD,PWM,PZ2
2026-08-10,1 day ago,UA3596,Embraer E175,EWR,DTW,PZ1
2026-06-29,2 hours ago,UA4447,Bombardier CRJ550,ORD,BHM,PZ1
2026-06-29,2 hours ago,UA4380,Bombardier CRJ550,ORD,BHM,PZ1
2026-05-06,3 days ago,UA2486,Boeing 737-900,SAN,ORD,PZ8
2026-05-30,2 hours ago,UA4617,Bombardier CRJ550,ORD,BHM,PZ1
2026-08-28,8 hours ago,UA3556,Embraer E175,DTW,ORD,PZ1
2026-06-03,3 hours ago,UA3440,Embraer E175,CLT,ORD,PZ2
2026-07-21,10 hours ago,UA4731,Bombardier CRJ550,DEN,SAF,PZ2
2026-06-09,3 days ago,UA3427,Embraer E175,IND,ORD,PZ2
2026-06-09,3 days ago,UA3443,Embraer E175,IND,ORD,PZ2
2026-05-14,4 days ago,UA6271,Embraer E175,IAH,CMH,PZ1
2026-05-24,3 hours ago,UA1048,Boeing 737-800,CLT,ORD,PZ7
2026-05-22,3 hours ago,UA3713,Embraer E175,CLT,ORD,PZ4
2026-05-22,3 hours ago,UA4718,Embraer E175,CLT,ORD,PZ5
2026-05-22,6 hours ago,UA2005,Boeing 737-900,ORD,MSP,PZ1
2026-05-16,3 hours ago,UA3509,Embraer E175,CLT,ORD,PZ3
2026-05-22,8 hours ago,UA4467,Bombardier CRJ550,FSD,ORD,PZ5
2026-05-15,1 day ago,UA2172,Boeing 737 MAX 8,MSY,EWR,PZ1
2026-06-05,8 hours ago,UA4467,Bombardier CRJ550,FSD,ORD,PZ3
2026-06-05,8 hours ago,UA4441,Bombardier CRJ550,FSD,ORD,PZ3
2026-05-23,1 day ago,UA404,Boeing 737 MAX 9,IAH,EWR,PZ1
2026-06-10,8 hours ago,UA5701,Embraer E175,FSD,DEN,PZ2
2026-06-10,8 hours ago,UA4745,Bombardier CRJ550,FSD,DEN,PZ1
2026-06-01,8 hours ago,UA4745,Bombardier CRJ550,FSD,DEN,PZ2
2026-06-03,3 days ago,UA3427,Embraer E175,IND,ORD,PZ2
2026-06-03,8 hours ago,UA4467,Bombardier CRJ550,FSD,ORD,PZ2
2026-05-10,2 hours ago,UA4186,Bombardier CRJ550,GSO,IAD,PZ4
2026-09-23,4 days ago,UA837,Boeing 737 MAX 8,NRT,KHH,PZ3
2026-11-17,1 day ago,UA17,Boeing 777-200,LHR,EWR,PZ3
2026-05-10,2 hours ago,UA4403,Bombardier CRJ550,GSO,IAD,PZ1
2026-05-16,1 day ago,UA2235,Boeing 737-900,MSY,EWR,PZ3
2026-06-08,8 hours ago,UA4745,Bombardier CRJ550,FSD,DEN,PZ2
2026-06-08,8 hours ago,UA5492,Embraer E175,FSD,DEN,PZ1
2026-05-27,8 hours ago,UA4745,Bombardier CRJ550,FSD,DEN,PZ1
2026-10-20,2 days ago,UA3422,Embraer E175,SDF,ORD,PZ1
2026-05-07,4 days ago,UA3524,Embraer E175,CMH,ORD,PZ3
2026-07-06,4 days ago,UA5483,Embraer E175,DTW,ORD,PZ1
2026-10-21,2 days ago,UA3507,Embraer E175,SDF,ORD,PZ1
2026-05-25,3 hours ago,UA2355,Boeing 737 MAX 9,EWR,CHS,PZ4
2026-06-25,3 days ago,UA6020,Embraer E175,DEN,ICT,PZ1
2026-08-20,3 days ago,UA947,Boeing 767-300,AMS,IAD,PZ9
2026-07-24,5 hours ago,UA5483,Embraer E175,DTW,ORD,PZ1
2026-07-10,1 day ago,UA2247,Boeing 737-900,ORD,YYZ,PZ9
2026-06-16,3 days ago,UA4642,Embraer E175,AUS,LAX,PZ2
2026-06-02,1 day ago,UA4446,Bombardier CRJ550,DCA,EWR,PZ2
2026-06-16,3 hours ago,UA2796,Boeing 737 MAX 9,EWR,CHS,PZ2
2026-06-09,3 hours ago,UA2796,Boeing 737 MAX 9,EWR,CHS,PZ2
2026-05-24,2 hours ago,UA1596,Boeing 737 MAX 8,PDX,SFO,PZ3
2026-06-09,11 hours ago,UA958,Boeing 767-300,LHR,ORD,PZ9
2026-06-03,1 day ago,UA886,Boeing 757-200,EWR,LIM,PZ4
2026-05-16,3 hours ago,UA2608,Boeing 737 MAX 9,EWR,CHS,PZ7
2026-06-29,1 day ago,UA5410,Embraer E175,LAX,RNO,PZ1
2026-05-27,3 hours ago,UA2355,Boeing 737 MAX 9,EWR,CHS,PZ2
2026-05-11,3 hours ago,UA2151,Boeing 737 MAX 8,CLT,EWR,PZ2
2026-06-02,3 hours ago,UA3456,Embraer E175,CLT,EWR,PZ1
2026-08-24,2 days ago,UA1625,Boeing 737 MAX 9,ORD,OMA,PZ1
2026-08-23,1 day ago,UA6246,Embraer E175,IAD,DTW,PZ1
2026-06-14,3 hours ago,UA3517,Embraer E175,EWR,CLT,PZ3
2026-05-24,1 day ago,UA1635,Boeing 737 MAX 8,IAD,ATL,PZ4
2026-05-20,1 day ago,UA2081,Boeing 737-900,IAD,ATL,PZ3
2026-05-15,1 day ago,UA1635,Airbus A319,IAD,ATL,PZ4
2026-05-23,1 day ago,UA1635,Airbus A319,IAD,ATL,PZ5
2026-05-16,1 day ago,UA2739,Boeing 737-900,IAD,ATL,PZ1
2026-06-09,3 hours ago,UA3537,Embraer E175,EWR,CLT,PZ2
2026-05-13,1 day ago,UA2081,Boeing 737-900,IAD,ATL,PZ3
2026-07-18,1 day ago,UA3718,Embraer E175,GRR,EWR,PZ1
2026-05-12,1 day ago,UA1635,Boeing 737 MAX 8,IAD,ATL,PZ8
2026-07-01,1 day ago,UA4174,Bombardier CRJ550,DCA,EWR,PZ1
2026-07-15,1 day ago,UA3718,Embraer E175,GRR,EWR,PZ1
2026-05-05,1 day ago,UA1518,Boeing 737 Max 8,PUJ,EWR,PZ7
2026-05-24,3 hours ago,UA3533,Embraer E175,EWR,CLT,PZ1
2026-06-05,10 hours ago,UA1710,Boeing 737-800,ORD,SLC,PZ2
2026-05-21,2 days ago,UA532,Boeing 737-900,ATL,IAH,PZ4
2026-09-12,4 days ago,UA1366,Boeing 737 MAX 8,IAD,BNA,PZ1
2026-05-10,2 hours ago,UA4744,Bombardier CRJ550,BHM,ORD,PZ2
2026-06-18,2 hours ago,UA4449,Bombardier CRJ550,BHM,ORD,PZ1
2026-05-07,2 days ago,UA2661,Boeing 737-900,PHL,SFO,PZ3
2026-05-13,2 hours ago,UA4449,Bombardier CRJ550,BHM,ORD,PZ4
2026-05-13,2 hours ago,UA4171,Bombardier CRJ550,BHM,ORD,PZ2
2026-05-13,2 hours ago,UA4744,Bombardier CRJ550,BHM,ORD,PZ3
2026-05-23,2 hours ago,UA4449,Bombardier CRJ550,BHM,ORD,PZ5
2026-06-16,2 hours ago,UA4449,Bombardier CRJ550,BHM,ORD,PZ1
2026-05-21,2 hours ago,UA4669,Embraer E175,BHM,ORD,PZ5
2026-05-21,2 hours ago,UA4449,Bombardier CRJ550,BHM,ORD,PZ2
2026-06-14,2 hours ago,UA4449,Bombardier CRJ550,BHM,ORD,PZ2
2026-06-15,2 hours ago,UA4387,Bombardier CRJ550,BHM,ORD,PZ2
2026-09-07,2 days ago,UA151,Boeing 737-800,GUM,KIX,PZ1
2026-05-08,2 hours ago,UA4744,Bombardier CRJ550,BHM,ORD,PZ1
2026-05-12,1 day ago,UA5837,Embraer E175,BOI,DEN,PZ5
2026-06-19,3 days ago,UA5376,Embraer E175,MSP,SFO,PZ1
2026-06-16,3 hours ago,UA1289,Boeing 737 MAX 9,CHS,EWR,PZ4
2026-05-29,2 hours ago,UA4619,Bombardier CRJ550,BHM,ORD,PZ1
2026-05-06,2 hours ago,UA4648,Bombardier CRJ550,BHM,ORD,PZ1
2026-05-17,2 hours ago,UA4744,Bombardier CRJ550,BHM,ORD,PZ2
2026-06-02,2 hours ago,UA4387,Bombardier CRJ550,BHM,ORD,PZ2
2026-06-08,2 hours ago,UA951,Boeing 777-300ER,BRU,IAD,PZ9
2026-10-10,10 hours ago,UA4731,Bombardier CRJ550,DEN,SAF,PZ2
2026-06-01,2 hours ago,UA4449,Bombardier CRJ550,BHM,ORD,PZ3
2026-06-14,2 days ago,UA2739,Airbus A319,IAD,ATL,PZ1
2026-06-20,2 days ago,UA1635,Boeing 737 MAX 8,IAD,ATL,PZ1
2026-05-23,2 hours ago,UA4429,Bombardier CRJ550,ORD,BHM,PZ4
2026-06-23,2 hours ago,UA4387,Bombardier CRJ550,BHM,ORD,PZ2
2026-06-01,2 hours ago,UA4387,Bombardier CRJ550,BHM,ORD,PZ2
2026-05-26,2 hours ago,UA4619,Bombardier CRJ550,BHM,ORD,PZ2
2026-05-11,2 hours ago,UA4445,Bombardier CRJ550,ORD,BHM,PZ2
2026-05-11,2 hours ago,UA5354,Bombardier CRJ550,ORD,BHM,PZ1
2026-05-23,3 days ago,UA1884,Boeing 737 MAX 8,ORD,PHL,PZ1
2026-06-13,1 day ago,UA1214,Boeing 737-800,DEN,PHL,PZ1
2026-05-27,2 hours ago,UA4429,Bombardier CRJ550,ORD,BHM,PZ2
2026-05-27,2 hours ago,UA4617,Bombardier CRJ550,ORD,BHM,PZ1
2026-05-21,2 hours ago,UA4440,Bombardier CRJ550,ORD,BHM,PZ3
2026-06-03,23 hours ago,UA153,Boeing 787-9 Dreamliner,SGN,HKG,PZ9
2026-05-21,2 hours ago,UA4617,Bombardier CRJ550,ORD,BHM,PZ3
2026-05-08,4 hours ago,UA4755,Embraer E175,DEN,ICT,PZ3
2026-06-16,2 hours ago,UA4429,Bombardier CRJ550,ORD,BHM,PZ2
2026-06-16,2 hours ago,UA4452,Bombardier CRJ550,ORD,BHM,PZ2
2026-08-19,10 hours ago,UA4731,Bombardier CRJ550,DEN,SAF,PZ2
2026-05-08,4 hours ago,UA5355,Embraer E175,ICT,DEN,PZ1
2026-07-08,1 day ago,UA1227,Boeing 737-900,MCO,EWR,PZ2
2026-05-08,4 hours ago,UA5340,Embraer E175,ICT,DEN,PZ7
2026-05-21,4 hours ago,UA5408,Embraer E175,SLC,LAX,PZ4
2026-06-05,3 hours ago,UA3662,Embraer E175,ORD,CLT,PZ3
2026-05-25,3 hours ago,UA1748,Boeing 737-800,ORD,CLT,PZ1
2026-05-13,2 hours ago,UA4445,Bombardier CRJ550,ORD,BHM,PZ1
2026-09-29,10 hours ago,UA4731,Bombardier CRJ550,DEN,SAF,PZ2
2026-05-20,3 hours ago,UA5285,Embraer E175,ORD,CLT,PZ1
2026-06-08,2 hours ago,UA4429,Bombardier CRJ550,ORD,BHM,PZ3
2026-10-04,10 hours ago,UA4731,Bombardier CRJ550,DEN,SAF,PZ1
2026-05-13,2 hours ago,UA4599,Bombardier CRJ550,ORD,BHM,PZ3
2027-01-08,13 hours ago,UA973,Boeing 787-10 Dreamliner,BRU,ORD,PZ5
2026-05-18,2 hours ago,UA5354,Bombardier CRJ550,ORD,BHM,PZ1
2026-07-01,2 hours ago,UA4447,Bombardier CRJ550,ORD,BHM,PZ2
2026-05-17,2 hours ago,UA4599,Bombardier CRJ550,ORD,BHM,PZ1
2026-05-13,3 hours ago,UA2635,Boeing 737-900,ORD,CLT,PZ7
2026-05-12,2 hours ago,UA4599,Bombardier CRJ550,ORD,BHM,PZ5
2026-05-12,2 hours ago,UA4445,Bombardier CRJ550,ORD,BHM,PZ3
2026-05-12,2 hours ago,UA5354,Bombardier CRJ550,ORD,BHM,PZ2
2026-06-03,3 hours ago,UA3450,Embraer E175,ORD,CLT,PZ2
2026-06-30,2 days ago,UA3608,Embraer E175,EWR,MSN,PZ1
2026-06-15,1 day ago,UA4430,Bombardier CRJ550,DCA,EWR,PZ1
2026-07-30,10 hours ago,UA4731,Bombardier CRJ550,DEN,SAF,PZ1
2026-05-05,8 hours ago,UA2641,Boeing 737 Max 8,LAX,LAS,PZ5
2026-05-29,3 hours ago,UA3713,Embraer E175,CLT,ORD,PZ3
2026-08-28,10 hours ago,UA4731,Bombardier CRJ550,DEN,SAF,PZ1
2026-05-08,2 hours ago,UA3656,Embraer E175,LGA,IAD,PZ3
2026-06-16,8 hours ago,UA4467,Bombardier CRJ550,FSD,ORD,PZ2
2026-05-12,2 hours ago,UA3656,Embraer E175,LGA,IAD,PZ3
2026-05-31,3 hours ago,UA1048,Boeing 737-800,CLT,ORD,PZ4
2026-06-01,3 hours ago,UA4718,Embraer E175,CLT,ORD,PZ3
2026-07-28,3 days ago,UA1189,Boeing 737-800,SFO,SJD,PZ1
2026-05-26,8 hours ago,UA5319,Bombardier CRJ550,FSD,DEN,PZ1
2026-05-10,1 day ago,UA5397,Embraer E175,LAX,SLC,PZ5
2026-05-12,1 day ago,UA424,Boeing 737-800,LAX,SLC,PZ9
2026-05-29,8 hours ago,UA4745,Bombardier CRJ550,FSD,DEN,PZ3
2026-06-04,8 hours ago,UA5701,Embraer E175,FSD,DEN,PZ1
2026-05-24,8 hours ago,UA5701,Embraer E175,FSD,DEN,PZ6
2026-06-15,8 hours ago,UA5701,Embraer E175,FSD,DEN,PZ3
2026-05-28,8 hours ago,UA4745,Bombardier CRJ550,FSD,DEN,PZ2
2026-05-28,8 hours ago,UA5319,Embraer E175,FSD,DEN,PZ1
2026-05-21,8 hours ago,UA4745,Bombardier CRJ550,FSD,DEN,PZ5
2026-10-06,1 day ago,UA6132,Embraer E175,CLT,IAD,PZ2
2026-05-23,5 hours ago,UA3580,Embraer E175,EWR,GRR,PZ2
2026-05-30,16 hours ago,UA2438,Boeing 737 MAX 9,EWR,IAH,PZ2
2026-05-22,1 day ago,UA2224,Boeing 737 MAX 8,IAH,DCA,PZ2
2026-07-19,11 hours ago,UA482,Airbus A319,ORD,DCA,PZ1
2026-06-24,4 days ago,UA1492,Boeing 737-900,ORD,CMH,PZ2
2026-08-12,2 days ago,UA189,Boeing 777-300ER,SFO,MNL,PZ2
2026-05-10,2 days ago,UA6312,Embraer E175,IAH,CVG,PZ5
2026-08-15,6 hours ago,UA809,Boeing 777-300ER,SFO,MNL,PZ7
2026-07-08,1 day ago,UA2427,Boeing 737 MAX 9,OMA,ORD,PZ2
2026-05-22,3 hours ago,UA3448,Embraer E175,CLT,EWR,PZ4
2026-05-24,3 hours ago,UA798,Boeing 737 MAX 8,CLT,EWR,PZ5
2026-06-05,4 days ago,UA3692,Embraer E175,EWR,CMH,PZ1
2026-05-12,2 days ago,UA3540,Embraer E175,IAD,PIT,PZ3
2026-06-01,3 hours ago,UA798,Boeing 737 MAX 8,CLT,EWR,PZ2
2026-05-12,3 hours ago,UA371,Boeing 737-900,CLT,EWR,PZ8
2026-06-11,2 days ago,UA6027,Embraer E175,SFO,BOI,PZ2
2026-06-19,16 hours ago,UA197,Boeing 737 MAX 8,NRT,GUM,PZ1
2026-05-07,3 days ago,UA1472,Boeing 737 MAX 9,SDQ,EWR,PZ9
2026-05-09,2 days ago,UA4456,Bombardier CRJ550,IAD,PIT,PZ2
2026-08-17,2 days ago,UA1625,Boeing 737 MAX 9,ORD,OMA,PZ2
2026-05-29,1 day ago,UA4654,Embraer E175,ORD,ECP,PZ2
2026-05-29,3 hours ago,UA3517,Embraer E175,EWR,CLT,PZ2
2026-06-20,1 day ago,UA3683,Embraer E175,EWR,IND,PZ2
2026-09-04,1 day ago,UA3564,Embraer E175,EWR,MKE,PZ1
2026-05-26,2 days ago,UA6129,Embraer E175,ATL,IAH,PZ2
2026-07-22,1 day ago,UA1730,Boeing 737 MAX 9,SEA,LAX,PZ2
2026-05-13,2 hours ago,UA872,Boeing 777-300ER,TPE,SFO,PZ9
2026-06-16,4 days ago,UA2110,Boeing 737-800,IAH,ATL,PZ3
2026-06-16,4 days ago,UA1211,Airbus A319,IAH,ATL,PZ1
2026-06-16,4 days ago,UA1030,Airbus A319,IAH,ATL,PZ2
2026-05-15,2 days ago,UA1591,Boeing 737 MAX 9,IAH,ATL,PZ6
2026-05-05,2 hours ago,UA4697,Embraer E175,ALB,ORD,PZ5
2026-08-01,2 hours ago,UA357,Airbus A320,BUR,SFO,PZ2
2026-06-16,1 day ago,UA1563,Boeing 737-900,IAH,ONT,PZ6
2026-07-30,2 hours ago,UA2854,Boeing 737-800,BUR,SFO,PZ2
2026-09-21,1 day ago,UA3718,Embraer E175,GRR,EWR,PZ1
2026-06-11,2 days ago,UA2110,Boeing 737-800,IAH,ATL,PZ4
2026-05-28,2 days ago,UA3620,Embraer E175,EWR,MSN,PZ2
2026-05-29,2 hours ago,UA717,Boeing 737-900,MFR,SFO,PZ1
2026-05-24,4 days ago,UA6191,Embraer E175,IAH,ATL,PZ2
2026-05-29,2 hours ago,UA5883,Bombardier CRJ700,MFR,SFO,PZ1
2026-07-22,2 days ago,UA1856,Airbus A319,DSM,ORD,PZ2
2026-05-19,4 days ago,UA1398,Boeing 737-700,IAH,ATL,PZ4
2026-07-28,2 days ago,UA1856,Airbus A319,DSM,ORD,PZ1
2026-07-28,1 day ago,UA2376,Airbus A319,ATL,IAH,PZ2
2026-06-09,1 day ago,UA4572,Bombardier CRJ550,EWR,DCA,PZ1
2026-11-04,2 hours ago,UA3422,Embraer E175,SDF,ORD,PZ1
2026-11-04,2 hours ago,UA3507,Embraer E175,SDF,ORD,PZ1
2026-08-22,2 hours ago,UA3507,Embraer E175,SDF,ORD,PZ1
2026-08-22,2 hours ago,UA3653,Embraer E175,SDF,ORD,PZ1
2026-08-22,2 hours ago,UA4392,Bombardier CRJ550,SDF,ORD,PZ1
2026-08-22,2 hours ago,UA3518,Embraer E175,SDF,ORD,PZ1
2026-08-05,2 days ago,UA1856,Airbus A319,DSM,ORD,PZ2
2027-01-09,2 hours ago,UA3520,Embraer E175,SDF,ORD,PZ1
2026-06-02,2 days ago,UA3443,Embraer E175,IND,ORD,PZ3
2026-05-05,1 day ago,UA6238,Embraer E175,AGU,IAH,PZ4
2026-08-19,1 day ago,UA3718,Embraer E175,GRR,EWR,PZ2
2026-06-27,1 day ago,UA4172,Bombardier CRJ550,EWR,DCA,PZ1
2026-05-27,Just now,UA1649,Boeing 737-800,ORD,YYZ,PZ1
2026-05-12,6 hours ago,UA17,Boeing 767-300,LHR,EWR,PZ9
2026-05-22,Just now,UA552,Boeing 737 MAX 9,SFO,ONT,PZ3
2026-06-01,4 hours ago,UA941,Boeing 767-300,LHR,EWR,PZ9
2026-05-23,Just now,UA1649,Boeing 737-800,ORD,YYZ,PZ4
2026-05-26,Just now,UA5591,Embraer E175,ORD,YYZ,PZ9
2026-06-01,3 hours ago,UA3450,Embraer E175,CLT,EWR,PZ2
2026-06-01,3 hours ago,UA3456,Embraer E175,CLT,EWR,PZ2
2026-05-26,1 day ago,UA1464,Airbus A319,DEN,BOI,PZ5
2026-05-20,3 days ago,UA2322,Boeing 737-800,YVR,SFO,PZ3
2026-05-06,2 days ago,UA755,Boeing 737 MAX 9,IAD,BOS,PZ5
2026-05-27,Just now,UA5591,Embraer E175,ORD,YYZ,PZ9
2026-06-27,1 day ago,UA4765,Embraer E175,DEN,BOI,PZ2
2026-06-30,1 day ago,UA4765,Embraer E175,DEN,BOI,PZ2
2026-05-29,1 day ago,UA1464,Airbus A319,DEN,BOI,PZ1
2026-08-14,3 days ago,UA6288,Embraer E175,IAH,MLM,PZ5
2026-06-03,4 hours ago,UA4041,Embraer E175,TUL,IAH,PZ1
2026-06-09,1 day ago,UA1464,Airbus A319,DEN,BOI,PZ5
2026-12-25,1 day ago,UA5590,Embraer E175,SFO,SLC,PZ1
2026-06-09,1 day ago,UA2255,Boeing 737-800,DEN,BOI,PZ5
2026-06-04,1 day ago,UA1464,Airbus A319,DEN,BOI,PZ1
2026-11-14,1 day ago,UA3415,Embraer E175,EWR,SDF,PZ2
2026-07-06,3 days ago,UA6267,Embraer E175,IAH,TAM,PZ5
2026-07-13,3 days ago,UA6267,Embraer E175,IAH,TAM,PZ4
2026-05-08,1 day ago,UA5837,Embraer E175,BOI,DEN,PZ1
2026-06-08,1 day ago,UA6267,Embraer E175,IAH,TAM,PZ3
2026-09-13,1 day ago,UA3599,Embraer E175,EWR,SDF,PZ1
2026-06-23,1 day ago,UA2395,Boeing 737-800,BOI,DEN,PZ1
2026-06-23,1 day ago,UA5924,Embraer E175,BOI,DEN,PZ1
2026-09-13,1 day ago,UA3609,Embraer E175,EWR,SDF,PZ1
2026-08-17,3 days ago,UA6267,Embraer E175,IAH,TAM,PZ3
2026-05-11,1 day ago,UA5837,Embraer E175,BOI,DEN,PZ1
2026-05-11,1 day ago,UA5924,Embraer E175,BOI,DEN,PZ2
2026-08-26,3 days ago,UA6268,Embraer E175,TAM,IAH,PZ2
2026-11-17,1 day ago,UA3609,Embraer E175,EWR,SDF,PZ2
2026-05-08,22 hours ago,UA2741,Boeing 737-900,LAX,LAS,PZ2
2026-06-14,2 days ago,UA3482,Embraer E175,MSN,EWR,PZ3
2026-06-28,1 day ago,UA6268,Embraer E175,TAM,IAH,PZ5
2027-03-23,1 day ago,UA3609,Embraer E175,EWR,SDF,PZ2
2026-08-21,3 days ago,UA6268,Embraer E175,TAM,IAH,PZ5
2027-02-06,1 day ago,UA3415,Embraer E175,EWR,SDF,PZ1
2027-02-06,1 day ago,UA3609,Embraer E175,EWR,SDF,PZ2
2026-06-16,1 day ago,UA5924,Embraer E175,BOI,DEN,PZ1
2026-08-09,1 day ago,UA3512,Embraer E175,EWR,SDF,PZ1
2026-05-22,1 day ago,UA5073,Bombardier CRJ550,IAH,VCT,PZ7
2026-05-28,2 hours ago,UA16,Boeing 767-300,EWR,LHR,PZ9
2026-07-24,1 day ago,UA3512,Embraer E175,EWR,SDF,PZ1
2027-01-19,2 days ago,UA17,Boeing 777-200,LHR,EWR,PZ4
2026-07-01,1 day ago,UA2395,Boeing 737-800,BOI,DEN,PZ3
2027-01-19,2 days ago,UA941,Boeing 767-300,LHR,EWR,PZ3
2026-07-08,4 days ago,UA2291,Boeing 737-900,EWR,SAV,PZ4
2026-06-03,1 day ago,UA5924,Embraer E175,BOI,DEN,PZ5
2026-05-24,1 day ago,UA1734,Boeing 737 MAX 9,BOS,IAD,PZ2
2026-05-09,1 day ago,UA5837,Embraer E175,BOI,DEN,PZ7
2026-06-16,3 hours ago,UA2355,Boeing 737 MAX 9,EWR,CHS,PZ4
2026-07-01,1 day ago,UA5924,Embraer E175,BOI,DEN,PZ2
2026-05-27,1 day ago,UA4572,Bombardier CRJ550,EWR,DCA,PZ1
2026-06-02,3 hours ago,UA2355,Boeing 737 MAX 9,EWR,CHS,PZ1
2026-06-17,1 day ago,UA2395,Boeing 737-800,BOI,DEN,PZ2
2026-06-17,1 day ago,UA5924,Embraer E175,BOI,DEN,PZ2
2026-07-11,1 day ago,UA3512,Embraer E175,EWR,SDF,PZ2
2026-06-29,1 day ago,UA2395,Boeing 737-800,BOI,DEN,PZ1
2026-09-20,1 day ago,UA3609,Embraer E175,EWR,SDF,PZ1
2027-01-20,1 day ago,UA3609,Embraer E175,EWR,SDF,PZ2
2026-06-13,8 hours ago,UA4467,Bombardier CRJ550,FSD,ORD,PZ2
2026-05-22,2 hours ago,UA2413,Airbus A319,SFO,PDX,PZ3
2026-05-20,2 hours ago,UA5744,Embraer E175,SFO,PDX,PZ4
2026-05-21,2 hours ago,UA2384,Boeing 737 MAX 8,SFO,PDX,PZ2
2026-06-18,8 hours ago,UA5492,Embraer E175,FSD,DEN,PZ1
2026-06-07,8 hours ago,UA5701,Embraer E175,FSD,DEN,PZ3
2026-06-07,8 hours ago,UA5492,Embraer E175,FSD,DEN,PZ2
2026-10-20,2 days ago,UA3565,Embraer E175,IND,ORD,PZ1
2026-05-31,2 days ago,UA2069,Boeing 737-800,IAH,CVG,PZ1
2026-05-22,2 hours ago,UA5628,Embraer E175,SMF,LAX,PZ1
2026-06-11,1 day ago,UA4174,Bombardier CRJ550,DCA,EWR,PZ3
2026-09-05,2 days ago,UA3646,Embraer E175,IAD,CMH,PZ1
2026-05-16,2 hours ago,UA2047,Boeing 737 MAX 9,SFO,IAH,PZ6
2026-06-03,3 hours ago,UA2355,Boeing 737 MAX 9,EWR,CHS,PZ1
2026-06-15,3 hours ago,UA798,Boeing 737 MAX 8,CLT,EWR,PZ3
2026-06-04,3 hours ago,UA798,Boeing 737 MAX 8,CLT,EWR,PZ4
2026-06-23,4 days ago,UA1492,Boeing 737-900,ORD,CMH,PZ4
2026-05-13,2 days ago,UA5570,Embraer E175,IND,ORD,PZ3
2026-05-20,3 days ago,UA4493,Bombardier CRJ550,EWR,CAE,PZ3
2026-06-08,3 hours ago,UA3468,Embraer E175,CLT,EWR,PZ2
2026-05-14,2 days ago,UA4493,Bombardier CRJ550,EWR,CAE,PZ5
2026-10-01,1 day ago,UA3718,Embraer E175,GRR,EWR,PZ1
2026-08-22,2 days ago,UA1625,Boeing 737 MAX 9,ORD,OMA,PZ3
2026-05-18,7 hours ago,UA341,Airbus A320,LAX,AUS,PZ3
2027-03-10,1 day ago,UA3556,Embraer E175,DTW,ORD,PZ1
2026-05-19,5 hours ago,UA1990,Boeing 737-800,LAX,AUS,PZ1
2026-05-16,1 day ago,UA341,Airbus A320,LAX,AUS,PZ4
2026-06-05,3 hours ago,UA3468,Embraer E175,CLT,EWR,PZ2
2026-05-21,3 days ago,UA5328,Embraer E175,RNO,LAX,PZ4
2026-09-25,1 day ago,UA3718,Embraer E175,GRR,EWR,PZ1
2026-05-10,11 hours ago,UA624,Boeing 737-900,LAS,ORD,PZ7
2026-08-01,2 hours ago,UA488,Boeing 737 MAX 8,BUR,SFO,PZ3
2026-05-08,11 hours ago,UA2848,Boeing 737 MAX 9,EWR,MSY,PZ1
2027-02-16,1 day ago,UA934,Boeing 767-300,EWR,LHR,PZ2
2027-02-03,1 day ago,UA934,Boeing 767-300,EWR,LHR,PZ1
2026-05-08,2 days ago,UA1591,Boeing 737 MAX 9,IAH,ATL,PZ6
2027-02-23,1 day ago,UA16,Boeing 767-300,EWR,LHR,PZ1
2027-02-23,1 day ago,UA146,Boeing 767-300,EWR,LHR,PZ1
2027-02-23,1 day ago,UA14,Boeing 767-300,EWR,LHR,PZ1
2026-08-26,1 day ago,UA3718,Embraer E175,GRR,EWR,PZ2
2026-06-19,4 days ago,UA3614,Embraer E175,ORD,CMH,PZ1
2026-08-05,4 days ago,UA6271,Embraer E175,IAH,CMH,PZ1
2026-07-01,1 day ago,UA3718,Embraer E175,GRR,EWR,PZ2
2026-05-18,4 days ago,UA1591,Boeing 737 MAX 9,IAH,ATL,PZ2
2026-06-05,1 day ago,UA6153,Embraer E175,AGU,IAH,PZ6
2026-05-23,1 day ago,UA6153,Embraer E175,AGU,IAH,PZ7
2026-06-11,1 day ago,UA6238,Embraer E175,AGU,IAH,PZ6
2026-05-14,6 hours ago,UA872,Boeing 777-300ER,TPE,SFO,PZ7
2026-05-31,3 hours ago,UA3662,Embraer E175,ORD,CLT,PZ3
2026-11-24,1 day ago,UA123,Boeing 787-9 Dreamliner,LHR,EWR,PZ3
2026-11-24,1 day ago,UA17,Boeing 777-200,LHR,EWR,PZ4
2026-11-24,1 day ago,UA921,Boeing 767-300,LHR,EWR,PZ5
2026-11-24,1 day ago,UA15,Boeing 767-300,LHR,EWR,PZ2
2026-11-24,1 day ago,UA941,Boeing 767-300,LHR,EWR,PZ2
2026-05-12,2 days ago,UA3482,Embraer E175,MSN,EWR,PZ3
2026-07-05,2 days ago,UA3482,Embraer E175,MSN,EWR,PZ1
2026-09-12,3 days ago,UA6115,Embraer E175,ATL,IAD,PZ2
2026-06-30,6 hours ago,UA1856,Airbus A319,DSM,ORD,PZ1
2026-05-17,2 days ago,UA3571,Embraer E175,IND,EWR,PZ1
2026-12-23,4 days ago,UA1544,Boeing 737-800,DEN,TPA,PZ1
2026-06-24,Just now,UA5591,Embraer E175,ORD,YYZ,PZ8
2026-07-03,1 day ago,UA1856,Airbus A319,DSM,ORD,PZ1
2026-07-08,1 day ago,UA375,Boeing 737-900,EWR,BOS,PZ2
2026-07-26,3 days ago,UA6288,Embraer E175,IAH,MLM,PZ5
2026-05-19,1 day ago,UA1152,Boeing 737-900,ATL,EWR,PZ6
2026-12-30,4 days ago,UA1544,Boeing 737-800,DEN,TPA,PZ1
2026-05-13,9 hours ago,UA2488,Boeing 737-800,MSY,ORD,PZ2
2026-12-30,1 day ago,UA3609,Embraer E175,EWR,SDF,PZ2
2026-07-29,4 days ago,UA2291,Boeing 737-900,EWR,SAV,PZ4
2026-06-28,1 day ago,UA4765,Embraer E175,DEN,BOI,PZ1
2027-01-24,1 day ago,UA3599,Embraer E175,EWR,SDF,PZ1
2026-05-15,1 day ago,UA4588,Bombardier CRJ550,ICT,ORD,PZ5
2026-05-15,1 day ago,UA4415,Bombardier CRJ550,ICT,ORD,PZ5
2026-06-10,1 day ago,UA1464,Airbus A319,DEN,BOI,PZ5
2026-06-02,1 day ago,UA2395,Boeing 737-800,BOI,DEN,PZ6
2026-05-09,1 day ago,UA5923,Embraer E175,DEN,BOI,PZ1
2026-05-24,1 day ago,UA1464,Airbus A319,DEN,BOI,PZ1
2026-05-23,1 day ago,UA5345,Embraer E175,DEN,BOI,PZ1
2027-02-10,1 day ago,UA3609,Embraer E175,EWR,SDF,PZ2
2026-06-30,1 day ago,UA2395,Boeing 737-800,BOI,DEN,PZ3
2026-06-12,1 day ago,UA2395,Boeing 737-800,BOI,DEN,PZ1
2026-05-27,4 days ago,UA605,Boeing 737-900,DEN,BNA,PZ2
2026-05-26,1 day ago,UA5924,Embraer E175,BOI,DEN,PZ4
2026-10-19,1 day ago,UA3609,Embraer E175,EWR,SDF,PZ1
2026-05-13,1 day ago,UA5924,Embraer E175,BOI,DEN,PZ1
2026-09-19,1 day ago,UA3609,Embraer E175,EWR,SDF,PZ2
2026-05-07,1 day ago,UA5924,Embraer E175,BOI,DEN,PZ3
2026-06-08,1 day ago,UA4763,Embraer E175,SLC,SFO,PZ2
2026-05-19,1 day ago,UA5837,Embraer E175,BOI,DEN,PZ2
2027-01-19,2 days ago,UA123,Boeing 787-9 Dreamliner,LHR,EWR,PZ5
2026-06-17,3 days ago,UA1059,Boeing 737-900,CUN,IAH,PZ8
2027-02-03,1 day ago,UA3609,Embraer E175,EWR,SDF,PZ2
2027-03-10,1 day ago,UA3609,Embraer E175,EWR,SDF,PZ2
2027-02-27,1 day ago,UA3609,Embraer E175,EWR,SDF,PZ2
2026-06-03,4 hours ago,UA5810,Embraer E175,ICT,ORD,PZ2
2026-05-16,1 day ago,UA4763,Embraer E175,SLC,SFO,PZ4
2026-05-07,1 day ago,UA5837,Embraer E175,BOI,DEN,PZ4
2026-09-28,1 day ago,UA3609,Embraer E175,EWR,SDF,PZ1
2026-07-07,4 days ago,UA5456,Embraer E175,SLC,LAX,PZ2
2026-08-22,4 days ago,UA482,Airbus A320,ORD,DCA,PZ1
2026-06-11,2 days ago,UA2811,Boeing 737-800,ORD,ATL,PZ3
2026-07-13,1 day ago,UA3512,Embraer E175,EWR,SDF,PZ1
2026-09-29,1 day ago,UA3415,Embraer E175,EWR,SDF,PZ1
2026-08-04,1 day ago,UA632,Boeing 737 MAX 8,ATL,IAD,PZ2
2026-06-04,1 day ago,UA1635,Boeing 737 MAX 8,IAD,ATL,PZ4
2026-05-15,1 day ago,UA5457,Embraer E175,SLC,SFO,PZ4
2026-06-27,1 day ago,UA1752,Boeing 737-900,PBI,IAH,PZ2
2026-05-31,4 days ago,UA3545,Embraer E175,EWR,CMH,PZ2
2026-06-09,2 days ago,UA3620,Embraer E175,EWR,MSN,PZ2
2026-08-06,3 days ago,UA1635,Boeing 737 MAX 8,IAD,ATL,PZ1
2027-02-23,1 day ago,UA3609,Embraer E175,EWR,SDF,PZ2
2027-02-17,1 day ago,UA3609,Embraer E175,EWR,SDF,PZ1
2027-02-24,1 day ago,UA3609,Embraer E175,EWR,SDF,PZ2
2026-05-22,10 hours ago,UA1746,Boeing 737 MAX 9,DTW,ORD,PZ6
2027-01-27,1 day ago,UA3609,Embraer E175,EWR,SDF,PZ2
2026-05-23,4 hours ago,UA2669,Boeing 737-900,IAD,EWR,PZ1
2027-01-17,1 day ago,UA3599,Embraer E175,EWR,SDF,PZ1
2026-08-01,1 day ago,UA3415,Embraer E175,EWR,SDF,PZ2
2026-07-31,1 day ago,UA3512,Embraer E175,EWR,SDF,PZ1
2026-05-22,1 day ago,UA4763,Embraer E175,SLC,SFO,PZ1
2026-07-08,1 day ago,UA3512,Embraer E175,EWR,SDF,PZ2
2026-08-02,1 day ago,UA3512,Embraer E175,EWR,SDF,PZ1
2026-05-13,4 days ago,UA1862,Boeing 737-800,ATL,ORD,PZ2
2026-08-23,1 day ago,UA3599,Embraer E175,EWR,SDF,PZ1
2026-05-18,2 days ago,UA3620,Embraer E175,EWR,MSN,PZ6
2027-03-06,1 day ago,UA3609,Embraer E175,EWR,SDF,PZ2
2026-05-20,1 day ago,UA532,Boeing 737 MAX 9,ATL,IAH,PZ9
2026-05-07,3 days ago,UA1089,Boeing 737-700,MEX,IAH,PZ2
2026-05-19,1 day ago,UA632,Boeing 737-700,ATL,IAD,PZ6
2026-08-31,1 day ago,UA3415,Embraer E175,EWR,SDF,PZ1
2027-01-12,1 day ago,UA3609,Embraer E175,EWR,SDF,PZ2
2026-07-22,13 hours ago,UA4051,Embraer E175,XNA,IAH,PZ2
2026-09-14,1 day ago,UA3609,Embraer E175,EWR,SDF,PZ1
2026-07-06,13 hours ago,UA4051,Embraer E175,XNA,IAH,PZ1
2026-05-13,4 days ago,UA1050,Airbus A320,ORD,DTW,PZ6
2027-01-10,1 day ago,UA3609,Embraer E175,EWR,SDF,PZ1
2026-07-18,11 hours ago,UA539,Boeing 737-800,ORD,DFW,PZ3
2026-07-15,1 day ago,UA3421,Embraer E175,EWR,SDF,PZ1
2026-05-16,4 days ago,UA1492,Airbus A320,ORD,CMH,PZ4
2026-11-25,1 day ago,UA3609,Embraer E175,EWR,SDF,PZ1
2027-03-09,1 day ago,UA3609,Embraer E175,EWR,SDF,PZ2
2026-06-09,3 days ago,UA153,Boeing 787-9 Dreamliner,SGN,HKG,PZ9
2026-06-06,3 days ago,UA153,Boeing 787-9 Dreamliner,SGN,HKG,PZ9
2026-06-20,1 day ago,UA3491,Embraer E175,ORD,ECP,PZ2
2026-06-29,1 day ago,UA4654,Embraer E175,ORD,ECP,PZ1
2026-07-06,2 hours ago,UA1145,Boeing 737-900,SFO,CUN,PZ4
2026-06-26,1 day ago,UA6002,Embraer E175,ORD,ECP,PZ1
2026-06-02,3 hours ago,UA3537,Embraer E175,EWR,CLT,PZ2
2026-05-18,1 day ago,UA3609,Embraer E175,ORD,ECP,PZ2
2026-05-20,1 day ago,UA822,Airbus A319,MEX,SFO,PZ9
2026-05-13,3 hours ago,UA2161,Boeing 737 MAX 8,EWR,CLT,PZ1
2026-06-05,3 hours ago,UA3517,Embraer E175,EWR,CLT,PZ2
2026-06-29,16 hours ago,UA848,Boeing 737-800,HND,GUM,PZ3
2026-05-20,4 days ago,UA1719,Boeing 737-800,ORD,CMH,PZ2
2026-06-13,4 days ago,UA6271,Embraer E175,IAH,CMH,PZ2
2026-05-10,2 days ago,UA1381,Airbus A319,ORD,DCA,PZ1
2026-05-10,2 days ago,UA307,Boeing 737-700,ORD,DCA,PZ3
2026-07-11,2 hours ago,UA5485,Embraer E175,MCI,ORD,PZ2
2026-05-10,1 day ago,UA2052,Boeing 737-900,ORD,IAD,PZ1
2027-03-25,2 hours ago,UA973,Boeing 787-10 Dreamliner,BRU,ORD,PZ7
2026-08-12,1 day ago,UA3718,Embraer E175,GRR,EWR,PZ2
2026-08-04,4 hours ago,UA1847,Boeing 737-900,DFW,EWR,PZ2
2026-05-30,2 days ago,UA3482,Embraer E175,MSN,EWR,PZ2
2026-08-04,2 days ago,UA1856,Airbus A319,DSM,ORD,PZ1
2026-06-04,2 days ago,UA965,Boeing 767-300,NAP,EWR,PZ9
2026-06-09,1 day ago,UA2785,Boeing 737 MAX 9,EWR,MIA,PZ1
2026-06-16,23 hours ago,UA965,Boeing 767-300,NAP,EWR,PZ9
2026-06-09,1 day ago,UA2807,Boeing 737 MAX 9,EWR,MIA,PZ3
2026-05-09,Just now,UA448,Boeing 737-800,ORD,YYZ,PZ3
2026-07-07,1 day ago,UA2752,Boeing 737-800,CVG,ORD,PZ3
2026-07-07,1 day ago,UA1107,Airbus A320,CVG,ORD,PZ2
2026-09-11,3 days ago,UA6115,Embraer E175,ATL,IAD,PZ1
2026-07-07,1 day ago,UA3497,Embraer E175,CVG,ORD,PZ2
2026-07-07,1 day ago,UA1813,Boeing 737-900,CVG,ORD,PZ4
2026-06-26,Just now,UA5591,Embraer E175,ORD,YYZ,PZ1
2026-05-16,Just now,UA448,Boeing 737-800,ORD,YYZ,PZ9
2026-05-27,1 day ago,UA6237,Embraer E175,IAH,AGU,PZ9
2026-06-11,1 day ago,UA6153,Embraer E175,AGU,IAH,PZ6
2026-06-17,1 day ago,UA1464,Airbus A319,DEN,BOI,PZ1
2026-06-20,1 day ago,UA1491,Boeing 737-800,MCI,ORD,PZ3
2026-06-05,1 day ago,UA1464,Airbus A319,DEN,BOI,PZ1
2026-05-13,4 hours ago,UA681,Boeing 737 MAX 8,NAS,EWR,PZ8
2026-09-30,1 day ago,UA3609,Embraer E175,EWR,SDF,PZ2
2026-12-04,1 day ago,UA3609,Embraer E175,EWR,SDF,PZ1
2026-08-17,1 day ago,UA3609,Embraer E175,EWR,SDF,PZ1
2026-07-01,1 day ago,UA4765,Embraer E175,DEN,BOI,PZ2
2026-06-13,1 day ago,UA4718,Embraer E175,DEN,BOI,PZ3
2026-05-12,1 day ago,UA5471,Embraer E175,DEN,BOI,PZ4
2026-08-04,1 day ago,UA3415,Embraer E175,EWR,SDF,PZ2
2026-08-18,3 days ago,UA5237,Embraer E175,IAH,AGU,PZ5
2026-07-12,1 day ago,UA3512,Embraer E175,EWR,SDF,PZ1
2026-06-03,1 day ago,UA1464,Airbus A319,DEN,BOI,PZ2
2026-08-22,1 day ago,UA3609,Embraer E175,EWR,SDF,PZ2
2026-06-08,1 day ago,UA1464,Airbus A319,DEN,BOI,PZ1
2026-09-06,1 day ago,UA3599,Embraer E175,EWR,SDF,PZ1
2026-06-16,1 day ago,UA1464,Airbus A319,DEN,BOI,PZ5
2026-08-18,3 days ago,UA5073,Bombardier CRJ550,IAH,VCT,PZ9
2026-09-02,3 days ago,UA5073,Bombardier CRJ550,IAH,VCT,PZ9
2026-08-18,3 days ago,UA6288,Embraer E175,IAH,MLM,PZ5
2026-08-30,3 days ago,UA5073,Bombardier CRJ550,IAH,VCT,PZ9
2026-05-06,1 day ago,UA5837,Embraer E175,BOI,DEN,PZ1
2026-11-15,1 day ago,UA3609,Embraer E175,EWR,SDF,PZ1
2026-06-08,1 day ago,UA2395,Boeing 737-800,BOI,DEN,PZ1
2026-06-20,1 day ago,UA2395,Boeing 737-800,BOI,DEN,PZ2
2026-06-20,1 day ago,UA1782,Boeing 737-900,BOI,DEN,PZ2
2026-05-17,1 day ago,UA5837,Embraer E175,BOI,DEN,PZ1
2026-05-14,1 day ago,UA5924,Embraer E175,BOI,DEN,PZ1
2026-05-31,1 day ago,UA2395,Boeing 737-800,BOI,DEN,PZ1
2026-05-28,1 day ago,UA2395,Boeing 737-800,BOI,DEN,PZ3
2026-06-11,23 hours ago,UA1653,Boeing 737-900,CUN,LAX,PZ9
2027-02-02,1 day ago,UA3609,Embraer E175,EWR,SDF,PZ2
2026-09-11,1 day ago,UA3609,Embraer E175,EWR,SDF,PZ1
2026-09-20,7 hours ago,UA1569,Boeing 737-800,IAH,BZE,PZ5
2026-05-22,23 hours ago,UA4486,Bombardier CRJ550,EWR,DCA,PZ2
2026-10-10,1 day ago,UA3415,Embraer E175,EWR,SDF,PZ2
2026-07-22,4 days ago,UA2291,Boeing 737-900,EWR,SAV,PZ4
2026-09-05,1 day ago,UA3415,Embraer E175,EWR,SDF,PZ2
2026-08-17,6 hours ago,UA1408,Boeing 737-800,IAH,BZE,PZ6
2027-03-24,1 day ago,UA3609,Embraer E175,EWR,SDF,PZ1
2026-05-20,2 hours ago,UA1812,Airbus A320,SFO,PDX,PZ1
2026-05-22,6 hours ago,UA2135,Airbus A319,ORD,DTW,PZ6
2026-09-02,1 day ago,UA3415,Embraer E175,EWR,SDF,PZ1
2026-09-02,1 day ago,UA3609,Embraer E175,EWR,SDF,PZ2
2027-01-19,1 day ago,UA3609,Embraer E175,EWR,SDF,PZ2
2026-10-27,1 day ago,UA3609,Embraer E175,EWR,SDF,PZ2
2026-09-04,1 day ago,UA3609,Embraer E175,EWR,SDF,PZ1
2026-07-22,1 day ago,UA3421,Embraer E175,EWR,SDF,PZ2
2026-06-14,2 days ago,UA3652,Embraer E175,DTW,EWR,PZ1
2026-06-30,1 day ago,UA5744,Embraer E175,LAX,SLC,PZ2
2026-09-07,1 day ago,UA3415,Embraer E175,EWR,SDF,PZ1
2026-10-21,1 day ago,UA3609,Embraer E175,EWR,SDF,PZ2
2026-06-16,2 days ago,UA3620,Embraer E175,EWR,MSN,PZ2
2026-05-10,6 hours ago,UA341,Airbus A320,LAX,AUS,PZ3
2027-03-16,1 day ago,UA3609,Embraer E175,EWR,SDF,PZ2
2026-11-24,3 days ago,UA988,Boeing 777-300ER,FRA,IAD,PZ3
2027-01-26,1 day ago,UA3609,Embraer E175,EWR,SDF,PZ2
2026-06-02,1 day ago,UA4572,Bombardier CRJ550,EWR,DCA,PZ2
2027-02-26,1 day ago,UA3609,Embraer E175,EWR,SDF,PZ1
2026-05-09,1 day ago,UA3488,Embraer E175,EWR,DCA,PZ7
2027-03-17,1 day ago,UA3609,Embraer E175,EWR,SDF,PZ1
2026-07-06,1 day ago,UA3512,Embraer E175,EWR,SDF,PZ1
2026-06-02,4 days ago,UA3492,Embraer E175,EWR,CMH,PZ1
2026-07-29,1 day ago,UA3512,Embraer E175,EWR,SDF,PZ2
2027-03-03,1 day ago,UA3609,Embraer E175,EWR,SDF,PZ2
2026-07-20,1 day ago,UA3512,Embraer E175,EWR,SDF,PZ1
2026-12-17,5 hours ago,UA43,Boeing 777-300ER,FRA,EWR,PZ1
2027-03-02,1 day ago,UA3609,Embraer E175,EWR,SDF,PZ1
2026-06-15,1 day ago,UA5408,Embraer E175,SLC,LAX,PZ2
2026-09-22,1 day ago,UA3609,Embraer E175,EWR,SDF,PZ2
2026-08-08,1 day ago,UA3594,Embraer E175,SDF,EWR,PZ2
2026-11-23,1 day ago,UA3682,Embraer E175,SDF,EWR,PZ1
2026-06-20,5 hours ago,UA4023,Embraer E175,IAH,DFW,PZ2
2026-06-09,3 days ago,UA1085,Airbus A319,MEX,IAH,PZ6
2026-05-27,2 hours ago,UA4619,Bombardier CRJ550,BHM,ORD,PZ1
2027-03-03,1 day ago,UA3594,Embraer E175,SDF,EWR,PZ1
2026-05-13,4 hours ago,UA969,Boeing 777-200,AMS,SFO,PZ9
2026-05-25,6 hours ago,UA249,Boeing 737-800,YVR,ORD,PZ2
2026-05-17,3 days ago,UA153,Boeing 787-9 Dreamliner,SGN,HKG,PZ9
2026-06-03,4 days ago,UA3481,Embraer E175,EWR,CMH,PZ2
2026-11-14,1 day ago,UA3594,Embraer E175,SDF,EWR,PZ2
2027-01-06,1 day ago,UA3682,Embraer E175,SDF,EWR,PZ1
2027-01-06,1 day ago,UA3594,Embraer E175,SDF,EWR,PZ2
2026-08-11,3 days ago,UA1571,Boeing 737-900,IAH,MCO,PZ2
2026-06-10,3 days ago,UA153,Boeing 787-9 Dreamliner,SGN,HKG,PZ9
2026-08-25,1 day ago,UA3594,Embraer E175,SDF,EWR,PZ2
2026-10-05,1 day ago,UA3682,Embraer E175,SDF,EWR,PZ1
2026-10-05,1 day ago,UA3594,Embraer E175,SDF,EWR,PZ1
2027-02-09,1 day ago,UA3682,Embraer E175,SDF,EWR,PZ1
2027-02-09,1 day ago,UA3594,Embraer E175,SDF,EWR,PZ2
2027-02-09,1 day ago,UA3452,Embraer E175,SDF,EWR,PZ1
2026-12-10,1 day ago,UA958,Boeing 767-300,LHR,ORD,PZ4
2026-09-18,1 day ago,UA3594,Embraer E175,SDF,EWR,PZ1
2026-10-27,1 day ago,UA3594,Embraer E175,SDF,EWR,PZ2
2026-07-21,1 day ago,UA3594,Embraer E175,SDF,EWR,PZ2
2027-01-19,1 day ago,UA3682,Embraer E175,SDF,EWR,PZ1
2027-01-19,1 day ago,UA3594,Embraer E175,SDF,EWR,PZ1
2027-01-19,1 day ago,UA3452,Embraer E175,SDF,EWR,PZ1
2026-05-26,2 hours ago,UA4429,Bombardier CRJ550,ORD,BHM,PZ2
2026-05-16,4 days ago,UA4191,Bombardier CRJ550,EWR,RIC,PZ4
2026-06-20,2 days ago,UA5644,Embraer E175,SFO,BOI,PZ2
2027-03-24,1 day ago,UA3594,Embraer E175,SDF,EWR,PZ1
2026-05-24,1 day ago,UA2255,Boeing 737 MAX 9,DEN,BOI,PZ1
2027-01-13,1 day ago,UA3594,Embraer E175,SDF,EWR,PZ1
2026-06-06,2 days ago,UA6027,Embraer E175,SFO,BOI,PZ2
2026-05-16,1 day ago,UA5788,Embraer E175,DEN,BOI,PZ5
2026-07-21,1 day ago,UA3694,Embraer E175,SDF,EWR,PZ2
2026-08-19,1 day ago,UA6266,Embraer E175,SDF,IAH,PZ2
2026-07-05,1 day ago,UA3694,Embraer E175,SDF,EWR,PZ1
2026-07-07,1 day ago,UA3594,Embraer E175,SDF,EWR,PZ1
2026-07-07,1 day ago,UA3694,Embraer E175,SDF,EWR,PZ2
2026-07-13,4 days ago,UA1577,Airbus A319,ATL,ORD,PZ1
2026-11-25,1 day ago,UA3594,Embraer E175,SDF,EWR,PZ1
2026-07-27,1 day ago,UA3594,Embraer E175,SDF,EWR,PZ1
2026-05-31,3 days ago,UA153,Boeing 787-9 Dreamliner,SGN,HKG,PZ9
2026-10-31,1 day ago,UA6326,Embraer E175,SDF,IAH,PZ2
2026-05-10,3 days ago,UA651,Boeing 737 MAX 9,EWR,ORD,PZ5
2026-05-20,5 hours ago,UA1792,Boeing 737-900,EWR,DEN,PZ2
2026-05-07,4 days ago,UA426,Airbus A320,DTW,ORD,PZ4
2026-05-26,1 day ago,UA4433,Bombardier CRJ550,EWR,DCA,PZ1
2026-05-26,1 day ago,UA4432,Bombardier CRJ550,EWR,DCA,PZ1
2026-07-04,5 hours ago,UA2806,Boeing 737 MAX 9,ORD,DEN,PZ1
2026-09-30,1 day ago,UA6266,Embraer E175,SDF,IAH,PZ2
2026-05-12,1 day ago,UA4486,Bombardier CRJ550,EWR,DCA,PZ4
2026-06-07,4 days ago,UA4176,Bombardier CRJ550,EWR,RIC,PZ3
2026-11-03,3 hours ago,UA3556,Embraer E175,DTW,ORD,PZ2
2026-07-10,1 day ago,UA3512,Embraer E175,EWR,SDF,PZ1
2027-03-30,1 day ago,UA3609,Embraer E175,EWR,SDF,PZ1
2026-07-22,3 days ago,UA1635,Airbus A319,IAD,ATL,PZ1
2026-09-26,1 day ago,UA3415,Embraer E175,EWR,SDF,PZ1
2026-06-04,4 days ago,UA4386,Bombardier CRJ550,EWR,RIC,PZ2
2026-05-27,1 day ago,UA4457,Bombardier CRJ550,EWR,DCA,PZ3
2026-05-07,10 hours ago,UA3638,Embraer E175,EWR,CMH,PZ1
2026-06-27,4 days ago,UA1492,Boeing 737-900,ORD,CMH,PZ4
2026-07-17,1 day ago,UA3512,Embraer E175,EWR,SDF,PZ1
2026-06-15,1 day ago,UA5970,Embraer E175,SLC,SFO,PZ2
2026-05-26,1 day ago,UA2780,Boeing 737-800,LGA,ORD,PZ3
2026-06-11,3 hours ago,UA1043,Boeing 737 MAX 9,AUA,EWR,PZ4
2026-05-19,1 day ago,UA5411,Embraer E175,SFO,SLC,PZ2
2026-05-11,1 day ago,UA5753,Embraer E175,SFO,SLC,PZ5
2026-05-11,1 day ago,UA4805,Embraer E175,SFO,SLC,PZ1
2026-05-07,2 days ago,UA641,Boeing 737 MAX 9,IAD,BOS,PZ2
2026-05-13,1 day ago,UA4805,Embraer E175,SFO,SLC,PZ5
2026-08-07,1 day ago,UA3512,Embraer E175,EWR,SDF,PZ1
2026-08-18,1 day ago,UA3609,Embraer E175,EWR,SDF,PZ2
2026-05-23,1 day ago,UA543,Airbus A319,SFO,SLC,PZ3
2027-02-20,1 day ago,UA3609,Embraer E175,EWR,SDF,PZ2
2026-06-14,2 days ago,UA1239,Boeing 737-800,ATL,ORD,PZ2
2026-07-18,1 day ago,UA3512,Embraer E175,EWR,SDF,PZ2
2026-07-18,1 day ago,UA3415,Embraer E175,EWR,SDF,PZ1
2026-05-23,1 day ago,UA2419,Boeing 737-900,DEN,IAH,PZ6
2026-09-01,1 day ago,UA3415,Embraer E175,EWR,SDF,PZ1
2026-09-06,1 day ago,UA3594,Embraer E175,SDF,EWR,PZ1
2026-08-08,1 day ago,UA3682,Embraer E175,SDF,EWR,PZ2
2026-12-22,2 days ago,UA1562,Boeing 737 MAX 8,GUA,IAD,PZ3
2027-03-10,1 day ago,UA3594,Embraer E175,SDF,EWR,PZ1
2026-06-30,1 day ago,UA641,Boeing 737 MAX 9,IAD,BOS,PZ2
2026-08-02,1 day ago,UA3694,Embraer E175,SDF,EWR,PZ1
2026-06-16,4 days ago,UA3692,Embraer E175,EWR,CMH,PZ2
2026-08-15,1 day ago,UA3594,Embraer E175,SDF,EWR,PZ2
2027-02-24,1 day ago,UA3594,Embraer E175,SDF,EWR,PZ2
2026-06-02,1 day ago,UA5408,Embraer E175,SLC,LAX,PZ5
2026-10-22,1 day ago,UA3594,Embraer E175,SDF,EWR,PZ1
2026-08-26,1 day ago,UA3594,Embraer E175,SDF,EWR,PZ1
2026-11-03,1 day ago,UA3452,Embraer E175,SDF,EWR,PZ1
2026-07-15,3 days ago,UA2323,Boeing 737 MAX 9,IAH,MCO,PZ1
2026-12-24,4 days ago,UA5580,Embraer E175,LAX,HDN,PZ1
2026-05-18,2 days ago,UA1613,Boeing 737 MAX 8,EWR,MSY,PZ1
2026-07-25,3 days ago,UA3660,Embraer E175,ORD,IND,PZ1
2026-05-24,2 hours ago,UA4619,Bombardier CRJ550,BHM,ORD,PZ4
2026-06-25,3 days ago,UA152,Boeing 787-9 Dreamliner,HKG,SGN,PZ9
2026-08-22,2 days ago,UA1270,Boeing 737 MAX 9,ORD,PUJ,PZ6
2026-12-08,1 day ago,UA3594,Embraer E175,SDF,EWR,PZ1
2026-09-16,1 day ago,UA3594,Embraer E175,SDF,EWR,PZ2
2026-06-17,10 hours ago,UA2019,Boeing 737-900,SFO,DEN,PZ1
2026-11-19,1 day ago,UA3594,Embraer E175,SDF,EWR,PZ1
2026-05-22,9 hours ago,UA499,Boeing 737-700,BNA,EWR,PZ3
2026-06-02,1 day ago,UA4430,Bombardier CRJ550,DCA,EWR,PZ1
2026-06-02,1 day ago,UA4184,Bombardier CRJ550,DCA,EWR,PZ1
2027-01-30,1 day ago,UA3594,Embraer E175,SDF,EWR,PZ1
2026-10-03,1 day ago,UA3452,Embraer E175,SDF,EWR,PZ1
2026-10-03,1 day ago,UA3594,Embraer E175,SDF,EWR,PZ2
2026-05-09,1 day ago,UA1366,Boeing 737-800,IAD,BNA,PZ7
2026-07-05,2 days ago,UA3638,Embraer E175,EWR,CMH,PZ1
2026-05-12,4 days ago,UA4633,Embraer E175,ABQ,DEN,PZ5
2027-01-10,1 day ago,UA3594,Embraer E175,SDF,EWR,PZ1
2027-02-23,1 day ago,UA3452,Embraer E175,SDF,EWR,PZ1
2026-11-13,1 day ago,UA3594,Embraer E175,SDF,EWR,PZ1
2026-07-08,1 day ago,UA3594,Embraer E175,SDF,EWR,PZ2
2026-07-08,1 day ago,UA3694,Embraer E175,SDF,EWR,PZ2
2026-06-02,21 hours ago,UA22,Boeing 777-200,DUB,EWR,PZ9
2026-09-19,1 day ago,UA3594,Embraer E175,SDF,EWR,PZ2
2026-06-16,1 day ago,UA4174,Bombardier CRJ550,DCA,EWR,PZ2
2027-03-17,1 day ago,UA3594,Embraer E175,SDF,EWR,PZ1
2026-05-15,1 day ago,UA5788,Embraer E175,DEN,BOI,PZ2
2026-06-30,1 day ago,UA4184,Bombardier CRJ550,DCA,EWR,PZ1
2026-09-15,1 day ago,UA3594,Embraer E175,SDF,EWR,PZ2
2026-07-10,1 day ago,UA3594,Embraer E175,SDF,EWR,PZ1
2026-05-30,2 days ago,UA5393,Embraer E175,HSV,DEN,PZ2
2026-06-13,6 hours ago,UA1829,Boeing 737-900,IAH,MIA,PZ3
2026-05-11,1 day ago,UA5788,Embraer E175,DEN,BOI,PZ2
2027-03-23,1 day ago,UA3594,Embraer E175,SDF,EWR,PZ1
2026-09-22,1 day ago,UA3594,Embraer E175,SDF,EWR,PZ2
2026-06-13,2 days ago,UA1046,Boeing 737-700,ATL,ORD,PZ1
2026-07-28,1 day ago,UA3682,Embraer E175,SDF,EWR,PZ1
2026-07-28,1 day ago,UA3694,Embraer E175,SDF,EWR,PZ1
2026-06-27,1 day ago,UA6279,Embraer E175,CLT,IAD,PZ1
2027-03-01,1 day ago,UA3594,Embraer E175,SDF,EWR,PZ1
2026-05-19,1 day ago,UA5788,Embraer E175,DEN,BOI,PZ4
2027-03-01,1 day ago,UA3452,Embraer E175,SDF,EWR,PZ1
2027-03-16,1 day ago,UA3594,Embraer E175,SDF,EWR,PZ1
2026-10-31,1 day ago,UA3594,Embraer E175,SDF,EWR,PZ2
2026-09-24,1 day ago,UA3594,Embraer E175,SDF,EWR,PZ1
2026-10-31,1 day ago,UA3682,Embraer E175,SDF,EWR,PZ1
2026-07-03,1 day ago,UA3694,Embraer E175,SDF,EWR,PZ1
2026-05-09,1 day ago,UA283,Boeing 737 MAX 9,BOS,ORD,PZ9
2026-10-01,1 day ago,UA3594,Embraer E175,SDF,EWR,PZ1
2026-09-17,1 day ago,UA3594,Embraer E175,SDF,EWR,PZ1
2026-10-18,1 day ago,UA6279,Embraer E175,CLT,IAD,PZ1
2026-10-20,1 day ago,UA3682,Embraer E175,SDF,EWR,PZ1
2026-08-14,1 day ago,UA3594,Embraer E175,SDF,EWR,PZ1
2026-10-17,1 day ago,UA3452,Embraer E175,SDF,EWR,PZ1
2026-08-11,2 days ago,UA1695,Boeing 737 MAX 9,DFW,ORD,PZ3
2026-05-10,3 days ago,UA4451,Bombardier CRJ550,IAD,YOW,PZ1
2026-08-09,2 days ago,UA1695,Boeing 737-900,DFW,ORD,PZ2
2026-11-11,1 day ago,UA6266,Embraer E175,SDF,IAH,PZ1
2026-10-08,1 day ago,UA6266,Embraer E175,SDF,IAH,PZ1
2026-09-09,1 day ago,UA6266,Embraer E175,SDF,IAH,PZ2
2026-07-10,16 hours ago,UA1924,Boeing 737-800,YYC,DEN,PZ5
2026-08-15,1 day ago,UA6326,Embraer E175,SDF,IAH,PZ2
2026-05-25,2 hours ago,UA1986,Boeing 737 MAX 9,EWR,SLC,PZ1
2026-06-01,3 days ago,UA4632,Embraer E175,ACV,SFO,PZ2
2026-10-25,2 days ago,UA445,Boeing 737-800,ORD,MCI,PZ1
2026-07-17,1 day ago,UA6266,Embraer E175,SDF,IAH,PZ1
2026-05-19,1 day ago,UA1206,Boeing 737-900,EWR,ORD,PZ3
2026-09-16,1 day ago,UA6266,Embraer E175,SDF,IAH,PZ2
2026-08-29,1 day ago,UA6326,Embraer E175,SDF,IAH,PZ2
2026-08-12,1 day ago,UA6266,Embraer E175,SDF,IAH,PZ2
2026-05-31,3 hours ago,UA3517,Embraer E175,EWR,CLT,PZ1
2026-05-12,2 days ago,UA299,Boeing 737 MAX 9,ATL,EWR,PZ6
2026-05-06,2 days ago,UA1379,Boeing 737 Max 8,FAI,ORD,PZ8
2026-09-19,1 day ago,UA6326,Embraer E175,SDF,IAH,PZ2
2027-03-30,1 day ago,UA6310,Embraer E175,SDF,IAH,PZ1
2026-07-26,3 days ago,UA1334,Boeing 737-900,YYZ,ORD,PZ1
2026-05-09,2 days ago,UA1379,Boeing 737 MAX 8,FAI,ORD,PZ4
2026-07-26,3 days ago,UA6019,Embraer E175,YYZ,ORD,PZ1
2026-07-26,3 days ago,UA5934,Embraer E175,YYZ,ORD,PZ2
2027-01-05,4 days ago,UA6211,Embraer E175,IAD,PHL,PZ1
2026-07-28,7 hours ago,UA1334,Boeing 737-900,YYZ,ORD,PZ9
2026-07-04,4 hours ago,UA1419,Boeing 737 MAX 9,EWR,SJD,PZ2
2026-08-22,1 day ago,UA6326,Embraer E175,SDF,IAH,PZ2
2026-06-18,6 hours ago,UA6187,Embraer E175,IAH,STL,PZ1
2026-08-24,3 days ago,UA426,Airbus A319,DTW,ORD,PZ1
2026-10-03,1 day ago,UA6326,Embraer E175,SDF,IAH,PZ2
2026-10-14,1 day ago,UA6266,Embraer E175,SDF,IAH,PZ2
2026-08-06,1 day ago,UA6266,Embraer E175,SDF,IAH,PZ1
2026-07-23,1 day ago,UA6266,Embraer E175,SDF,IAH,PZ1
2026-10-24,1 day ago,UA6266,Embraer E175,SDF,IAH,PZ1
2026-10-24,1 day ago,UA6326,Embraer E175,SDF,IAH,PZ1
2026-07-19,1 day ago,UA4383,Bombardier CRJ550,ATW,ORD,PZ1
2026-07-19,1 day ago,UA4391,Bombardier CRJ550,ATW,ORD,PZ1
2026-07-19,1 day ago,UA4170,Bombardier CRJ550,ATW,ORD,PZ1
2026-07-19,1 day ago,UA4190,Bombardier CRJ550,ATW,ORD,PZ1
2026-06-10,4 hours ago,UA822,Airbus A319,MEX,SFO,PZ6
2026-07-26,3 days ago,UA1016,Boeing 737 MAX 9,IAH,CUN,PZ1
2026-05-28,4 days ago,UA718,Airbus A320,MEX,SFO,PZ1
2026-06-08,4 days ago,UA822,Airbus A319,MEX,SFO,PZ6
2026-09-05,1 day ago,UA6310,Embraer E175,SDF,IAH,PZ1
2026-05-22,4 days ago,UA718,Airbus A320,MEX,SFO,PZ5
2026-06-09,4 hours ago,UA1997,Boeing 737 MAX 8,IAD,EWR,PZ1
2026-05-05,4 days ago,UA1949,Boeing 737-900,LAX,SMF,PZ6
2026-05-05,4 days ago,UA1458,Boeing 737-900,LAX,SMF,PZ3
2026-05-05,4 hours ago,UA900,Boeing 787-9,LHR,SFO,PZ9
2026-07-19,1 day ago,UA6266,Embraer E175,SDF,IAH,PZ1
2026-06-13,1 day ago,UA5526,Embraer E175,LAX,SLC,PZ3
2026-06-30,3 days ago,UA1006,Boeing 737 MAX 9,LAX,LAS,PZ1
2026-11-17,1 day ago,UA822,Boeing 737 MAX 8,MEX,SFO,PZ1
2026-05-29,1 day ago,UA1496,Boeing 737-800,LAX,RNO,PZ1
2026-08-01,1 day ago,UA4050,Embraer E175,IAH,SDF,PZ1
2027-01-25,1 day ago,UA3682,Embraer E175,SDF,EWR,PZ1
2027-01-25,1 day ago,UA3594,Embraer E175,SDF,EWR,PZ1
2026-05-12,4 days ago,UA3614,Embraer E175,ORD,CMH,PZ5
2026-05-25,2 hours ago,UA4619,Bombardier CRJ550,BHM,ORD,PZ3
2026-05-25,2 hours ago,UA4449,Bombardier CRJ550,BHM,ORD,PZ3
2027-01-27,1 day ago,UA3594,Embraer E175,SDF,EWR,PZ1
2026-05-23,2 hours ago,UA4619,Bombardier CRJ550,BHM,ORD,PZ6
2027-01-09,1 day ago,UA3594,Embraer E175,SDF,EWR,PZ2
2026-12-21,1 day ago,UA3682,Embraer E175,SDF,EWR,PZ1
2026-06-09,4 days ago,UA1492,Boeing 737-900,ORD,CMH,PZ4
2026-06-16,3 days ago,UA152,Boeing 787-9 Dreamliner,HKG,SGN,PZ9
2027-03-09,1 day ago,UA3594,Embraer E175,SDF,EWR,PZ1
2026-06-02,3 days ago,UA496,Boeing 737-900,IAH,MCO,PZ1
2026-08-12,1 day ago,UA3594,Embraer E175,SDF,EWR,PZ2
2026-05-06,3 days ago,UA153,Boeing 787-9 Dreamliner,SGN,HKG,PZ9
2026-11-14,1 day ago,UA3682,Embraer E175,SDF,EWR,PZ1
2026-06-09,3 days ago,UA2310,Boeing 737-900,IAH,MCO,PZ1
2026-05-20,3 days ago,UA153,Boeing 787-9 Dreamliner,SGN,HKG,PZ9
2026-11-02,1 day ago,UA3594,Embraer E175,SDF,EWR,PZ1
2027-01-26,1 day ago,UA3682,Embraer E175,SDF,EWR,PZ2
2026-11-17,1 day ago,UA3682,Embraer E175,SDF,EWR,PZ1
2026-11-17,1 day ago,UA3452,Embraer E175,SDF,EWR,PZ1
2026-06-07,1 day ago,UA1085,Airbus A319,MEX,IAH,PZ4
2026-05-05,4 days ago,UA3545,Embraer E175,EWR,CMH,PZ4
2026-07-12,2 days ago,UA1517,Airbus A319,DFW,ORD,PZ1
2026-05-10,5 hours ago,UA3476,Embraer E175,ORD,DTW,PZ2
2026-09-23,1 day ago,UA3594,Embraer E175,SDF,EWR,PZ2
2026-05-10,1 day ago,UA5788,Embraer E175,DEN,BOI,PZ5
2026-07-14,1 day ago,UA3682,Embraer E175,SDF,EWR,PZ1
2026-07-14,1 day ago,UA3694,Embraer E175,SDF,EWR,PZ2
2026-05-14,13 hours ago,UA1753,Boeing 737 MAX 8,RDU,EWR,PZ3
2027-01-20,1 day ago,UA3594,Embraer E175,SDF,EWR,PZ2
2026-05-10,1 day ago,UA2484,Boeing 737 MAX 8,SAP,IAH,PZ8
2026-05-09,1 day ago,UA2014,Boeing 737-900,DEN,BOI,PZ2
2026-05-09,1 day ago,UA5788,Embraer E175,DEN,BOI,PZ1
2026-05-15,1 day ago,UA4167,Bombardier CRJ550,DCA,EWR,PZ3
2026-05-15,4 hours ago,UA1997,Boeing 737 MAX 8,IAD,EWR,PZ2
2026-12-24,4 days ago,UA5550,Embraer E175,LAX,SBP,PZ1
2026-05-16,9 hours ago,UA908,Boeing 767-300,AMS,ORD,PZ9
2027-02-03,1 day ago,UA3594,Embraer E175,SDF,EWR,PZ1
2026-12-24,4 days ago,UA2056,Boeing 737-900,LAX,SFO,PZ2
2026-10-20,1 day ago,UA6279,Embraer E175,CLT,IAD,PZ2
2026-11-05,1 day ago,UA3594,Embraer E175,SDF,EWR,PZ1
2026-12-24,4 days ago,UA5471,Embraer E175,LAX,PSP,PZ1
2026-10-22,1 day ago,UA6279,Embraer E175,CLT,IAD,PZ1
2026-07-06,1 day ago,UA1334,Boeing 737-900,YYZ,ORD,PZ1
2026-05-10,16 hours ago,UA492,Boeing 737 MAX 9,EWR,IAH,PZ2
2027-02-13,1 day ago,UA3594,Embraer E175,SDF,EWR,PZ1
2026-10-24,1 day ago,UA3594,Embraer E175,SDF,EWR,PZ2
2026-10-13,1 day ago,UA3594,Embraer E175,SDF,EWR,PZ2
2026-10-29,1 day ago,UA3594,Embraer E175,SDF,EWR,PZ1
2026-07-15,1 day ago,UA3694,Embraer E175,SDF,EWR,PZ1
2026-08-11,2 days ago,UA16,Boeing 767-300,EWR,LHR,PZ9
2026-05-20,1 day ago,UA4591,Bombardier CRJ550,DCA,EWR,PZ5
2026-07-22,1 day ago,UA3594,Embraer E175,SDF,EWR,PZ2
2026-07-25,7 hours ago,UA2247,Boeing 737-900,ORD,YYZ,PZ9
2026-09-16,23 hours ago,UA2672,Boeing 737-900,ORD,PNS,PZ4
2026-05-30,3 days ago,UA4632,Embraer E175,ACV,SFO,PZ3
2026-05-30,3 days ago,UA5313,Embraer E175,ACV,SFO,PZ3
2026-05-30,3 days ago,UA4655,Embraer E175,ACV,SFO,PZ4
2026-09-09,3 days ago,UA4386,Bombardier CRJ550,EWR,RIC,PZ2
2026-08-01,1 day ago,UA6266,Embraer E175,SDF,IAH,PZ2
2026-07-29,1 day ago,UA6266,Embraer E175,SDF,IAH,PZ2
2026-05-08,1 day ago,UA2122,Boeing 737-900,EWR,PUJ,PZ5
2026-09-03,1 day ago,UA6266,Embraer E175,SDF,IAH,PZ1
2026-05-23,2 days ago,UA6123,Embraer E175,IAH,BNA,PZ1
2026-08-18,1 day ago,UA6266,Embraer E175,SDF,IAH,PZ1
2026-05-11,10 hours ago,UA4457,Bombardier CRJ550,EWR,DCA,PZ1
2026-05-12,2 hours ago,UA4072,Embraer E175,LGA,IAD,PZ4
2026-05-28,3 hours ago,UA3533,Embraer E175,EWR,CLT,PZ1
2026-05-22,5 hours ago,UA1792,Airbus A321neo,EWR,DEN,PZ3
2026-08-04,4 days ago,UA2681,Boeing 737 MAX 8,SFO,YUL,PZ8
2026-08-22,2 days ago,UA5732,Embraer E175,RDU,ORD,PZ2
2026-08-11,2 days ago,UA2638,Boeing 737-900,RDU,ORD,PZ2
2026-08-08,4 days ago,UA1189,Boeing 737-800,SFO,SJD,PZ3
2026-05-14,3 days ago,UA1059,Boeing 737-900,CUN,IAH,PZ9
2026-08-05,1 day ago,UA6310,Embraer E175,SDF,IAH,PZ1
2026-06-04,2 days ago,UA2219,Boeing 737 MAX 9,SJU,EWR,PZ4
2026-07-04,1 day ago,UA6266,Embraer E175,SDF,IAH,PZ2
2026-05-11,4 days ago,UA4722,Embraer E175,DTW,ORD,PZ4
2026-07-27,7 hours ago,UA1334,Boeing 737-900,YYZ,ORD,PZ9
2026-07-27,5 hours ago,UA1119,Airbus A321neo,DEN,CUN,PZ1
2026-05-11,4 hours ago,UA1997,Boeing 737-900,IAD,EWR,PZ1
2026-06-17,2 days ago,UA2219,Boeing 737 MAX 9,SJU,EWR,PZ9
2026-07-27,7 hours ago,UA763,Boeing 737-800,YYZ,ORD,PZ1
2026-05-12,3 days ago,UA1058,Boeing 737 MAX 9,CUN,IAH,PZ3
2026-05-18,4 hours ago,UA4187,Bombardier CRJ550,IAD,EWR,PZ1
2026-07-15,1 day ago,UA6266,Embraer E175,SDF,IAH,PZ1
2026-07-06,4 days ago,UA1746,Boeing 737 MAX 9,DTW,ORD,PZ2
2026-08-07,1 day ago,UA6266,Embraer E175,SDF,IAH,PZ1
2026-06-25,9 hours ago,UA322,Boeing 767-300,VCE,IAD,PZ9
2026-07-05,2 days ago,UA3476,Embraer E175,EWR,BUF,PZ1
2026-09-01,1 day ago,UA6266,Embraer E175,SDF,IAH,PZ1
2026-05-22,23 hours ago,UA4386,Bombardier CRJ550,EWR,RIC,PZ5
2026-06-17,4 days ago,UA71,Boeing 777-200,AMS,EWR,PZ9
2026-05-11,3 days ago,UA429,Airbus A319,IAH,MEX,PZ7
2026-05-11,3 days ago,UA1028,Airbus A319,IAH,MEX,PZ1
2026-06-16,4 days ago,UA718,Airbus A320,MEX,SFO,PZ6
2026-06-15,4 days ago,UA822,Airbus A319,MEX,SFO,PZ6
2026-05-13,2 days ago,UA2179,Airbus A320,SFO,LAX,PZ6
2026-09-07,7 hours ago,UA6214,Embraer E175,IAH,STL,PZ1
2026-06-04,4 days ago,UA718,Airbus A320,MEX,SFO,PZ5
2026-08-25,1 day ago,UA6266,Embraer E175,SDF,IAH,PZ1
2026-08-25,1 day ago,UA6310,Embraer E175,SDF,IAH,PZ1
2026-05-23,1 day ago,UA285,Boeing 737-800,LGA,ORD,PZ6
2026-05-16,9 hours ago,UA737,Boeing 737-800,SEA,SFO,PZ7
2026-05-12,1 day ago,UA2121,Airbus A320,SEA,SFO,PZ1
2026-05-12,1 day ago,UA5676,Embraer E175,SEA,SFO,PZ5
2026-05-09,9 hours ago,UA676,Boeing 737-900,ORD,MSY,PZ1
2026-08-15,4 days ago,UA2854,Airbus A319,BUR,SFO,PZ1
2026-08-15,4 days ago,UA1665,Boeing 737-800,ONT,SFO,PZ1
2026-08-22,1 day ago,UA3990,Embraer E175,IAH,SDF,PZ2
2026-08-22,1 day ago,UA4050,Embraer E175,IAH,SDF,PZ2
2026-06-13,1 day ago,UA3412,Embraer E175,EWR,DTW,PZ1
2026-11-17,1 day ago,UA4050,Embraer E175,IAH,SDF,PZ1
2026-05-10,1 day ago,UA4174,Bombardier CRJ550,DCA,EWR,PZ1
2026-05-25,1 day ago,UA3412,Embraer E175,EWR,DTW,PZ2
2026-11-17,1 day ago,UA4052,Embraer E175,IAH,SDF,PZ1
2026-12-08,1 day ago,UA4052,Embraer E175,IAH,SDF,PZ1
2026-05-31,19 hours ago,UA838,Boeing 737-800,KHH,NRT,PZ3
2026-06-30,1 day ago,UA5811,Embraer E175,RAP,ORD,PZ2
2026-05-23,1 day ago,UA5733,Embraer E175,RAP,ORD,PZ1
2026-05-22,1 day ago,UA1623,Boeing 737-900,RAP,ORD,PZ4
2026-05-22,1 day ago,UA5811,Embraer E175,RAP,ORD,PZ4
2026-05-08,1 day ago,UA5500,Embraer E175,RAP,ORD,PZ1
2026-05-16,1 day ago,UA5779,Embraer E175,RAP,ORD,PZ1
2026-07-25,2 days ago,UA2037,Boeing 737-700,MTY,IAH,PZ5
2026-07-25,2 days ago,UA1853,Boeing 737-700,MTY,IAH,PZ5
2026-07-25,2 days ago,UA5243,Embraer E175,MTY,IAH,PZ5
2026-05-10,1 day ago,UA5779,Embraer E175,RAP,ORD,PZ3
2026-05-21,1 day ago,UA5811,Embraer E175,RAP,ORD,PZ4
2026-06-23,4 hours ago,UA905,Boeing 777-200,LHR,EWR,PZ9
2026-06-08,1 day ago,UA2325,Boeing 737 MAX 9,DEN,RAP,PZ1
2026-06-08,1 day ago,UA1623,Boeing 737-900,DEN,RAP,PZ1
2026-05-28,1 day ago,UA2325,Boeing 737 MAX 9,DEN,RAP,PZ4
2026-05-28,1 day ago,UA5556,Bombardier CRJ550,DEN,RAP,PZ1
2026-05-12,1 day ago,UA494,Boeing 737-900,DEN,RAP,PZ2
2026-05-12,1 day ago,UA5303,Embraer E175,DEN,RAP,PZ6
2026-06-28,4 days ago,UA1871,Airbus A319,AUS,IAH,PZ1
2026-06-23,7 hours ago,UA951,Boeing 777-300ER,BRU,IAD,PZ9
2026-06-22,1 day ago,UA1720,Airbus A319,RAP,DEN,PZ1
2026-06-20,1 day ago,UA2781,Boeing 737-900,DEN,RAP,PZ1
2026-07-01,1 day ago,UA5927,Bombardier CRJ550,DEN,RAP,PZ2
2026-05-26,1 day ago,UA1720,Boeing 737-800,RAP,DEN,PZ1
2026-07-15,20 hours ago,UA151,Boeing 737-800,GUM,KIX,PZ4
2026-06-20,2 days ago,UA2442,Boeing 737-800,CVG,IAH,PZ2
2026-05-07,2 days ago,UA2442,Boeing 737-800,CVG,IAH,PZ3
2026-05-30,21 hours ago,UA1973,Boeing 737-800,SFO,YVR,PZ1
2026-06-09,2 days ago,UA2442,Boeing 737-800,CVG,IAH,PZ1
2026-05-12,2 days ago,UA2442,Boeing 737-800,CVG,IAH,PZ2
2026-07-13,4 hours ago,UA3477,Embraer E175,EWR,PIT,PZ1
2026-06-15,4 hours ago,UA3564,Embraer E175,EWR,MKE,PZ2
2026-06-03,10 hours ago,UA2363,Airbus A320,SFO,BUR,PZ3
2026-05-08,1 day ago,UA1767,Boeing 737-800,RAP,DEN,PZ5
2026-05-08,1 day ago,UA2030,Boeing 737-900,RAP,DEN,PZ9
2026-05-08,1 day ago,UA5576,Embraer E175,RAP,DEN,PZ4
2026-08-18,2 days ago,UA1448,Boeing 737-900,RDU,ORD,PZ3
2026-06-24,1 day ago,UA1767,Boeing 737 MAX 9,RAP,DEN,PZ3
2026-05-28,1 day ago,UA1720,Boeing 737-800,RAP,DEN,PZ1
2026-05-28,1 day ago,UA5805,Bombardier CRJ550,RAP,DEN,PZ1
2026-06-05,19 hours ago,UA838,Boeing 737-800,KHH,NRT,PZ4
2027-03-08,8 hours ago,UA945,Boeing 787-10 Dreamliner,FRA,ORD,PZ6
2026-05-15,1 day ago,UA3468,Embraer E175,EWR,STL,PZ1
2026-05-09,2 hours ago,UA2476,Boeing 737-800,SFO,SAN,PZ6
2026-08-24,22 hours ago,UA1194,Boeing 737 MAX 9,IAD,SAL,PZ8
2026-06-02,19 hours ago,UA838,Boeing 737-800,KHH,NRT,PZ3
2026-05-12,1 day ago,UA1577,Boeing 737 MAX 9,SFO,SAN,PZ1
2026-05-31,3 hours ago,UA1748,Boeing 737-800,ORD,CLT,PZ4
2026-06-29,3 hours ago,UA3537,Embraer E175,EWR,CLT,PZ1
2026-05-18,2 days ago,UA5561,Embraer E175,SHV,DEN,PZ1
2026-06-04,1 day ago,UA1150,Boeing 737 MAX 9,ORD,DTW,PZ4
2026-06-04,1 day ago,UA5867,Embraer E175,ORD,DTW,PZ2
2026-06-05,1 day ago,UA2426,Airbus A320,ORD,DTW,PZ1
2026-06-05,1 day ago,UA5232,Embraer E175,ORD,DTW,PZ3
2026-05-16,7 hours ago,UA5873,Embraer E175,LAX,SEA,PZ5
2026-05-13,8 hours ago,UA5408,Embraer E175,LAX,SEA,PZ6
2026-11-10,1 day ago,UA2749,Boeing 737 MAX 8,BWI,ORD,PZ1
2026-08-25,1 day ago,UA951,Boeing 777-300ER,BRU,IAD,PZ9
2027-02-03,2 days ago,UA837,Boeing 737 MAX 8,NRT,KHH,PZ1
2026-09-02,4 days ago,UA1602,Boeing 737 MAX 8,FCA,DEN,PZ1
2026-07-01,1 day ago,UA1711,Airbus A319,AUS,EWR,PZ1
2027-02-22,3 days ago,UA1114,Boeing 737-900,IAH,CUN,PZ1
2026-05-21,2 days ago,UA5561,Embraer E175,SHV,DEN,PZ1
2026-05-30,4 hours ago,UA2127,Boeing 737-800,SFO,LAX,PZ1
2026-05-11,2 days ago,UA5561,Embraer E175,SHV,DEN,PZ2
2026-09-03,4 days ago,UA1602,Boeing 737 MAX 8,FCA,DEN,PZ1
2026-05-17,2 days ago,UA5561,Embraer E175,SHV,DEN,PZ4
2026-06-09,17 hours ago,UA22,Boeing 777-200,DUB,EWR,PZ9
2026-05-17,1 day ago,UA2324,Boeing 737-800,DEN,CID,PZ5
2026-05-07,3 days ago,UA153,Boeing 787-9 Dreamliner,SGN,HKG,PZ9
2026-05-23,1 day ago,UA5677,Embraer E175,DEN,CID,PZ4
2026-05-24,1 day ago,UA2324,Boeing 737-900,DEN,CID,PZ1
2026-05-22,3 days ago,UA153,Boeing 787-9 Dreamliner,SGN,HKG,PZ9
2026-07-29,1 day ago,UA3594,Embraer E175,SDF,EWR,PZ2
2026-06-01,1 day ago,UA5677,Embraer E175,DEN,CID,PZ1
2026-07-21,1 day ago,UA6310,Embraer E175,SDF,IAH,PZ1
2026-07-30,1 day ago,UA6266,Embraer E175,SDF,IAH,PZ1
2026-07-14,1 day ago,UA1679,Boeing 737 MAX 9,SFO,CUN,PZ2
2026-08-08,1 day ago,UA6326,Embraer E175,SDF,IAH,PZ2
2026-07-10,1 day ago,UA6266,Embraer E175,SDF,IAH,PZ1
2026-06-04,1 day ago,UA810,Boeing 777-300ER,MNL,SFO,PZ9
2026-07-08,1 day ago,UA6310,Embraer E175,SDF,IAH,PZ1
2026-05-25,10 hours ago,UA4673,Embraer E175,DTW,ORD,PZ2
2026-08-19,1 day ago,UA2620,Boeing 737-900,ORD,MCO,PZ2
2026-07-19,1 day ago,UA3565,Embraer E175,GRB,ORD,PZ1
2026-05-10,10 hours ago,UA4723,Embraer E175,BUR,SFO,PZ6
2026-05-23,5 hours ago,UA16,Boeing 767-300,EWR,LHR,PZ9
2026-06-27,4 days ago,UA1789,Boeing 737 MAX 8,RDU,IAD,PZ1
2026-10-21,1 day ago,UA6266,Embraer E175,SDF,IAH,PZ1
2026-05-20,3 hours ago,UA3618,Embraer E175,ORD,CLT,PZ6
2026-07-30,3 days ago,UA4430,Bombardier CRJ550,DCA,EWR,PZ1
2026-07-30,3 days ago,UA4174,Bombardier CRJ550,DCA,EWR,PZ1
2026-06-03,4 days ago,UA1269,Airbus A320,ORD,BWI,PZ1
2026-08-25,4 days ago,UA1705,Boeing 737-700,ORD,DCA,PZ1
2026-08-25,4 days ago,UA1908,Boeing 737-900,ORD,IAD,PZ3
2026-08-25,4 days ago,UA2277,Boeing 737-900,ORD,IAD,PZ1
2026-05-29,1 day ago,UA5811,Embraer E175,RAP,ORD,PZ3
2026-05-07,1 day ago,UA5303,Embraer E175,DEN,RAP,PZ6
2026-05-07,1 day ago,UA5225,Bombardier CRJ700,DEN,RAP,PZ4
2026-05-07,4 days ago,UA1694,Boeing 737 MAX 9,CUN,IAD,PZ3
2026-05-22,3 days ago,UA6177,Embraer E175,IAH,LFT,PZ3
2026-05-10,2 hours ago,UA4449,Bombardier CRJ550,BHM,ORD,PZ2
2026-05-09,2 hours ago,UA4744,Bombardier CRJ550,BHM,ORD,PZ7
2026-05-13,1 day ago,UA5303,Embraer E175,DEN,RAP,PZ1
2026-05-09,1 day ago,UA494,Boeing 737-900,DEN,RAP,PZ1
2026-05-09,1 day ago,UA5225,Bombardier CRJ700,DEN,RAP,PZ1
2026-05-10,1 day ago,UA494,Boeing 737-900,DEN,RAP,PZ2
2026-05-05,23 hours ago,UA125,Boeing 787-10 Dreamliner,ATH,EWR,PZ8
2026-06-30,1 day ago,UA5927,Bombardier CRJ550,DEN,RAP,PZ2
2026-06-30,1 day ago,UA5891,Embraer E175,DEN,RAP,PZ1
2026-06-05,1 day ago,UA3600,Embraer E175,ORD,RDU,PZ2
2026-05-10,3 days ago,UA1020,Boeing 737 MAX 9,IAH,CUN,PZ9
2026-06-23,1 day ago,UA2325,Boeing 737 MAX 9,DEN,RAP,PZ1
2026-05-10,3 days ago,UA1619,Boeing 737 MAX 9,IAH,CUN,PZ3
2026-06-23,1 day ago,UA5556,Bombardier CRJ550,DEN,RAP,PZ1
2026-08-26,1 day ago,UA322,Boeing 767-300,VCE,IAD,PZ9
2026-05-29,4 hours ago,UA412,Airbus A319,SFO,MEX,PZ2
2026-05-30,1 day ago,UA5891,Embraer E175,DEN,RAP,PZ2
2026-06-01,1 day ago,UA2325,Boeing 737 MAX 9,DEN,RAP,PZ3
2026-08-02,20 hours ago,UA838,Boeing 737-800,KHH,NRT,PZ1
2026-06-03,1 day ago,UA2325,Boeing 737-800,DEN,RAP,PZ2
2026-08-22,20 hours ago,UA838,Boeing 737 MAX 8,KHH,NRT,PZ4
2026-05-11,1 day ago,UA5303,Embraer E175,DEN,RAP,PZ3
2026-08-11,1 day ago,UA1389,Boeing 737 MAX 9,SFO,SAN,PZ3
2026-05-09,3 days ago,UA4649,Embraer E175,SBA,LAX,PZ1
2026-06-07,1 day ago,UA2325,Boeing 737 MAX 9,DEN,RAP,PZ3
2026-05-16,18 hours ago,UA31,Boeing 767-400ER,MUC,EWR,PZ9
2026-05-10,5 hours ago,UA1050,Airbus A320,ORD,DTW,PZ1
2026-08-22,2 days ago,UA2638,Boeing 737-900,RDU,ORD,PZ3
2026-05-13,1 day ago,UA2213,Airbus A321neo,ORD,BOS,PZ4
2026-05-06,4 days ago,UA5339,Bombardier CRJ700,SNA,SFO,PZ1
2026-05-22,1 day ago,UA1767,Boeing 737 MAX 9,RAP,DEN,PZ3
2026-11-17,1 day ago,UA921,Boeing 767-300,LHR,EWR,PZ4
2026-11-17,1 day ago,UA15,Boeing 767-300,LHR,EWR,PZ3
2026-06-17,1 day ago,UA1623,Boeing 737-900,DEN,RAP,PZ2
2026-11-04,1 day ago,UA2749,Boeing 737 MAX 8,BWI,ORD,PZ2
2026-06-10,1 day ago,UA31,Boeing 767-300,MUC,EWR,PZ9
2026-05-07,1 day ago,UA2030,Boeing 737-900,RAP,DEN,PZ4
2026-05-07,1 day ago,UA5884,Bombardier CRJ700,RAP,DEN,PZ3
2027-01-08,4 days ago,UA5916,Embraer E175,SLC,LAX,PZ1
2026-06-05,1 day ago,UA3552,Embraer E175,DCA,ORD,PZ1
2026-05-23,1 day ago,UA1720,Airbus A319,RAP,DEN,PZ4
2027-01-17,4 days ago,UA5408,Embraer E175,SLC,LAX,PZ1
2026-05-24,1 day ago,UA1720,Airbus A319,RAP,DEN,PZ3
2027-01-16,4 days ago,UA5916,Embraer E175,SLC,LAX,PZ2
2026-06-01,1 day ago,UA1720,Airbus A319,RAP,DEN,PZ3
2026-06-09,1 day ago,UA1720,Boeing 737-800,RAP,DEN,PZ3
2026-06-09,1 day ago,UA5947,Embraer E175,RAP,DEN,PZ2
2026-05-23,1 day ago,UA5947,Embraer E175,RAP,DEN,PZ4
2026-05-13,1 day ago,UA2030,Boeing 737-900,RAP,DEN,PZ5
2026-05-25,1 day ago,UA1720,Airbus A319,RAP,DEN,PZ3
2026-06-25,1 day ago,UA1825,Boeing 737-800,RAP,DEN,PZ1
2026-06-14,1 day ago,UA5408,Embraer E175,SLC,LAX,PZ2
2026-06-10,1 day ago,UA5408,Embraer E175,SLC,LAX,PZ4
2026-07-14,20 hours ago,UA151,Boeing 737-800,GUM,KIX,PZ5
2026-07-13,20 hours ago,UA150,Boeing 737-800,KIX,GUM,PZ3
2026-06-05,1 day ago,UA2232,Boeing 737-900,ORD,MSP,PZ4
2026-06-05,1 day ago,UA2865,Boeing 737 MAX 9,ORD,MSP,PZ1
2026-08-18,2 days ago,UA2638,Boeing 737-900,RDU,ORD,PZ1
2026-06-05,1 day ago,UA356,Boeing 737 MAX 9,ORD,ATL,PZ2
2026-06-20,1 day ago,UA5216,Embraer E175,ORD,RAP,PZ1
2026-05-07,1 day ago,UA4731,Embraer E175,ORD,RAP,PZ1
2026-06-15,1 day ago,UA5216,Embraer E175,ORD,RAP,PZ3
2026-06-06,1 day ago,UA5216,Embraer E175,ORD,RAP,PZ1
2026-06-13,4 hours ago,UA3697,Embraer E175,EWR,MKE,PZ1
2026-05-13,1 day ago,UA4731,Embraer E175,ORD,RAP,PZ2
2026-05-14,1 day ago,UA4731,Embraer E175,ORD,RAP,PZ3
2026-05-08,1 day ago,UA5406,Embraer E175,ORD,RAP,PZ3
2026-05-11,1 day ago,UA4731,Embraer E175,ORD,RAP,PZ2
2026-06-23,10 hours ago,UA2811,Boeing 737-800,ORD,ATL,PZ3
2026-06-23,10 hours ago,UA356,Boeing 737 MAX 9,ORD,ATL,PZ4
2026-06-29,1 day ago,UA5334,Embraer E175,ORD,RAP,PZ1
2026-08-25,22 hours ago,UA1194,Boeing 737 MAX 9,IAD,SAL,PZ8
2026-06-08,1 day ago,UA5216,Embraer E175,ORD,RAP,PZ1
2026-05-09,1 day ago,UA4731,Embraer E175,ORD,RAP,PZ3
2026-05-05,3 days ago,UA1457,Boeing 737 MAX 9,SAN,ORD,PZ5
2026-10-05,4 days ago,UA5476,Embraer E175,DEN,FCA,PZ1
2026-08-31,4 days ago,UA5476,Embraer E175,DEN,FCA,PZ1
2026-07-15,3 days ago,UA1457,Airbus A321neo,SAN,ORD,PZ2
2026-06-04,3 days ago,UA2844,Boeing 737 MAX 8,BWI,ORD,PZ1
2026-10-12,4 days ago,UA5476,Embraer E175,DEN,FCA,PZ1
2026-08-22,4 days ago,UA1344,Boeing 737-900,SFO,LAX,PZ1
2026-05-06,2 days ago,UA5561,Embraer E175,SHV,DEN,PZ2
2026-06-27,1 day ago,UA521,Airbus A319,ATL,IAH,PZ2
2026-06-02,1 day ago,UA31,Boeing 767-300,MUC,EWR,PZ9
2026-05-27,2 days ago,UA6,Boeing 737 MAX 8,UBN,NRT,PZ2
2026-05-23,3 days ago,UA1261,Boeing 737 MAX 9,EWR,BNA,PZ1
2026-05-09,2 hours ago,UA444,Boeing 737-900,SFO,SAN,PZ7
2026-05-09,2 hours ago,UA1336,Boeing 737 MAX 8,SFO,SAN,PZ3
2026-05-13,3 days ago,UA152,Boeing 787-9 Dreamliner,HKG,SGN,PZ9
2026-05-10,1 day ago,UA3403,Embraer E175,EWR,PIT,PZ3
2026-06-08,1 day ago,UA5677,Embraer E175,DEN,CID,PZ1
2026-05-30,3 days ago,UA152,Boeing 787-9 Dreamliner,HKG,SGN,PZ9
2026-05-20,2 days ago,UA1695,Boeing 737-900,DFW,ORD,PZ1
2026-06-26,1 day ago,UA5677,Embraer E175,DEN,CID,PZ1
2026-05-29,1 day ago,UA4773,Embraer E175,DEN,CID,PZ3
2026-05-29,1 day ago,UA5677,Embraer E175,DEN,CID,PZ2
2026-05-29,1 day ago,UA2412,Boeing 737-800,DEN,CID,PZ1
2026-07-14,3 days ago,UA1167,Boeing 737 MAX 9,IAH,CUN,PZ9
2026-07-31,1 day ago,UA3594,Embraer E175,SDF,EWR,PZ1
2026-05-16,3 days ago,UA152,Boeing 787-9 Dreamliner,HKG,SGN,PZ9
2026-05-19,1 day ago,UA2324,Boeing 737-800,DEN,CID,PZ3
2026-08-02,1 day ago,UA3682,Embraer E175,SDF,EWR,PZ1
2026-08-03,1 day ago,UA1344,Boeing 737 MAX 9,ORD,DTW,PZ2
2026-08-18,3 days ago,UA1014,Boeing 737-900,IAH,CUN,PZ8
2026-05-23,1 day ago,UA2050,Boeing 737 MAX 9,IAD,IAH,PZ1
2026-06-24,5 hours ago,UA5545,Embraer E175,MSN,DEN,PZ2
2026-07-19,3 days ago,UA1167,Boeing 737 MAX 9,IAH,CUN,PZ4
2026-05-27,1 day ago,UA2050,Boeing 737-900,IAD,IAH,PZ4
2026-09-07,2 days ago,UA482,Airbus A320,ORD,DCA,PZ1
2026-05-21,1 day ago,UA1857,Boeing 737 MAX 8,IAD,IAH,PZ2
2026-11-09,3 days ago,UA1020,Boeing 737-900,IAH,CUN,PZ3
2026-08-19,3 days ago,UA1018,Boeing 737-900,IAH,CUN,PZ6
2026-08-19,3 days ago,UA1014,Boeing 737-900,IAH,CUN,PZ6
2026-05-10,3 hours ago,UA3442,Embraer E175,BUF,EWR,PZ2
2026-10-01,4 days ago,UA5212,Embraer E175,FCA,DEN,PZ1
2026-06-17,2 days ago,UA1711,Boeing 737 MAX 9,AUS,EWR,PZ2
2026-06-09,1 day ago,UA2460,Boeing 737 MAX 9,LAX,RNO,PZ4
2026-06-14,1 day ago,UA2460,Boeing 737 MAX 9,LAX,RNO,PZ2
2026-07-28,22 hours ago,UA2666,Boeing 737 MAX 9,ORD,DEN,PZ2
2026-08-04,4 days ago,UA3995,Embraer E175,IAD,DTW,PZ2
2026-08-04,4 days ago,UA6246,Embraer E175,IAD,DTW,PZ1
2026-08-03,4 days ago,UA3495,Embraer E175,IAD,DTW,PZ1
2026-08-03,4 days ago,UA6246,Embraer E175,IAD,DTW,PZ1
2026-07-22,1 day ago,UA1046,Boeing 737-900,ATL,ORD,PZ3
2026-05-26,3 days ago,UA2125,Boeing 737 MAX 9,BNA,IAD,PZ2
2026-05-20,1 day ago,UA1623,Boeing 737 MAX 9,LAX,RNO,PZ6
2026-09-24,4 days ago,UA5212,Embraer E175,FCA,DEN,PZ1
2026-06-02,1 day ago,UA2460,Boeing 737 MAX 9,LAX,RNO,PZ4
2026-06-19,1 day ago,UA2460,Boeing 737 MAX 9,LAX,RNO,PZ2
2026-05-20,8 hours ago,UA1842,Airbus A319,ORD,FSD,PZ5
2026-06-15,1 day ago,UA1496,Boeing 737 MAX 8,LAX,RNO,PZ3
2026-05-12,1 day ago,UA3712,Embraer E175,EWR,MYR,PZ2
2026-05-15,1 day ago,UA5410,Embraer E175,LAX,RNO,PZ5
2026-06-28,1 day ago,UA4184,Bombardier CRJ550,DCA,EWR,PZ1
2026-05-26,19 hours ago,UA838,Boeing 737-800,KHH,NRT,PZ6
2026-06-17,1 day ago,UA4430,Bombardier CRJ550,DCA,EWR,PZ2
2026-06-27,2 days ago,UA838,Boeing 737-800,KHH,NRT,PZ4
2026-06-09,3 hours ago,UA301,Boeing 737 MAX 8,SFO,DEN,PZ1
2026-06-27,4 days ago,UA1905,Boeing 737 MAX 9,POS,EWR,PZ8
2026-10-09,Just now,UA838,Boeing 737 MAX 8,KHH,NRT,PZ1
2026-06-26,1 day ago,UA5927,Bombardier CRJ550,DEN,RAP,PZ1
2026-05-25,3 days ago,UA4063,Embraer E175,IAD,CLT,PZ2
2026-05-14,1 day ago,UA5303,Embraer E175,DEN,RAP,PZ1
2026-05-22,1 day ago,UA1720,Boeing 737-800,RAP,DEN,PZ6
2026-05-12,3 days ago,UA1028,Airbus A319,IAH,MEX,PZ5
2026-05-10,3 days ago,UA429,Airbus A319,IAH,MEX,PZ8
2026-06-10,1 day ago,UA1720,Airbus A320,RAP,DEN,PZ2
2026-07-22,8 hours ago,UA1703,Boeing 737 MAX 9,PTY,EWR,PZ5
2026-06-30,3 hours ago,UA582,Boeing 737-800,SFO,LAS,PZ1
2026-05-10,1 day ago,UA3705,Embraer E175,EWR,IND,PZ4
2026-05-06,1 day ago,UA1767,Boeing 737-800W,RAP,DEN,PZ4
2026-06-07,1 day ago,UA1720,Airbus A319,RAP,DEN,PZ1
2026-05-16,3 days ago,UA3595,Embraer E175,RDU,ORD,PZ3
2026-06-06,1 day ago,UA1720,Airbus A319,RAP,DEN,PZ2
2026-05-12,1 day ago,UA1767,Boeing 737-800,RAP,DEN,PZ7
2026-06-27,1 day ago,UA5947,Embraer E175,RAP,DEN,PZ2
2026-05-30,1 day ago,UA5947,Embraer E175,RAP,DEN,PZ2
2026-05-30,1 day ago,UA5805,Bombardier CRJ550,RAP,DEN,PZ1
2026-05-13,1 day ago,UA3567,Embraer E175,IND,EWR,PZ3
2026-05-20,1 day ago,UA5576,Embraer E175,RAP,DEN,PZ3
2026-05-09,1 day ago,UA2030,Boeing 737-900,RAP,DEN,PZ2
2026-05-09,1 day ago,UA5576,Embraer E175,RAP,DEN,PZ7
2026-05-12,1 day ago,UA2030,Boeing 737-900,RAP,DEN,PZ7
2026-05-12,1 day ago,UA5576,Embraer E175,RAP,DEN,PZ4
2026-06-12,1 day ago,UA1767,Boeing 737 MAX 9,RAP,DEN,PZ3
2026-06-12,1 day ago,UA1720,Boeing 737-800,RAP,DEN,PZ1
2026-06-12,1 day ago,UA1829,Airbus A320,RAP,DEN,PZ2
2026-05-31,1 day ago,UA1720,Airbus A319,RAP,DEN,PZ1
2026-07-24,7 hours ago,UA2247,Boeing 737-900,ORD,YYZ,PZ9
2026-05-05,1 day ago,UA2030,Boeing 737-900ER,RAP,DEN,PZ4
2026-06-26,1 day ago,UA1829,Airbus A319,RAP,DEN,PZ1
2026-06-14,1 day ago,UA1720,Airbus A319,RAP,DEN,PZ2
2026-06-14,1 day ago,UA5805,Bombardier CRJ550,RAP,DEN,PZ1
2026-06-26,4 days ago,UA2160,Airbus A319,DEN,DFW,PZ1
2026-06-04,1 day ago,UA1720,Boeing 737-800,RAP,DEN,PZ4
2026-07-25,12 hours ago,UA838,Boeing 737-800,KHH,NRT,PZ4
2026-06-04,1 day ago,UA1829,Airbus A319,RAP,DEN,PZ2
2027-03-02,9 hours ago,UA945,Boeing 787-10 Dreamliner,FRA,ORD,PZ1
2026-08-03,17 hours ago,UA6019,Embraer E175,YYZ,ORD,PZ2
2026-05-16,1 day ago,UA1767,Boeing 737-800,RAP,DEN,PZ2
2026-05-16,1 day ago,UA5576,Embraer E175,RAP,DEN,PZ4
2026-05-14,1 day ago,UA5576,Embraer E175,RAP,DEN,PZ6
2026-06-08,1 day ago,UA1720,Airbus A319,RAP,DEN,PZ1
2026-06-16,1 day ago,UA1720,Boeing 737-800,RAP,DEN,PZ3
2026-06-16,1 day ago,UA5947,Embraer E175,RAP,DEN,PZ2
2026-05-27,1 day ago,UA1720,Airbus A320,RAP,DEN,PZ1
2027-01-01,4 days ago,UA2030,Boeing 737-900,DEN,CUN,PZ3
2026-06-19,1 day ago,UA5216,Embraer E175,ORD,RAP,PZ1
2026-05-18,1 day ago,UA4731,Embraer E175,ORD,RAP,PZ5
2026-06-23,2 days ago,UA1012,Boeing 737 MAX 9,EWR,ATL,PZ4
2026-07-25,3 days ago,UA3702,Embraer E175,ORD,IND,PZ1
2026-06-10,23 hours ago,UA1653,Boeing 737-900,CUN,LAX,PZ7
2026-07-28,3 days ago,UA1449,Boeing 737-900,AUS,EWR,PZ2
2026-06-09,23 hours ago,UA366,Airbus A321neo,BOS,ORD,PZ1
2026-09-02,1 day ago,UA166,Boeing 737-800,TPE,GUM,PZ1
2026-05-23,6 hours ago,UA963,Boeing 767-300,BER,EWR,PZ9
2026-06-15,1 day ago,UA5590,Bombardier CRJ550,TVC,ORD,PZ3
2026-09-11,4 days ago,UA1602,Boeing 737 MAX 8,FCA,DEN,PZ1
2026-07-01,1 day ago,UA152,Boeing 787-9 Dreamliner,HKG,SGN,PZ9
2026-05-09,2 days ago,UA559,Boeing 737-900,EWR,MIA,PZ6
2026-07-28,3 days ago,UA361,Boeing 737 MAX 8,AUS,DEN,PZ2
2026-12-23,4 days ago,UA163,Boeing 777-300ER,DXB,EWR,PZ4
2026-06-12,1 day ago,UA2324,Boeing 737-900,DEN,CID,PZ1
2026-08-06,1 day ago,UA1969,Boeing 737-900,MCI,EWR,PZ1
2026-05-26,1 day ago,UA2324,Boeing 737-900,DEN,CID,PZ1
2026-05-13,1 day ago,UA1864,Boeing 737-900,MIA,EWR,PZ5
2026-05-13,1 day ago,UA2863,Boeing 737-900,MIA,EWR,PZ7
2026-06-11,3 days ago,UA152,Boeing 787-9 Dreamliner,HKG,SGN,PZ9
2026-06-14,1 day ago,UA2412,Boeing 737-800,DEN,CID,PZ2
2026-05-11,1 day ago,UA476,Boeing 737-800,DEN,CID,PZ2
2026-06-19,3 days ago,UA3498,Embraer E175,ORD,CVG,PZ1
2026-08-21,3 days ago,UA1167,Boeing 737 MAX 9,IAH,CUN,PZ7
2026-10-21,1 day ago,UA3594,Embraer E175,SDF,EWR,PZ2
2026-05-31,1 day ago,UA4773,Embraer E175,DEN,CID,PZ2
2026-05-05,1 day ago,UA2324,Boeing 737-800W,DEN,CID,PZ6
2026-05-22,1 day ago,UA4773,Embraer E175,DEN,CID,PZ6
2026-08-23,3 days ago,UA1014,Boeing 737-900,IAH,CUN,PZ7
2026-08-23,3 days ago,UA1167,Boeing 737 MAX 9,IAH,CUN,PZ3
2026-06-30,3 days ago,UA1020,Boeing 737 MAX 9,IAH,CUN,PZ3
2026-10-20,3 days ago,UA1619,Boeing 737 MAX 9,IAH,CUN,PZ4
2026-10-23,1 day ago,UA6279,Embraer E175,CLT,IAD,PZ1
2026-05-08,3 days ago,UA1762,Boeing 737-900,CLT,IAD,PZ9
2026-05-16,3 days ago,UA1762,Boeing 737-700,CLT,IAD,PZ7
2026-05-13,1 day ago,UA1791,Boeing 737-900,LAX,SFO,PZ6
2026-05-06,4 days ago,UA5361,Embraer E175,SFO,BUR,PZ5
2026-07-05,3 days ago,UA1020,Boeing 737 MAX 9,IAH,CUN,PZ6
2026-05-12,1 day ago,UA1887,Boeing 737-900,IAH,IAD,PZ3
2026-05-30,1 day ago,UA782,Boeing 737 MAX 8,EWR,MSP,PZ1
2026-06-29,3 days ago,UA3676,Embraer E175,EWR,HHH,PZ1
2026-10-21,1 day ago,UA6132,Embraer E175,CLT,IAD,PZ1
2026-10-21,1 day ago,UA3998,Embraer E175,CLT,IAD,PZ1
2026-07-07,1 day ago,UA4741,Embraer E175,CVG,ORD,PZ2
2026-10-06,1 day ago,UA6279,Embraer E175,CLT,IAD,PZ2
2026-10-06,1 day ago,UA3998,Embraer E175,CLT,IAD,PZ2
2026-05-29,1 day ago,UA2125,Boeing 737 MAX 9,BNA,IAD,PZ1
2026-05-08,1 day ago,UA5410,Embraer E175,LAX,RNO,PZ1
2026-06-27,9 hours ago,UA1439,Airbus A319,IAH,DFW,PZ2
2026-06-17,1 day ago,UA2460,Boeing 737 MAX 8,LAX,RNO,PZ2
2026-08-31,6 hours ago,UA809,Boeing 777-300ER,SFO,MNL,PZ7
2026-06-15,1 day ago,UA5239,Bombardier CRJ550,FAR,DEN,PZ3
2026-05-06,3 hours ago,UA2142,Boeing 737 Max 8,SFO,SAN,PZ1
2026-08-01,1 day ago,UA3717,Embraer E175,SDF,IAD,PZ2
2026-07-25,1 day ago,UA3717,Embraer E175,SDF,IAD,PZ2
2026-07-22,1 day ago,UA3717,Embraer E175,SDF,IAD,PZ2
2026-06-16,1 day ago,UA2460,Boeing 737-900,LAX,RNO,PZ5
2026-05-06,1 day ago,UA4653,Embraer E175,LAX,RNO,PZ6
2026-06-05,1 day ago,UA2460,Boeing 737 MAX 9,LAX,RNO,PZ2
2026-08-31,1 day ago,UA933,Boeing 777-200,FRA,IAD,PZ9
2026-06-01,1 day ago,UA1496,Boeing 737 MAX 8,LAX,RNO,PZ1
2026-10-20,1 day ago,UA3438,Embraer E175,SDF,IAD,PZ2
2026-10-20,1 day ago,UA3508,Embraer E175,SDF,IAD,PZ1
2026-07-04,1 day ago,UA1622,Boeing 737-800,IAH,PVR,PZ5
2026-09-01,1 day ago,UA3438,Embraer E175,SDF,IAD,PZ2
2026-09-01,1 day ago,UA3508,Embraer E175,SDF,IAD,PZ1
2026-10-13,1 day ago,UA3438,Embraer E175,SDF,IAD,PZ2
2026-10-13,1 day ago,UA3508,Embraer E175,SDF,IAD,PZ1
2026-06-29,19 hours ago,UA838,Boeing 737-800,KHH,NRT,PZ1
2026-05-31,1 day ago,UA1072,Airbus A319,BJX,IAH,PZ9
2026-05-31,1 day ago,UA4019,Embraer E175,MFE,IAH,PZ3
2026-05-31,1 day ago,UA4041,Embraer E175,TUL,IAH,PZ1
2026-05-31,1 day ago,UA6289,Embraer E175,MLM,IAH,PZ9
2026-05-31,1 day ago,UA6238,Embraer E175,AGU,IAH,PZ9
2026-07-14,1 day ago,UA3717,Embraer E175,SDF,IAD,PZ2
2026-07-14,22 hours ago,UA2666,Boeing 737 MAX 9,ORD,DEN,PZ2
2027-02-09,1 day ago,UA3508,Embraer E175,SDF,IAD,PZ1
2026-08-05,1 day ago,UA3717,Embraer E175,SDF,IAD,PZ1
2026-10-17,1 day ago,UA3438,Embraer E175,SDF,IAD,PZ2
2026-10-17,1 day ago,UA3508,Embraer E175,SDF,IAD,PZ2
2026-10-16,1 day ago,UA3438,Embraer E175,SDF,IAD,PZ1
2026-05-20,8 hours ago,UA4405,Bombardier CRJ550,ORD,FSD,PZ2
2026-05-20,8 hours ago,UA4535,Bombardier CRJ550,ORD,FSD,PZ3
2026-05-20,9 hours ago,UA4018,Embraer E175,BNA,IAH,PZ1
2026-09-30,1 day ago,UA3438,Embraer E175,SDF,IAD,PZ2
2026-05-22,1 day ago,UA3413,Embraer E175,IAD,LGA,PZ1
2026-09-07,1 day ago,UA3438,Embraer E175,SDF,IAD,PZ1
2026-05-11,1 day ago,UA569,Boeing 737 MAX 9,EWR,BQN,PZ4
2026-05-25,2 days ago,UA4185,Bombardier CRJ550,ABE,ORD,PZ3
2026-05-10,1 day ago,UA5991,Embraer E175,SAT,SFO,PZ6
2026-08-11,1 day ago,UA3508,Embraer E175,SDF,IAD,PZ2
2026-12-21,2 days ago,UA316,Boeing 757-200,DUB,EWR,PZ1
2026-07-05,3 days ago,UA1189,Boeing 737-800,SFO,SJD,PZ3
2026-10-15,1 day ago,UA3438,Embraer E175,SDF,IAD,PZ1
2026-05-22,1 day ago,UA4077,Embraer E175,IAD,LGA,PZ3
2026-09-29,1 day ago,UA3438,Embraer E175,SDF,IAD,PZ2
2026-05-22,4 hours ago,UA2669,Boeing 737-900,IAD,EWR,PZ1
2026-05-25,1 day ago,UA3712,Embraer E175,EWR,ATL,PZ3
2026-05-09,4 hours ago,UA593,Boeing 737 MAX 9,EWR,BOS,PZ5
2026-08-19,1 day ago,UA3438,Embraer E175,SDF,IAD,PZ2
2026-09-15,1 day ago,UA3508,Embraer E175,SDF,IAD,PZ1
2026-05-12,1 day ago,UA5991,Embraer E175,SAT,SFO,PZ4
2026-07-18,1 day ago,UA3980,Embraer E175,IAD,SDF,PZ2
2026-05-12,1 day ago,UA1526,Boeing 737 MAX 9,PUJ,EWR,PZ6
2026-06-03,2 days ago,UA2005,Boeing 737-900,ORD,MSP,PZ2
2026-07-05,1 day ago,UA3526,Embraer E175,IAD,SDF,PZ1
2026-07-05,1 day ago,UA3980,Embraer E175,IAD,SDF,PZ1
2026-09-30,1 day ago,UA3525,Embraer E175,IAD,SDF,PZ2
2026-10-06,3 days ago,UA1059,Boeing 737-900,CUN,IAH,PZ1
2026-07-09,3 days ago,UA1017,Boeing 737 MAX 9,CUN,IAH,PZ7
2026-05-25,3 days ago,UA5885,Embraer E175,MSP,ORD,PZ3
2026-08-18,1 day ago,UA951,Boeing 777-300ER,BRU,IAD,PZ9
2026-06-02,3 days ago,UA1059,Boeing 737-900,CUN,IAH,PZ3
2026-08-20,3 days ago,UA1059,Boeing 737-900,CUN,IAH,PZ7
2026-10-13,1 day ago,UA3525,Embraer E175,IAD,SDF,PZ2
2026-06-12,20 hours ago,UA152,Boeing 787-9 Dreamliner,HKG,SGN,PZ9
2026-05-22,3 days ago,UA1051,Boeing 737-900,CUN,IAH,PZ1
2026-08-04,3 days ago,UA1059,Boeing 737-900,CUN,IAH,PZ8
2026-11-11,1 day ago,UA951,Boeing 777-300ER,BRU,IAD,PZ5
2026-05-26,4 days ago,UA1881,Boeing 737-800,SFO,SJD,PZ3
2026-07-22,18 hours ago,UA1218,Boeing 737-900,SEA,DEN,PZ2
2026-05-11,11 hours ago,UA1237,Airbus A320,MSP,ORD,PZ5
2026-11-04,3 days ago,UA1019,Boeing 737-900,CUN,IAH,PZ4
2026-11-04,3 days ago,UA1058,Boeing 737-900,CUN,IAH,PZ4
2026-09-29,3 days ago,UA1059,Boeing 737-900,CUN,IAH,PZ3
2026-05-07,4 hours ago,UA6,Boeing 787-9,NRT,IAH,PZ4
2026-07-22,3 days ago,UA1123,Boeing 737 MAX 9,CUN,IAH,PZ1
2026-05-05,1 day ago,UA2417,Boeing 737-900W,LAS,IAH,PZ3
2026-09-01,1 day ago,UA3525,Embraer E175,IAD,SDF,PZ2
2026-05-17,4 days ago,UA307,Boeing 737 MAX 9,MSP,ORD,PZ8
2026-10-07,3 days ago,UA1051,Boeing 737-900,CUN,IAH,PZ4
2026-10-15,3 days ago,UA1059,Boeing 737-900,CUN,IAH,PZ3
2026-05-23,1 day ago,UA3503,Embraer E175,EWR,CLE,PZ1
2026-09-29,3 days ago,UA1058,Boeing 737 MAX 9,CUN,IAH,PZ3
2026-07-04,1 day ago,UA3980,Embraer E175,IAD,SDF,PZ2
2026-07-04,1 day ago,UA3526,Embraer E175,IAD,SDF,PZ2
2026-07-12,1 day ago,UA3526,Embraer E175,IAD,SDF,PZ1
2026-05-17,3 days ago,UA152,Boeing 787-9 Dreamliner,HKG,SGN,PZ9
2026-09-05,1 day ago,UA3525,Embraer E175,IAD,SDF,PZ2
2026-07-28,1 day ago,UA5456,Embraer E175,LAX,AUS,PZ2
2026-05-14,1 day ago,UA5677,Embraer E175,DEN,CID,PZ2
2026-05-24,3 days ago,UA152,Boeing 787-9 Dreamliner,HKG,SGN,PZ9
2026-05-15,3 days ago,UA152,Boeing 787-9 Dreamliner,HKG,SGN,PZ9
2026-08-12,3 days ago,UA1619,Boeing 737 MAX 9,IAH,CUN,PZ6
2026-08-12,3 days ago,UA1014,Boeing 737-900,IAH,CUN,PZ8
2026-05-18,2 days ago,UA5644,Embraer E175,SFO,BOI,PZ3
2026-08-08,8 hours ago,UA348,Airbus A319,DEN,BZN,PZ1
2026-07-27,7 hours ago,UA42,Boeing 777-300ER,EWR,FRA,PZ9
2026-10-23,4 days ago,UA5212,Embraer E175,FCA,DEN,PZ1
2026-05-13,1 day ago,UA1463,Boeing 737-900,IAD,IAH,PZ1
2026-05-22,1 day ago,UA2322,Boeing 737-900,SFO,MFR,PZ6
2026-06-02,5 hours ago,UA1465,Boeing 737 MAX 9,EWR,PLS,PZ9
2026-08-08,3 days ago,UA1619,Boeing 737 MAX 9,IAH,CUN,PZ3
2026-10-27,3 days ago,UA1619,Boeing 737-900,IAH,CUN,PZ4
2026-10-27,3 days ago,UA1114,Boeing 737-900,IAH,CUN,PZ1
2026-05-16,11 hours ago,UA3536,Embraer E175,ORD,YUL,PZ3
2026-07-28,2 days ago,UA1267,Boeing 737-900,LAS,SFO,PZ1
2026-09-10,4 days ago,UA1602,Boeing 737 MAX 8,FCA,DEN,PZ1
2027-03-02,9 hours ago,UA906,Boeing 787-10 Dreamliner,FRA,ORD,PZ3
2026-06-16,1 day ago,UA2767,Boeing 737-900,IAH,IAD,PZ5
2026-05-09,2 days ago,UA3607,Embraer E175,EWR,BUF,PZ1
2026-05-09,2 days ago,UA3529,Embraer E175,EWR,BUF,PZ4
2026-06-16,1 day ago,UA1020,Boeing 737 MAX 9,IAH,CUN,PZ4
2026-05-09,3 hours ago,UA3489,Embraer E175,BUF,EWR,PZ3
2026-05-18,3 days ago,UA3515,Embraer E175,IAD,YYZ,PZ2
2026-08-06,4 days ago,UA3498,Embraer E175,ORD,CVG,PZ1
2026-05-09,1 day ago,UA1887,Boeing 737-900,IAH,IAD,PZ7
2026-09-23,4 days ago,UA1602,Boeing 737 MAX 8,FCA,DEN,PZ1
2026-08-05,4 days ago,UA6246,Embraer E175,IAD,DTW,PZ2
2026-07-04,4 days ago,UA5991,Embraer E175,FCA,DEN,PZ1
2026-05-13,1 day ago,UA1623,Boeing 737 MAX 8,LAX,RNO,PZ1
2026-05-13,1 day ago,UA4653,Embraer E175,LAX,RNO,PZ7
2026-10-14,1 day ago,UA3438,Embraer E175,SDF,IAD,PZ2
2026-09-02,1 day ago,UA3508,Embraer E175,SDF,IAD,PZ1
2026-07-29,1 day ago,UA1858,Boeing 737 MAX 9,CHS,IAD,PZ1
2026-10-23,1 day ago,UA3438,Embraer E175,SDF,IAD,PZ1
2026-11-07,1 day ago,UA3508,Embraer E175,SDF,IAD,PZ1
2026-09-08,1 day ago,UA3508,Embraer E175,SDF,IAD,PZ1
2026-05-27,4 hours ago,UA1349,Boeing 737-900,ORD,PIT,PZ1
2027-04-01,1 day ago,UA22,Boeing 777-200,DUB,EWR,PZ2
2026-10-31,1 day ago,UA3508,Embraer E175,SDF,IAD,PZ1
2026-05-22,3 hours ago,UA2839,Boeing 737 MAX 8,SFO,LAS,PZ1
2026-08-18,1 day ago,UA3438,Embraer E175,SDF,IAD,PZ2
2026-05-17,3 hours ago,UA2400,Boeing 737-800,SFO,LAS,PZ1
2026-08-04,1 day ago,UA356,Boeing 737-900,ORD,ATL,PZ4
2026-08-04,1 day ago,UA425,Boeing 737-800,ORD,ATL,PZ3
2026-05-05,3 days ago,UA4423,Bombardier CRJ550,STL,ORD,PZ2
2026-08-01,1 day ago,UA2770,Airbus A319,ORD,ATL,PZ1
2026-10-04,1 day ago,UA3438,Embraer E175,SDF,IAD,PZ1
2026-09-05,1 day ago,UA3438,Embraer E175,SDF,IAD,PZ2
2026-09-05,1 day ago,UA3508,Embraer E175,SDF,IAD,PZ2
2026-07-07,1 day ago,UA3438,Embraer E175,SDF,IAD,PZ2
2026-07-07,1 day ago,UA3717,Embraer E175,SDF,IAD,PZ2
2026-08-15,1 day ago,UA3438,Embraer E175,SDF,IAD,PZ2
2026-09-19,1 day ago,UA3438,Embraer E175,SDF,IAD,PZ2
2026-10-24,1 day ago,UA3438,Embraer E175,SDF,IAD,PZ2
2026-09-26,1 day ago,UA3438,Embraer E175,SDF,IAD,PZ2
2026-05-20,11 hours ago,UA5937,Embraer E175,SFO,SNA,PZ7
2026-09-09,1 day ago,UA3438,Embraer E175,SDF,IAD,PZ2
2026-09-09,1 day ago,UA3508,Embraer E175,SDF,IAD,PZ1
2026-05-14,1 day ago,UA5991,Embraer E175,SAT,SFO,PZ1
2026-09-04,1 day ago,UA3438,Embraer E175,SDF,IAD,PZ1
2026-07-08,1 day ago,UA3438,Embraer E175,SDF,IAD,PZ2
2026-08-10,1 day ago,UA3438,Embraer E175,SDF,IAD,PZ1
2026-09-23,1 day ago,UA3438,Embraer E175,SDF,IAD,PZ2
2026-08-17,7 hours ago,UA2796,Boeing 737 MAX 9,EWR,CHS,PZ1
2026-08-20,1 day ago,UA3438,Embraer E175,SDF,IAD,PZ1
2026-08-10,1 day ago,UA3717,Embraer E175,SDF,IAD,PZ1
2026-08-10,1 day ago,UA4067,Embraer E175,SDF,IAD,PZ1
2026-05-05,3 days ago,UA4424,Bombardier CRJ550,IAD,YOW,PZ1
2026-05-05,2 hours ago,UA809,Boeing 777-300ER,SFO,MNL,PZ9
2026-08-11,1 day ago,UA3438,Embraer E175,SDF,IAD,PZ2
2026-07-08,1 day ago,UA3717,Embraer E175,SDF,IAD,PZ2
2026-07-08,1 day ago,UA4067,Embraer E175,SDF,IAD,PZ1
2026-07-26,1 day ago,UA3438,Embraer E175,SDF,IAD,PZ1
2026-10-26,1 day ago,UA3508,Embraer E175,SDF,IAD,PZ1
2026-07-21,1 day ago,UA4067,Embraer E175,SDF,IAD,PZ2
2026-05-14,2 hours ago,UA4744,Bombardier CRJ550,BHM,ORD,PZ2
2026-09-13,1 day ago,UA3438,Embraer E175,SDF,IAD,PZ1
2026-05-10,4 days ago,UA2110,Boeing 737 MAX 9,EWR,AUS,PZ4
2026-08-09,1 day ago,UA3526,Embraer E175,IAD,SDF,PZ1
2026-09-07,1 day ago,UA3525,Embraer E175,IAD,SDF,PZ1
2026-05-06,1 day ago,UA1614,Boeing 737-900ER,PUJ,IAD,PZ3
2026-10-03,1 day ago,UA3525,Embraer E175,IAD,SDF,PZ1
2026-05-22,2 hours ago,UA2850,Boeing 737-900,SFO,LAX,PZ2
2026-11-14,3 days ago,UA1248,Boeing 737-900,CUN,IAH,PZ3
2026-10-14,1 day ago,UA3525,Embraer E175,IAD,SDF,PZ1
2026-05-31,3 days ago,UA3712,Embraer E175,BOS,EWR,PZ3
2026-10-14,3 days ago,UA1059,Boeing 737-900,CUN,IAH,PZ3
2026-10-14,3 days ago,UA1058,Boeing 737 MAX 9,CUN,IAH,PZ4
2026-10-11,1 day ago,UA3525,Embraer E175,IAD,SDF,PZ1
2026-05-06,3 days ago,UA1059,Boeing 737-900,CUN,IAH,PZ9
2026-07-15,1 day ago,UA3980,Embraer E175,IAD,SDF,PZ1
2026-07-25,1 day ago,UA3526,Embraer E175,IAD,SDF,PZ2
2026-07-15,1 day ago,UA3526,Embraer E175,IAD,SDF,PZ1
2026-05-13,16 hours ago,UA1307,Boeing 737 MAX 9,BOS,EWR,PZ2
2026-07-29,4 days ago,UA2473,Airbus A320,DEN,TYS,PZ1
2026-09-30,3 days ago,UA1051,Boeing 737-900,CUN,IAH,PZ4
2026-10-26,3 days ago,UA1059,Boeing 737-900,CUN,IAH,PZ3
2026-07-06,1 day ago,UA3526,Embraer E175,IAD,SDF,PZ1
2026-07-15,9 hours ago,UA301,Boeing 737 MAX 9,SFO,DEN,PZ1
2026-06-01,2 days ago,UA755,Boeing 737 MAX 9,IAD,BOS,PZ1
2026-08-19,4 days ago,UA4573,Bombardier CRJ550,IAH,HSV,PZ2
2026-08-29,4 days ago,UA4573,Bombardier CRJ550,IAH,HSV,PZ2
2026-10-31,3 days ago,UA1059,Boeing 737-900,CUN,IAH,PZ2
2026-05-09,3 days ago,UA4424,Bombardier CRJ550,IAD,YOW,PZ3
2026-05-09,3 days ago,UA3570,Embraer E175,IAD,YOW,PZ3
2026-09-04,3 days ago,UA1059,Boeing 737-900,CUN,IAH,PZ7
2026-11-26,2 days ago,UA15,Boeing 767-300,LHR,EWR,PZ1
2026-11-26,2 days ago,UA941,Boeing 767-300,LHR,EWR,PZ7
2026-05-29,9 hours ago,UA398,Boeing 757-200,IAD,KEF,PZ6
2026-10-07,1 day ago,UA3525,Embraer E175,IAD,SDF,PZ1
2026-06-09,4 hours ago,UA2381,Boeing 737-900,EWR,MCO,PZ1
2026-05-24,3 hours ago,UA2059,Boeing 737 MAX 9,ORD,PHX,PZ3
2026-05-30,3 hours ago,UA602,Boeing 737 MAX 9,ORD,PHX,PZ1
2026-08-05,1 day ago,UA3980,Embraer E175,IAD,SDF,PZ1
2026-05-09,1 day ago,UA4,Boeing 777-200,LHR,IAH,PZ3
2026-08-05,2 days ago,UA2037,Boeing 737-700,MTY,IAH,PZ4
2026-09-29,1 day ago,UA3525,Embraer E175,IAD,SDF,PZ1
2026-08-11,1 day ago,UA3525,Embraer E175,IAD,SDF,PZ2
2026-12-30,1 day ago,UA3980,Embraer E175,IAD,SDF,PZ1
2026-10-24,1 day ago,UA3525,Embraer E175,IAD,SDF,PZ1
2026-07-20,1 day ago,UA3526,Embraer E175,IAD,SDF,PZ1
2026-08-21,2 days ago,UA5243,Embraer E175,MTY,IAH,PZ2
2026-09-06,1 day ago,UA3525,Embraer E175,IAD,SDF,PZ1
2026-08-04,2 days ago,UA1853,Boeing 737-700,MTY,IAH,PZ4
2026-08-04,2 days ago,UA5243,Embraer E175,MTY,IAH,PZ4
2026-07-11,2 days ago,UA6245,Embraer E175,MTY,IAH,PZ5
2026-07-28,2 days ago,UA2037,Boeing 737-700,MTY,IAH,PZ2
2026-07-24,2 days ago,UA2037,Boeing 737-700,MTY,IAH,PZ5
2026-08-25,2 days ago,UA1853,Boeing 737-700,MTY,IAH,PZ3
2026-06-17,16 hours ago,UA22,Boeing 777-200,DUB,EWR,PZ9
2026-08-15,1 day ago,UA3525,Embraer E175,IAD,SDF,PZ1
2026-08-15,1 day ago,UA3980,Embraer E175,IAD,SDF,PZ1
2026-05-23,1 day ago,UA1564,Boeing 737-900,DFW,ORD,PZ5
2026-05-28,3 days ago,UA995,Boeing 787-10 Dreamliner,BRU,EWR,PZ9
2026-09-22,2 days ago,UA2026,Boeing 737-700,MTY,IAH,PZ4
2026-09-13,1 day ago,UA3525,Embraer E175,IAD,SDF,PZ1
2026-09-17,1 day ago,UA3525,Embraer E175,IAD,SDF,PZ1
2026-10-10,2 days ago,UA1853,Boeing 737-700,MTY,IAH,PZ2
2026-09-24,2 days ago,UA5243,Embraer E175,MTY,IAH,PZ3
2027-03-02,4 hours ago,UA109,Boeing 787-8 Dreamliner,MUC,IAD,PZ2
2026-10-02,2 days ago,UA5243,Embraer E175,MTY,IAH,PZ2
2026-07-14,2 days ago,UA2037,Boeing 737-700,MTY,IAH,PZ2
2026-07-08,1 day ago,UA3526,Embraer E175,IAD,SDF,PZ2
2026-08-06,2 days ago,UA5243,Embraer E175,MTY,IAH,PZ3
2026-09-06,1 day ago,UA3980,Embraer E175,IAD,SDF,PZ1
2026-08-01,1 day ago,UA3526,Embraer E175,IAD,SDF,PZ2
2026-08-25,1 day ago,UA3525,Embraer E175,IAD,SDF,PZ2
2026-05-09,4 hours ago,UA1081,Boeing 737 MAX 9,ORD,IAH,PZ7
2026-07-21,1 day ago,UA3526,Embraer E175,IAD,SDF,PZ2
2026-06-08,3 days ago,UA1517,Airbus A319,DFW,ORD,PZ3
2026-06-15,1 day ago,UA2053,Airbus A319,ATL,EWR,PZ3
2026-06-15,1 day ago,UA2289,Boeing 737 MAX 9,ATL,EWR,PZ5
2026-06-08,3 days ago,UA1401,Boeing 737-900,DFW,ORD,PZ2
2026-06-02,21 hours ago,UA2046,Boeing 737 MAX 8,LGA,DEN,PZ1
2027-02-10,4 hours ago,UA109,Boeing 787-8 Dreamliner,MUC,IAD,PZ2
2026-06-05,1 day ago,UA2685,Boeing 737-900,MID,IAH,PZ9
2026-10-18,1 day ago,UA2232,Boeing 737-800,ORD,MSP,PZ1
2026-05-23,1 day ago,UA2685,Boeing 737-900,MID,IAH,PZ9
2026-05-12,4 hours ago,UA1900,Boeing 737-900,EWR,MCO,PZ4
2026-05-08,1 day ago,UA2685,Boeing 737-900,MID,IAH,PZ9
2026-05-19,2 days ago,UA947,Boeing 767-300,AMS,IAD,PZ9
2026-06-05,1 day ago,UA512,Boeing 737-900,CID,ORD,PZ2
2026-05-21,1 day ago,UA4707,Embraer E175,CID,ORD,PZ2
2026-05-13,6 hours ago,UA2047,Boeing 737-800,LAS,SFO,PZ7
2026-05-21,1 day ago,UA4170,Bombardier CRJ550,CID,ORD,PZ5
2026-06-27,1 day ago,UA4723,Bombardier CRJ550,CID,ORD,PZ2
2026-06-16,1 day ago,UA512,Boeing 737-900,CID,ORD,PZ3
2026-06-16,1 day ago,UA2797,Airbus A319,CID,ORD,PZ1
2026-05-23,6 hours ago,UA2615,Boeing 737-900,LAS,SFO,PZ6
2026-06-16,1 day ago,UA4391,Bombardier CRJ550,CID,ORD,PZ2
2026-05-12,1 day ago,UA5771,Embraer E175,CID,ORD,PZ6
2026-06-23,1 day ago,UA5410,Embraer E175,LAX,RNO,PZ1
2026-06-07,1 day ago,UA2460,Boeing 737 MAX 9,LAX,RNO,PZ1
2027-01-26,1 day ago,UA3508,Embraer E175,SDF,IAD,PZ2
2026-09-12,1 day ago,UA3438,Embraer E175,SDF,IAD,PZ2
2026-08-08,1 day ago,UA3438,Embraer E175,SDF,IAD,PZ2
2026-08-08,1 day ago,UA3717,Embraer E175,SDF,IAD,PZ2
2026-12-10,1 day ago,UA837,Boeing 737 MAX 8,NRT,KHH,PZ1
2026-07-15,1 day ago,UA3717,Embraer E175,SDF,IAD,PZ2
2026-10-09,1 day ago,UA3438,Embraer E175,SDF,IAD,PZ1
2026-10-22,1 day ago,UA3438,Embraer E175,SDF,IAD,PZ1
2026-05-10,1 day ago,UA4653,Embraer E175,LAX,RNO,PZ5
2026-07-24,1 day ago,UA3717,Embraer E175,SDF,IAD,PZ1
2026-05-17,3 days ago,UA5657,Embraer E175,SEA,LAX,PZ1
2026-05-25,6 hours ago,UA1580,Boeing 737-800,ORD,YVR,PZ3
2026-10-08,1 day ago,UA3438,Embraer E175,SDF,IAD,PZ1
2026-08-26,1 day ago,UA3508,Embraer E175,SDF,IAD,PZ1
2026-10-06,1 day ago,UA3438,Embraer E175,SDF,IAD,PZ2
2026-09-27,1 day ago,UA3438,Embraer E175,SDF,IAD,PZ1
2026-10-06,1 day ago,UA3508,Embraer E175,SDF,IAD,PZ1
2026-10-06,1 day ago,UA4067,Embraer E175,SDF,IAD,PZ2
2026-07-04,1 day ago,UA3438,Embraer E175,SDF,IAD,PZ2
2026-07-04,1 day ago,UA3717,Embraer E175,SDF,IAD,PZ2
2027-03-29,1 day ago,UA933,Boeing 777-200,FRA,IAD,PZ1
2027-03-30,1 day ago,UA933,Boeing 777-200,FRA,IAD,PZ3
2026-09-16,1 day ago,UA3508,Embraer E175,SDF,IAD,PZ1
2026-08-04,1 day ago,UA3690,Embraer E175,ORD,EYW,PZ1
2026-08-30,1 day ago,UA3438,Embraer E175,SDF,IAD,PZ1
2026-09-22,1 day ago,UA3438,Embraer E175,SDF,IAD,PZ2
2026-07-16,1 day ago,UA4067,Embraer E175,SDF,IAD,PZ1
2026-10-03,1 day ago,UA3438,Embraer E175,SDF,IAD,PZ2
2026-12-24,4 days ago,UA705,Airbus A320,PVR,SFO,PZ2
2026-10-19,1 day ago,UA3438,Embraer E175,SDF,IAD,PZ1
2026-07-29,1 day ago,UA3438,Embraer E175,SDF,IAD,PZ2
2026-07-29,1 day ago,UA3717,Embraer E175,SDF,IAD,PZ2
2026-07-17,1 day ago,UA3717,Embraer E175,SDF,IAD,PZ1
2026-10-27,1 day ago,UA3508,Embraer E175,SDF,IAD,PZ2
2026-05-24,2 hours ago,UA4429,Bombardier CRJ550,ORD,BHM,PZ5
2026-11-03,1 day ago,UA3508,Embraer E175,SDF,IAD,PZ1
2026-10-07,1 day ago,UA3438,Embraer E175,SDF,IAD,PZ2
2026-10-12,1 day ago,UA3438,Embraer E175,SDF,IAD,PZ1
2026-05-07,4 days ago,UA304,Boeing 737-800,BUR,SFO,PZ1
2026-08-30,1 day ago,UA3525,Embraer E175,IAD,SDF,PZ1
2026-05-20,1 day ago,UA1264,Boeing 737-900,IAH,LAS,PZ4
2026-11-17,3 days ago,UA1059,Boeing 737-900,CUN,IAH,PZ3
2026-08-18,1 day ago,UA3525,Embraer E175,IAD,SDF,PZ2
2026-05-16,3 days ago,UA1058,Boeing 737 MAX 9,CUN,IAH,PZ1
2026-09-11,1 day ago,UA3525,Embraer E175,IAD,SDF,PZ1
2026-08-27,3 days ago,UA1059,Boeing 737-900,CUN,IAH,PZ4
2026-08-19,1 day ago,UA3525,Embraer E175,IAD,SDF,PZ2
2026-10-20,3 days ago,UA1059,Boeing 737-900,CUN,IAH,PZ3
2026-05-11,1 day ago,UA2863,Boeing 737-900,MIA,EWR,PZ2
2026-10-20,3 days ago,UA1058,Boeing 737 MAX 9,CUN,IAH,PZ4
2026-09-20,1 day ago,UA3525,Embraer E175,IAD,SDF,PZ1
2026-07-11,1 day ago,UA3526,Embraer E175,IAD,SDF,PZ1
2026-06-13,3 hours ago,UA582,Boeing 737-800,SFO,LAS,PZ4
2026-06-13,3 hours ago,UA2839,Boeing 737 MAX 8,SFO,LAS,PZ3
2026-05-17,10 hours ago,UA1260,Boeing 737-900,SFO,LAX,PZ2
2026-06-25,3 days ago,UA1059,Boeing 737-900,CUN,IAH,PZ9
2026-08-05,2 days ago,UA2019,Boeing 737-900,SFO,DEN,PZ2
2027-01-24,1 day ago,UA3980,Embraer E175,IAD,SDF,PZ1
2026-08-04,2 days ago,UA2019,Boeing 737 MAX 9,SFO,DEN,PZ1
2026-10-29,3 days ago,UA1248,Boeing 737-900,CUN,IAH,PZ4
2026-10-29,3 days ago,UA1059,Boeing 737-900,CUN,IAH,PZ3
2026-08-25,1 day ago,UA773,Airbus A320,DEN,MSP,PZ1
2026-05-15,1 day ago,UA2060,Boeing 737-900,BOS,EWR,PZ3
2026-10-29,3 days ago,UA1019,Boeing 737-900,CUN,IAH,PZ2
2026-08-18,4 days ago,UA4573,Bombardier CRJ550,IAH,HSV,PZ2
2026-08-12,1 day ago,UA3525,Embraer E175,IAD,SDF,PZ1
2026-05-19,2 days ago,UA2494,Boeing 737-800,IAH,RSW,PZ2
2026-08-28,3 days ago,UA1059,Boeing 737-900,CUN,IAH,PZ1
2026-08-24,1 day ago,UA3525,Embraer E175,IAD,SDF,PZ1
2026-07-24,3 days ago,UA1059,Boeing 737-900,CUN,IAH,PZ5
2026-10-17,1 day ago,UA3525,Embraer E175,IAD,SDF,PZ2
2026-09-12,1 day ago,UA3525,Embraer E175,IAD,SDF,PZ2
2026-10-05,1 day ago,UA3525,Embraer E175,IAD,SDF,PZ1
2026-10-27,3 days ago,UA1248,Boeing 737-900,CUN,IAH,PZ4
2026-05-24,4 days ago,UA5885,Embraer E175,MSP,ORD,PZ2
2026-10-27,3 days ago,UA1058,Boeing 737-900,CUN,IAH,PZ4
2026-09-22,3 days ago,UA1051,Boeing 737-900,CUN,IAH,PZ6
2026-09-26,1 day ago,UA3525,Embraer E175,IAD,SDF,PZ1
2026-08-05,4 days ago,UA1218,Boeing 737-900,SEA,DEN,PZ2
2026-10-28,3 days ago,UA1058,Boeing 737-900,CUN,IAH,PZ4
2026-09-28,1 day ago,UA3525,Embraer E175,IAD,SDF,PZ1
2026-09-22,1 day ago,UA3525,Embraer E175,IAD,SDF,PZ2
2026-10-20,1 day ago,UA3525,Embraer E175,IAD,SDF,PZ2
2026-08-22,1 day ago,UA3525,Embraer E175,IAD,SDF,PZ2
2026-08-04,6 hours ago,UA972,Boeing 787-10 Dreamliner,ORD,BRU,PZ9
2026-05-12,1 day ago,UA4434,Bombardier CRJ550,EWR,DCA,PZ3
2026-10-21,1 day ago,UA3525,Embraer E175,IAD,SDF,PZ2
2026-05-21,1 day ago,UA2741,Boeing 737-900,LAX,LAS,PZ1
2026-08-26,1 day ago,UA3525,Embraer E175,IAD,SDF,PZ2
2026-07-28,1 day ago,UA3538,Embraer E175,IAD,SDF,PZ1
2026-05-05,3 days ago,UA2497,Boeing 757-200,IAD,ORD,PZ1
2026-11-03,1 day ago,UA123,Boeing 787-9 Dreamliner,LHR,EWR,PZ3
2026-08-10,4 hours ago,UA126,Boeing 767-300,IAD,FCO,PZ9
2026-08-09,8 hours ago,UA950,Boeing 777-300ER,IAD,BRU,PZ9
2026-05-25,1 day ago,UA1426,Boeing 737-900,IAH,MID,PZ1
2026-05-13,1 day ago,UA1426,Boeing 737-900,IAH,MID,PZ2
2026-06-23,1 day ago,UA4167,Bombardier CRJ550,DCA,EWR,PZ2
2026-05-22,2 days ago,UA1464,Boeing 737-800,SAT,DEN,PZ1
2026-05-28,2 hours ago,UA2279,Boeing 737-900,SFO,SEA,PZ3
2026-05-17,1 day ago,UA1426,Boeing 737-900,IAH,MID,PZ8
2026-09-09,1 day ago,UA31,Boeing 777-200,MUC,EWR,PZ9
2026-05-12,1 day ago,UA1264,Boeing 737-900,IAH,LAS,PZ1
2026-06-02,4 days ago,UA1792,Airbus A321neo,EWR,DEN,PZ3
2026-07-04,1 day ago,UA2231,Boeing 737 MAX 8,IAH,NAS,PZ6
2026-06-07,1 day ago,UA428,Airbus A319,MEX,IAH,PZ5
2026-05-10,4 days ago,UA1145,Boeing 737-900,SFO,CUN,PZ9
2026-05-26,9 hours ago,UA932,Boeing 777-200,IAD,FRA,PZ8
2026-06-20,1 day ago,UA3611,Embraer E175,DTW,EWR,PZ2
2026-05-20,1 day ago,UA849,Boeing 737-800,GUM,HND,PZ2
2026-08-19,1 day ago,UA958,Boeing 767-300,LHR,ORD,PZ9
2026-06-22,1 day ago,UA3652,Embraer E175,DTW,EWR,PZ1
2026-05-18,1 day ago,UA4519,Bombardier CRJ550,CID,ORD,PZ4
2026-06-05,1 day ago,UA2797,Airbus A319,CID,ORD,PZ1
2026-06-05,1 day ago,UA3425,Embraer E175,CID,ORD,PZ3
2026-07-06,4 days ago,UA1955,Airbus A319,ATL,ORD,PZ1
2026-06-05,1 day ago,UA4391,Bombardier CRJ550,CID,ORD,PZ3
2026-05-23,1 day ago,UA1082,Airbus A319,CID,ORD,PZ5
2026-05-23,1 day ago,UA4170,Bombardier CRJ550,CID,ORD,PZ4
2026-05-23,1 day ago,UA4533,Bombardier CRJ550,CID,ORD,PZ2
2026-05-12,7 hours ago,UA1127,Airbus A320,BNA,ORD,PZ2
2026-05-06,1 day ago,UA5680,Bombardier CRJ550,CID,ORD,PZ5
2026-06-19,1 day ago,UA2797,Airbus A319,CID,ORD,PZ1
2026-06-19,1 day ago,UA4391,Bombardier CRJ550,CID,ORD,PZ1
2026-06-22,1 day ago,UA4391,Bombardier CRJ550,CID,ORD,PZ1
2026-05-30,1 day ago,UA1084,Airbus A319,CID,ORD,PZ1
2026-05-29,1 day ago,UA4170,Bombardier CRJ550,CID,ORD,PZ1
2026-05-25,1 day ago,UA4170,Bombardier CRJ550,CID,ORD,PZ3
2026-05-25,1 day ago,UA4533,Bombardier CRJ550,CID,ORD,PZ2
2026-06-08,1 day ago,UA3425,Embraer E175,CID,ORD,PZ3
2026-06-08,1 day ago,UA4391,Bombardier CRJ550,CID,ORD,PZ3
2026-06-08,1 day ago,UA2797,Airbus A319,CID,ORD,PZ3
2026-06-23,1 day ago,UA512,Boeing 737-900,CID,ORD,PZ4
2026-06-23,1 day ago,UA2797,Airbus A319,CID,ORD,PZ2
2026-05-18,1 day ago,UA12,Boeing 767-300,ZRH,ORD,PZ9
2026-05-22,1 day ago,UA512,Boeing 737-900,CID,ORD,PZ5
2026-05-15,6 hours ago,UA1355,Boeing 737-800,BNA,ORD,PZ2
2026-05-22,1 day ago,UA1082,Boeing 737-700,CID,ORD,PZ3
2026-06-09,1 day ago,UA4391,Bombardier CRJ550,CID,ORD,PZ2
2026-06-09,1 day ago,UA3425,Embraer E175,CID,ORD,PZ2
2026-06-24,1 day ago,UA4391,Bombardier CRJ550,CID,ORD,PZ2
2026-05-24,1 day ago,UA1082,Airbus A319,CID,ORD,PZ2
2026-05-25,2 days ago,UA2829,Boeing 737-800,ORD,BWI,PZ1
2026-05-24,1 day ago,UA1695,Boeing 737-900,DFW,ORD,PZ2
2026-05-28,1 day ago,UA1923,Boeing 737-900,ORD,CID,PZ5
2026-05-28,1 day ago,UA4428,Bombardier CRJ550,ORD,CID,PZ3
2026-06-15,1 day ago,UA4448,Bombardier CRJ550,ORD,CID,PZ1
2026-05-18,1 day ago,UA4479,Bombardier CRJ550,ORD,CID,PZ2
2026-06-12,1 day ago,UA456,Airbus A319,ORD,CID,PZ3
2026-06-03,1 day ago,UA952,Boeing 787-8 Dreamliner,MUC,ORD,PZ8
2026-06-12,1 day ago,UA4448,Bombardier CRJ550,ORD,CID,PZ3
2026-06-12,1 day ago,UA3546,Embraer E175,ORD,CID,PZ2
2026-06-12,1 day ago,UA466,Airbus A319,ORD,CID,PZ2
2026-05-14,6 hours ago,UA1355,Boeing 737-800,BNA,ORD,PZ2
2026-05-24,1 day ago,UA2605,Airbus A319,ORD,CID,PZ1
2026-05-24,1 day ago,UA3570,Embraer E175,ORD,CID,PZ3
2026-05-24,1 day ago,UA1923,Boeing 737-900,ORD,CID,PZ2
2026-05-24,1 day ago,UA466,Airbus A319,ORD,CID,PZ1
2026-06-25,1 day ago,UA4781,Bombardier CRJ550,ORD,CID,PZ1
2026-05-17,3 days ago,UA5345,Embraer E175,LAX,PSP,PZ3
2027-01-07,3 days ago,UA1850,Boeing 737-800,LAX,YVR,PZ6
2026-05-13,1 day ago,UA5299,Embraer E175,LAX,FAT,PZ3
2026-06-24,1 day ago,UA2432,Boeing 737 MAX 8,LAX,FAT,PZ3
2026-06-05,1 day ago,UA1635,Airbus A319,IAD,ATL,PZ1
2026-06-23,1 day ago,UA2432,Boeing 737 MAX 8,LAX,FAT,PZ1
2026-05-21,1 day ago,UA2114,Boeing 737 MAX 9,DFW,IAH,PZ6
2026-05-25,1 day ago,UA1980,Boeing 737-800,SFO,SAN,PZ3
2026-05-12,1 day ago,UA190,Boeing 777-300ER,MNL,SFO,PZ9
2026-06-22,1 day ago,UA5299,Embraer E175,LAX,FAT,PZ1
2026-05-14,1 day ago,UA5299,Embraer E175,LAX,FAT,PZ3
2026-11-26,3 days ago,UA988,Boeing 777-300ER,FRA,IAD,PZ7
2026-05-25,2 hours ago,UA2818,Boeing 737-800,PDX,SFO,PZ1
2026-05-26,1 day ago,UA5299,Embraer E175,LAX,FAT,PZ3
2026-05-19,1 day ago,UA2064,Boeing 737-800,LAX,FAT,PZ5
2026-09-01,4 days ago,UA4465,Bombardier CRJ550,ORD,HSV,PZ2
2026-06-13,1 day ago,UA2432,Boeing 737-900,LAX,FAT,PZ6
2026-07-04,4 days ago,UA4570,Bombardier CRJ550,ORD,HSV,PZ2
2026-05-05,1 day ago,UA2064,Boeing 737-800W,LAX,FAT,PZ1
2026-06-05,1 day ago,UA2628,Boeing 737 MAX 8,LAX,FAT,PZ2
2026-07-01,1 day ago,UA374,Boeing 737 MAX 9,LAX,FAT,PZ2
2026-07-01,1 day ago,UA5299,Embraer E175,LAX,FAT,PZ2
2026-05-05,1 day ago,UA749,Boeing 767-300,GVA,IAD,PZ9
2026-06-10,1 day ago,UA5329,Embraer E175,LAX,FAT,PZ3
2026-05-21,1 day ago,UA514,Boeing 737-800,CID,DEN,PZ2
2026-08-31,4 days ago,UA684,Boeing 737-800,LAX,SEA,PZ1
2026-06-29,1 day ago,UA2114,Boeing 737 MAX 9,DFW,IAH,PZ2
2026-10-12,1 day ago,UA3525,Embraer E175,IAD,SDF,PZ1
2026-05-11,3 days ago,UA4451,Bombardier CRJ550,IAD,YOW,PZ3
2026-10-10,1 day ago,UA3525,Embraer E175,IAD,SDF,PZ2
2026-10-10,1 day ago,UA3980,Embraer E175,IAD,SDF,PZ2
2026-10-06,1 day ago,UA3525,Embraer E175,IAD,SDF,PZ2
2026-07-26,1 day ago,UA3538,Embraer E175,IAD,SDF,PZ1
2026-05-23,3 days ago,UA4418,Bombardier CRJ550,IAD,YOW,PZ1
2026-05-13,2 hours ago,UA4457,Bombardier CRJ550,EWR,DCA,PZ2
2026-05-13,2 hours ago,UA1366,Boeing 737-900,EWR,IAD,PZ5
2026-06-16,1 day ago,UA4433,Bombardier CRJ550,EWR,DCA,PZ2
2026-09-02,1 day ago,UA3525,Embraer E175,IAD,SDF,PZ2
2026-05-14,3 days ago,UA5636,Embraer E175,SAN,LAX,PZ1
2026-10-08,1 day ago,UA3525,Embraer E175,IAD,SDF,PZ1
2026-09-19,1 day ago,UA3525,Embraer E175,IAD,SDF,PZ2
2026-05-19,1 day ago,UA4499,Bombardier CRJ550,EWR,DCA,PZ1
2026-10-18,1 day ago,UA3525,Embraer E175,IAD,SDF,PZ1
2026-07-13,1 day ago,UA3526,Embraer E175,IAD,SDF,PZ1
2026-08-29,1 day ago,UA3525,Embraer E175,IAD,SDF,PZ2
2026-05-11,1 day ago,UA4167,Bombardier CRJ550,DCA,EWR,PZ3
2026-05-08,9 hours ago,UA1508,Airbus A320,BUR,SFO,PZ5
2026-10-22,1 day ago,UA5819,Bombardier CRJ550,ORD,DLH,PZ1
2026-05-09,4 days ago,UA488,Boeing 737-800,BUR,SFO,PZ1
2026-05-09,4 days ago,UA304,Boeing 737-800,BUR,SFO,PZ8
2026-05-19,3 days ago,UA135,Boeing 767-300,ZRH,EWR,PZ9
2026-05-09,3 days ago,UA1524,Boeing 737-900,ORF,IAD,PZ1
2026-05-19,3 days ago,UA151,Boeing 737-800,GUM,KIX,PZ5
2026-07-27,1 day ago,UA2232,Boeing 737-900,ORD,MSP,PZ1
2026-05-12,15 hours ago,UA642,Boeing 737-900,MCO,EWR,PZ6
2026-05-09,11 hours ago,UA783,Boeing 737 MAX 8,DEN,MEX,PZ9
2026-05-12,13 hours ago,UA1970,Boeing 737 MAX 8,MIA,EWR,PZ1
2026-06-18,2 days ago,UA2219,Boeing 737 MAX 9,SJU,EWR,PZ4
2026-09-04,2 days ago,UA1399,Boeing 737 MAX 9,EWR,MCI,PZ2
2026-09-28,2 days ago,UA150,Boeing 737-800,KIX,GUM,PZ1
2026-05-12,4 days ago,UA2319,Boeing 737-800,TPA,IAH,PZ2
2026-05-08,1 day ago,UA3513,Embraer E175,PIT,EWR,PZ4
2026-05-20,1 day ago,UA5771,Embraer E175,CID,ORD,PZ1
2026-05-16,1 day ago,UA4189,Bombardier CRJ550,CID,ORD,PZ2
2026-05-14,1 day ago,UA4170,Bombardier CRJ550,CID,ORD,PZ1
2026-05-17,1 day ago,UA465,Boeing 737-800,CID,ORD,PZ1
2026-05-19,1 day ago,UA5771,Embraer E175,CID,ORD,PZ3
2026-05-19,1 day ago,UA4519,Bombardier CRJ550,CID,ORD,PZ2
2026-05-19,1 day ago,UA5746,Bombardier CRJ550,CID,ORD,PZ5
2026-06-07,1 day ago,UA512,Boeing 737-900,CID,ORD,PZ2
2026-06-10,1 day ago,UA2797,Airbus A319,CID,ORD,PZ2
2026-06-10,1 day ago,UA4391,Bombardier CRJ550,CID,ORD,PZ1
2026-05-31,4 days ago,UA1145,Boeing 737-900,SFO,CUN,PZ5
2026-05-17,1 day ago,UA5680,Bombardier CRJ550,CID,ORD,PZ2
2026-06-01,1 day ago,UA1129,Airbus A319,CID,ORD,PZ1
2026-05-14,19 hours ago,UA2074,Boeing 737-800,IAH,DFW,PZ4
2026-06-14,1 day ago,UA512,Boeing 737-900,CID,ORD,PZ5
2026-06-14,1 day ago,UA2797,Airbus A319,CID,ORD,PZ2
2026-07-04,1 day ago,UA3718,Embraer E175,GRR,EWR,PZ2
2026-06-09,20 hours ago,UA1427,Boeing 737-800,SFO,LAX,PZ4
2026-05-11,1 day ago,UA5680,Bombardier CRJ550,CID,ORD,PZ4
2026-08-17,2 days ago,UA809,Boeing 777-300ER,SFO,MNL,PZ6
2026-06-01,1 day ago,UA2797,Airbus A319,CID,ORD,PZ2
2026-06-01,1 day ago,UA4391,Bombardier CRJ550,CID,ORD,PZ3
2026-06-01,1 day ago,UA3425,Embraer E175,CID,ORD,PZ3
2026-07-01,2 days ago,UA2275,Boeing 737-800,YYC,IAD,PZ9
2026-05-25,3 hours ago,UA98,Boeing 787-9 Dreamliner,LAX,MEL,PZ6
2026-06-13,1 day ago,UA2797,Airbus A319,CID,ORD,PZ1
2026-06-13,1 day ago,UA4391,Bombardier CRJ550,CID,ORD,PZ2
2026-06-03,1 day ago,UA2797,Airbus A319,CID,ORD,PZ1
2026-06-03,1 day ago,UA4391,Bombardier CRJ550,CID,ORD,PZ1
2026-06-03,1 day ago,UA3425,Embraer E175,CID,ORD,PZ2
2026-06-20,1 day ago,UA4391,Bombardier CRJ550,CID,ORD,PZ2
2026-06-25,1 day ago,UA4387,Bombardier CRJ550,ORD,CID,PZ1
2026-06-07,1 day ago,UA466,Airbus A319,ORD,CID,PZ2
2026-05-13,1 day ago,UA1923,Boeing 737-800,ORD,CID,PZ1
2026-07-11,1 day ago,UA2041,Boeing 737-800,MSP,DEN,PZ3
2026-05-23,1 day ago,UA729,Airbus A319,ORD,CID,PZ4
2026-06-05,6 hours ago,UA3418,Embraer E175,BNA,ORD,PZ3
2026-09-07,1 day ago,UA5908,Embraer E175,SFO,SLC,PZ1
2026-06-02,1 day ago,UA456,Airbus A319,ORD,CID,PZ2
2026-06-09,1 day ago,UA4448,Bombardier CRJ550,ORD,CID,PZ2
2026-06-10,1 day ago,UA1923,Boeing 737-900,ORD,CID,PZ4
2027-01-26,2 days ago,UA31,Boeing 767-300,MUC,EWR,PZ2
2026-05-05,2 days ago,UA31,Boeing 767-400,MUC,EWR,PZ9
2026-06-05,1 day ago,UA466,Boeing 737-700,ORD,CID,PZ3
2026-06-05,1 day ago,UA4448,Bombardier CRJ550,ORD,CID,PZ3
2026-05-10,3 days ago,UA3680,Embraer E175,EWR,MSP,PZ3
2026-11-14,1 day ago,UA1020,Boeing 737-900,IAH,CUN,PZ2
2026-05-10,1 day ago,UA4479,Bombardier CRJ550,ORD,CID,PZ3
2026-06-26,3 days ago,UA152,Boeing 787-9 Dreamliner,HKG,SGN,PZ9
2026-05-10,1 day ago,UA5772,Bombardier CRJ550,ORD,CID,PZ1
2026-05-10,1 day ago,UA4389,Bombardier CRJ550,ORD,CID,PZ4
2026-07-01,1 day ago,UA5717,Embraer E175,ORD,CID,PZ1
2026-07-01,1 day ago,UA4387,Bombardier CRJ550,ORD,CID,PZ1
2026-06-20,3 days ago,UA2005,Boeing 737-900,ORD,MSP,PZ3
2026-06-02,1 day ago,UA466,Airbus A319,ORD,CID,PZ1
2026-06-02,1 day ago,UA4448,Bombardier CRJ550,ORD,CID,PZ2
2026-05-17,1 day ago,UA1923,Boeing 737-800,ORD,CID,PZ3
2026-05-09,1 day ago,UA1923,Boeing 737-800,ORD,CID,PZ2
2026-05-09,1 day ago,UA5300,Bombardier CRJ550,ORD,CID,PZ5
2026-05-09,1 day ago,UA4389,Bombardier CRJ550,ORD,CID,PZ4
2026-07-06,1 day ago,UA2681,Boeing 737 MAX 8,SFO,YUL,PZ9
2026-06-20,1 day ago,UA456,Airbus A319,ORD,CID,PZ1
2026-06-23,1 day ago,UA3546,Embraer E175,ORD,CID,PZ2
2026-06-06,1 day ago,UA5484,Embraer E175,SLC,LAX,PZ4
2026-06-24,1 day ago,UA1923,Boeing 737-900,ORD,CID,PZ1
2026-05-09,2 days ago,UA1540,Boeing 737-800,IAH,BNA,PZ6
2026-05-25,6 hours ago,UA1968,Boeing 737-800,YYC,ORD,PZ2
2026-05-18,1 day ago,UA5692,Embraer E175,CID,DEN,PZ5
2026-05-31,1 day ago,UA4716,Embraer E175,CID,DEN,PZ1
2026-05-21,1 day ago,UA4716,Embraer E175,CID,DEN,PZ2
2026-12-08,1 day ago,UA958,Boeing 767-300,LHR,ORD,PZ4
2026-06-09,1 day ago,UA4716,Embraer E175,CID,DEN,PZ2
2026-07-16,2 days ago,UA2263,Boeing 737-800,PVR,IAH,PZ5
2026-06-15,1 day ago,UA5692,Embraer E175,CID,DEN,PZ1
2026-06-15,1 day ago,UA514,Boeing 737-800,CID,DEN,PZ4
2026-06-23,1 day ago,UA514,Boeing 737-800,CID,DEN,PZ1
2026-05-22,1 day ago,UA5220,Embraer E175,SFO,SMF,PZ3
2026-06-25,1 day ago,UA374,Boeing 737 MAX 8,LAX,FAT,PZ1
2026-06-25,1 day ago,UA5299,Embraer E175,LAX,FAT,PZ1
2026-06-21,1 day ago,UA5299,Embraer E175,LAX,FAT,PZ1
2026-05-19,1 day ago,UA1500,Boeing 737-800,CID,DEN,PZ1
2026-05-09,1 day ago,UA514,Boeing 737-800,CID,DEN,PZ1
2026-05-09,1 day ago,UA1500,Boeing 737-800,CID,DEN,PZ3
2026-05-22,1 day ago,UA4716,Embraer E175,CID,DEN,PZ5
2026-05-10,7 hours ago,UA1355,Boeing 737-800,BNA,ORD,PZ3
2026-05-17,1 day ago,UA5692,Embraer E175,CID,DEN,PZ6
2026-05-28,1 day ago,UA4716,Embraer E175,CID,DEN,PZ3
2026-05-29,1 day ago,UA5692,Embraer E175,CID,DEN,PZ1
2026-06-20,3 hours ago,UA921,Boeing 767-300,LHR,EWR,PZ9
2026-07-15,4 days ago,UA1118,Boeing 737 MAX 9,CUN,SFO,PZ2
2026-05-05,2 days ago,UA2223,Boeing 737 Max 8,ORD,FAI,PZ8
2026-05-08,1 day ago,UA5579,Embraer E175,SFO,SEA,PZ7
2026-07-23,4 days ago,UA1948,Boeing 737 MAX 9,CUN,SFO,PZ2
2026-05-05,4 days ago,UA3596,Embraer E175,EWR,RDU,PZ2
2026-05-05,4 days ago,UA1399,Boeing 737 MAX 8,EWR,RDU,PZ7
2026-08-12,4 days ago,UA4070,Embraer E175,IAD,TYS,PZ1
2026-07-25,4 days ago,UA6110,Embraer E175,IAD,TYS,PZ2
2026-07-29,4 days ago,UA4570,Bombardier CRJ550,ORD,HSV,PZ2
2026-06-15,2 days ago,UA3482,Embraer E175,MSN,EWR,PZ1
2026-07-11,4 days ago,UA6110,Embraer E175,IAD,TYS,PZ2
2026-05-23,1 day ago,UA1214,Boeing 737-800,DEN,PHL,PZ3
2026-07-29,4 days ago,UA4500,Bombardier CRJ550,ORD,HSV,PZ1
2026-09-05,4 days ago,UA4070,Embraer E175,IAD,TYS,PZ1
2026-05-05,6 hours ago,UA33,Boeing 787-9,NRT,LAX,PZ9
2026-06-24,1 day ago,UA3409,Embraer E175,DTW,EWR,PZ2
2026-06-23,1 day ago,UA3565,Embraer E175,DTW,EWR,PZ2
2027-01-12,3 days ago,UA123,Boeing 787-9 Dreamliner,LHR,EWR,PZ4
2026-05-30,1 day ago,UA532,Boeing 737-800,ATL,IAH,PZ2
2026-06-01,1 day ago,UA2474,Airbus A319,ATL,IAH,PZ2
2026-05-15,1 day ago,UA5680,Bombardier CRJ550,CID,ORD,PZ5
2026-06-11,1 day ago,UA4391,Bombardier CRJ550,CID,ORD,PZ1
2026-06-11,1 day ago,UA512,Boeing 737-900,CID,ORD,PZ5
2026-06-17,1 day ago,UA1129,Boeing 737-800,CID,ORD,PZ2
2026-06-17,1 day ago,UA2797,Airbus A319,CID,ORD,PZ1
2026-06-27,6 hours ago,UA2399,Boeing 737-700,OMA,IAH,PZ1
2026-06-17,1 day ago,UA3425,Embraer E175,CID,ORD,PZ2
2026-06-17,1 day ago,UA4391,Bombardier CRJ550,CID,ORD,PZ2
2026-05-13,1 day ago,UA5680,Bombardier CRJ550,CID,ORD,PZ4
2026-07-01,1 day ago,UA4723,Bombardier CRJ550,CID,ORD,PZ2
2026-06-15,1 day ago,UA3412,Embraer E175,EWR,DTW,PZ2
2026-05-14,1 day ago,UA820,Boeing 787-9 Dreamliner,HKG,BKK,PZ6
2026-05-07,1 day ago,UA4170,Bombardier CRJ550,CID,ORD,PZ2
2026-05-07,1 day ago,UA5746,Bombardier CRJ550,CID,ORD,PZ2
2026-05-07,1 day ago,UA4519,Bombardier CRJ550,CID,ORD,PZ5
2026-09-02,1 day ago,UA3718,Embraer E175,GRR,EWR,PZ2
2026-05-08,1 day ago,UA5680,Bombardier CRJ550,CID,ORD,PZ3
2026-05-08,1 day ago,UA5771,Embraer E175,CID,ORD,PZ2
2026-05-08,1 day ago,UA4519,Bombardier CRJ550,CID,ORD,PZ1
2026-05-08,9 hours ago,UA477,Airbus A320,BUR,SFO,PZ5
2026-06-29,1 day ago,UA4723,Bombardier CRJ550,CID,ORD,PZ1
2026-05-26,1 day ago,UA1082,Airbus A319,CID,ORD,PZ2
2026-05-28,1 day ago,UA4170,Bombardier CRJ550,CID,ORD,PZ1
2026-06-06,1 day ago,UA4391,Bombardier CRJ550,CID,ORD,PZ2
2026-06-02,1 day ago,UA1129,Airbus A319,CID,ORD,PZ1
2026-06-02,1 day ago,UA2797,Airbus A319,CID,ORD,PZ2
2026-06-02,1 day ago,UA4391,Bombardier CRJ550,CID,ORD,PZ2
2026-06-02,1 day ago,UA3425,Embraer E175,CID,ORD,PZ2
2026-05-27,1 day ago,UA1082,Airbus A319,CID,ORD,PZ1
2026-05-27,1 day ago,UA4170,Bombardier CRJ550,CID,ORD,PZ2
2026-05-23,1 day ago,UA135,Boeing 767-300,ZRH,EWR,PZ9
2026-06-12,1 day ago,UA4391,Bombardier CRJ550,CID,ORD,PZ2
2026-07-16,3 days ago,UA3516,Embraer E175,IAD,BUF,PZ1
2026-06-21,1 day ago,UA3425,Embraer E175,CID,ORD,PZ1
2026-06-21,1 day ago,UA4391,Bombardier CRJ550,CID,ORD,PZ1
2026-06-15,1 day ago,UA3654,Embraer E175,CID,ORD,PZ2
2026-06-15,1 day ago,UA4391,Bombardier CRJ550,CID,ORD,PZ1
2026-06-30,1 day ago,UA656,Boeing 737-900,CID,ORD,PZ4
2026-06-30,1 day ago,UA4707,Embraer E175,CID,ORD,PZ1
2026-05-13,1 day ago,UA4479,Bombardier CRJ550,ORD,CID,PZ3
2026-05-13,1 day ago,UA5956,Embraer E175,ORD,CID,PZ3
2026-05-13,1 day ago,UA5772,Bombardier CRJ550,ORD,CID,PZ4
2026-06-06,1 day ago,UA2097,Airbus A319,SLC,SFO,PZ4
2026-05-16,1 day ago,UA5956,Embraer E175,ORD,CID,PZ3
2026-05-20,4 days ago,UA3637,Embraer E175,YYZ,IAD,PZ5
2026-05-16,1 day ago,UA4389,Bombardier CRJ550,ORD,CID,PZ2
2026-06-24,1 day ago,UA466,Airbus A319,ORD,CID,PZ2
2027-01-19,2 days ago,UA31,Boeing 767-300,MUC,EWR,PZ3
2026-05-27,3 hours ago,UA2381,Boeing 737-900,EWR,MCO,PZ2
2026-05-06,1 day ago,UA4170,Bombardier CRJ550,ORD,CID,PZ2
2026-07-27,4 hours ago,UA16,Boeing 767-300,EWR,LHR,PZ9
2026-06-03,1 day ago,UA466,Airbus A319,ORD,CID,PZ2
2026-08-31,3 days ago,UA941,Boeing 767-300,LHR,EWR,PZ9
2026-09-09,1 day ago,UA988,Boeing 777-300ER,FRA,IAD,PZ9
2026-05-17,1 day ago,UA4170,Bombardier CRJ550,ORD,CID,PZ5
2026-05-17,1 day ago,UA5772,Bombardier CRJ550,ORD,CID,PZ1
2026-05-17,1 day ago,UA5956,Embraer E175,ORD,CID,PZ4
2026-05-17,1 day ago,UA4389,Bombardier CRJ550,ORD,CID,PZ4
2026-05-19,1 day ago,UA4388,Bombardier CRJ550,ORD,CID,PZ4
2026-05-19,1 day ago,UA5956,Embraer E175,ORD,CID,PZ4
2026-12-29,3 days ago,UA123,Boeing 787-9 Dreamliner,LHR,EWR,PZ2
2026-05-30,1 day ago,UA1923,Boeing 737-900,ORD,CID,PZ4
2026-05-26,1 day ago,UA2605,Airbus A319,ORD,CID,PZ2
2026-05-26,1 day ago,UA1923,Boeing 737-900,ORD,CID,PZ1
2026-11-23,2 days ago,UA941,Boeing 767-300,LHR,EWR,PZ3
2026-06-12,1 day ago,UA2097,Airbus A319,SLC,SFO,PZ2
2026-06-06,1 day ago,UA1923,Boeing 737-900,ORD,CID,PZ3
2026-05-23,2 hours ago,UA1205,Boeing 737-900,RDU,EWR,PZ8
2026-06-06,1 day ago,UA466,Airbus A319,ORD,CID,PZ1
2026-05-14,1 day ago,UA5772,Bombardier CRJ550,ORD,CID,PZ3
2026-05-14,1 day ago,UA4479,Bombardier CRJ550,ORD,CID,PZ4
2026-06-19,1 day ago,UA456,Airbus A319,ORD,CID,PZ1
2026-06-19,1 day ago,UA4448,Bombardier CRJ550,ORD,CID,PZ1
2026-12-28,3 days ago,UA921,Boeing 767-300,LHR,EWR,PZ1
2026-05-20,1 day ago,UA5881,Embraer E175,ORD,CID,PZ6
2026-05-31,1 day ago,UA4481,Bombardier CRJ550,ORD,CID,PZ3
2026-06-23,2 days ago,UA649,Airbus A320,BOI,SFO,PZ1
2026-05-31,1 day ago,UA466,Airbus A319,ORD,CID,PZ3
2026-06-04,1 day ago,UA2628,Boeing 737 MAX 8,LAX,FAT,PZ1
2026-06-04,1 day ago,UA5329,Embraer E175,LAX,FAT,PZ2
2026-05-21,1 day ago,UA2628,Boeing 737 MAX 8,LAX,FAT,PZ5
2026-05-21,1 day ago,UA5299,Embraer E175,LAX,FAT,PZ1
2026-05-15,1 day ago,UA2064,Boeing 737 MAX 9,LAX,FAT,PZ5
2026-05-28,2 days ago,UA2114,Boeing 737 MAX 9,DFW,IAH,PZ3
2026-06-21,1 day ago,UA4716,Embraer E175,CID,DEN,PZ1
2026-07-01,1 day ago,UA5273,Embraer E175,CID,DEN,PZ1
2026-06-30,1 day ago,UA4716,Embraer E175,CID,DEN,PZ2
2026-06-07,5 hours ago,UA1456,Boeing 737 MAX 8,EWR,NAS,PZ2
2026-09-01,11 hours ago,UA123,Boeing 787-9 Dreamliner,LHR,EWR,PZ9
2026-06-16,5 hours ago,UA1480,Boeing 737 MAX 8,EWR,NAS,PZ1
2026-05-12,5 hours ago,UA5761,Embraer E175,MSN,DEN,PZ1
2026-05-31,2 days ago,UA2114,Boeing 737 MAX 9,DFW,IAH,PZ3
2026-05-23,1 day ago,UA365,Boeing 737 MAX 8,EWR,RDU,PZ8
2026-07-16,4 days ago,UA1948,Boeing 737 MAX 9,CUN,SFO,PZ6
2026-06-13,1 day ago,UA512,Boeing 737-900,CID,ORD,PZ3
2026-06-07,1 day ago,UA723,Boeing 737 MAX 8,PWM,ORD,PZ1
2026-05-16,19 hours ago,UA2260,Airbus A320,DFW,IAH,PZ3
2026-05-16,19 hours ago,UA399,Airbus A319,DFW,IAH,PZ2
2026-06-16,13 hours ago,UA2683,Airbus A321neo,MCO,ORD,PZ2
2026-06-23,4 hours ago,UA3564,Embraer E175,EWR,MKE,PZ1
2026-05-07,2 days ago,UA1753,Boeing 737 MAX 8,RDU,EWR,PZ4
2026-06-23,2 days ago,UA3608,Embraer E175,EWR,MSN,PZ2
2026-05-10,17 hours ago,UA3419,Embraer E175,MCI,EWR,PZ4
2026-08-22,4 days ago,UA4465,Bombardier CRJ550,ORD,HSV,PZ1
2026-05-14,1 day ago,UA5504,Bombardier CRJ550,ORD,GSO,PZ1
2026-05-14,1 day ago,UA3504,Embraer E175,ORD,GSO,PZ1
2026-05-11,4 hours ago,UA852,Boeing 777-200,TPE,SFO,PZ9
2027-03-12,4 days ago,UA4724,Bombardier CRJ550,ORD,HSV,PZ1
2026-12-25,4 days ago,UA6007,Bombardier CRJ550,ORD,HSV,PZ1
2026-12-25,4 days ago,UA4724,Bombardier CRJ550,ORD,HSV,PZ1
2026-10-01,4 days ago,UA5418,Bombardier CRJ550,ORD,HSV,PZ1
2026-06-03,1 day ago,UA2794,Boeing 737-900,OMA,ORD,PZ2
2026-10-06,4 days ago,UA4724,Bombardier CRJ550,ORD,HSV,PZ1
2026-06-03,1 day ago,UA5325,Embraer E175,OMA,IAH,PZ1
2026-07-31,4 days ago,UA4570,Bombardier CRJ550,ORD,HSV,PZ1
2026-09-21,4 days ago,UA6007,Bombardier CRJ550,ORD,HSV,PZ1
2026-08-12,4 days ago,UA4481,Bombardier CRJ550,ORD,HSV,PZ2
2026-05-12,1 day ago,UA1825,Boeing 737-800,ORD,ECP,PZ4
2026-08-12,4 days ago,UA4500,Bombardier CRJ550,ORD,HSV,PZ1
2026-08-12,4 days ago,UA4465,Bombardier CRJ550,ORD,HSV,PZ1
2026-09-03,1 day ago,UA885,Boeing 777-200,FCO,IAD,PZ9
2026-06-20,3 days ago,UA4419,Bombardier CRJ550,EWR,CHA,PZ2
2026-05-18,2 hours ago,UA913,Boeing 757-200,KEF,ORD,PZ9
2026-07-15,21 hours ago,UA1674,Boeing 737 MAX 9,ORD,AUA,PZ7
2026-05-11,3 hours ago,UA4783,Embraer E175,PHX,LAX,PZ4
2026-06-26,1 day ago,UA4167,Bombardier CRJ550,DCA,EWR,PZ1
2026-07-01,4 days ago,UA6297,Embraer E175,TYS,IAD,PZ2
2026-05-29,2 days ago,UA2069,Airbus A319,IAH,CVG,PZ1
2026-05-30,2 days ago,UA6312,Embraer E175,IAH,CVG,PZ1
2026-05-08,1 day ago,UA3609,Embraer E175,ORD,ECP,PZ3
2026-05-27,12 hours ago,UA5458,Embraer E175,LAX,PHX,PZ5
2026-05-18,1 day ago,UA1636,Boeing 737 MAX 8,LGA,ORD,PZ3
2026-07-11,1 day ago,UA5908,Embraer E175,RNO,LAX,PZ2
2026-05-12,1 day ago,UA650,Boeing 737-800,ORD,SRQ,PZ4
2026-06-05,1 day ago,UA659,Boeing 737-900,LAX,PHX,PZ1
2026-05-12,4 days ago,UA988,Boeing 777-300ER,FRA,IAD,PZ9
2026-07-14,3 days ago,UA1189,Boeing 737-800,SFO,SJD,PZ2
2026-05-14,22 hours ago,UA5370,Embraer E175,LAX,PHX,PZ2
2026-09-29,1 day ago,UA1001,Boeing 737-900,LAX,AUS,PZ3
2026-09-29,1 day ago,UA1990,Boeing 737-900,LAX,AUS,PZ3
2026-05-21,1 day ago,UA1496,Boeing 737 MAX 8,LAX,RNO,PZ1
2026-09-29,1 day ago,UA1496,Boeing 737-900,LAX,AUS,PZ3
2026-05-26,1 day ago,UA5410,Embraer E175,LAX,RNO,PZ4
2026-06-02,1 day ago,UA5410,Embraer E175,LAX,RNO,PZ3
2026-07-04,4 days ago,UA6297,Embraer E175,TYS,IAD,PZ1
2026-08-25,6 hours ago,UA12,Boeing 767-300,ZRH,ORD,PZ9
2026-09-11,1 day ago,UA1001,Boeing 737-900,LAX,AUS,PZ1
2026-05-10,5 hours ago,UA5794,Embraer E175,MAF,DEN,PZ3
2026-07-22,4 days ago,UA6297,Embraer E175,TYS,IAD,PZ1
2026-05-06,2 days ago,UA861,Boeing 767-400ER,IAD,GRU,PZ9
2026-07-28,4 days ago,UA6297,Embraer E175,TYS,IAD,PZ2
2027-02-15,1 day ago,UA3712,Embraer E175,EWR,MYR,PZ1
2026-09-14,1 day ago,UA1036,Airbus A319,EWR,MYR,PZ1
2026-09-06,1 day ago,UA1036,Airbus A319,EWR,MYR,PZ1
2026-06-25,3 days ago,UA4413,Bombardier CRJ550,CHA,EWR,PZ1
2026-06-18,3 days ago,UA4413,Bombardier CRJ550,CHA,EWR,PZ1
2026-05-10,5 hours ago,UA1456,Boeing 737 MAX 8,EWR,NAS,PZ6
2026-05-12,1 day ago,UA5692,Embraer E175,CID,DEN,PZ5
2026-06-27,1 day ago,UA4716,Embraer E175,CID,DEN,PZ2
2026-05-26,1 day ago,UA4716,Embraer E175,CID,DEN,PZ2
2026-06-11,1 day ago,UA4716,Embraer E175,CID,DEN,PZ1
2026-06-04,1 day ago,UA1500,Boeing 737-900,CID,DEN,PZ3
2026-05-09,4 days ago,UA5811,Embraer E175,SFO,PHX,PZ2
2026-05-09,1 day ago,UA3410,Embraer E175,ORD,SDF,PZ6
2026-05-09,1 day ago,UA6019,Bombardier CRJ550,ORD,SDF,PZ5
2026-06-20,1 day ago,UA1500,Boeing 737-900,CID,DEN,PZ4
2026-08-31,2 days ago,UA1399,Boeing 737 MAX 9,EWR,MCI,PZ2
2026-05-19,1 day ago,UA1792,Boeing 737 MAX 9,EWR,DEN,PZ1
2026-06-07,23 hours ago,UA2647,Boeing 737 MAX 8,LAX,SFO,PZ2
2026-05-12,1 day ago,UA1485,Boeing 737-800,DEN,JAX,PZ2
2026-06-25,1 day ago,UA153,Boeing 787-9 Dreamliner,SGN,HKG,PZ9
2026-08-28,4 days ago,UA1399,Boeing 737 MAX 9,EWR,MCI,PZ2
2026-08-25,4 days ago,UA1399,Boeing 737 MAX 9,EWR,MCI,PZ4
2026-06-29,2 days ago,UA3608,Embraer E175,EWR,MSN,PZ1
2026-05-23,Just now,UA5836,Embraer E175,ORD,YYZ,PZ1
2026-05-09,1 day ago,UA1724,Boeing 737 MAX 9,KOA,SFO,PZ1
2026-08-25,3 days ago,UA1546,Boeing 737 MAX 9,BWI,LAX,PZ2
2026-07-20,4 days ago,UA6110,Embraer E175,IAD,TYS,PZ1
2026-06-16,3 hours ago,UA1748,Boeing 737-800,ORD,CLT,PZ2
2026-08-29,3 days ago,UA1546,Boeing 737 MAX 9,BWI,LAX,PZ1
2026-05-24,4 hours ago,UA1190,Boeing 737-900,EWR,MCO,PZ1
2026-06-08,15 hours ago,UA921,Boeing 767-300,LHR,EWR,PZ9
2026-05-08,5 hours ago,UA5761,Embraer E175,MSN,DEN,PZ1
2026-08-22,4 days ago,UA4070,Embraer E175,IAD,TYS,PZ1
2026-08-13,8 hours ago,UA2053,Boeing 737-700,ATL,EWR,PZ1
2026-12-21,4 days ago,UA4724,Bombardier CRJ550,ORD,HSV,PZ1
2026-07-04,4 days ago,UA4500,Bombardier CRJ550,ORD,HSV,PZ1
2027-02-28,4 days ago,UA4724,Bombardier CRJ550,ORD,HSV,PZ1
2027-02-28,4 days ago,UA5589,Bombardier CRJ550,ORD,HSV,PZ1
2026-06-13,3 days ago,UA1041,Boeing 737 MAX 8,TPA,EWR,PZ2
2026-07-22,4 days ago,UA4570,Bombardier CRJ550,ORD,HSV,PZ2
2026-05-09,3 days ago,UA1020,Boeing 737 MAX 9,IAH,CUN,PZ9
2026-09-06,4 days ago,UA4481,Bombardier CRJ550,ORD,HSV,PZ1
2026-09-06,4 days ago,UA4465,Bombardier CRJ550,ORD,HSV,PZ1
2026-10-14,4 days ago,UA4724,Bombardier CRJ550,ORD,HSV,PZ2
2026-05-27,8 hours ago,UA327,Boeing 737 MAX 9,SAN,EWR,PZ2
2026-09-11,4 days ago,UA4481,Bombardier CRJ550,ORD,HSV,PZ1
2026-05-15,5 hours ago,UA5761,Embraer E175,MSN,DEN,PZ2
2027-01-01,4 days ago,UA4724,Bombardier CRJ550,ORD,HSV,PZ1
2026-06-27,1 day ago,UA2333,Boeing 737 MAX 9,CHS,ORD,PZ1
2026-05-13,3 hours ago,UA5579,Embraer E175,SFO,SEA,PZ2
2026-07-02,15 hours ago,UA947,Boeing 767-300,AMS,IAD,PZ9
2026-05-21,2 days ago,UA4192,Bombardier CRJ550,CVG,EWR,PZ1
2026-08-19,4 days ago,UA4481,Bombardier CRJ550,ORD,HSV,PZ2
2026-08-19,4 days ago,UA4500,Bombardier CRJ550,ORD,HSV,PZ1
2026-08-19,4 days ago,UA4465,Bombardier CRJ550,ORD,HSV,PZ1
2026-08-25,4 days ago,UA4481,Bombardier CRJ550,ORD,HSV,PZ2
2026-05-21,9 hours ago,UA822,Airbus A319,MEX,SFO,PZ6
2026-05-19,19 hours ago,UA3419,Embraer E175,MCI,EWR,PZ1
2026-08-26,4 days ago,UA4481,Bombardier CRJ550,ORD,HSV,PZ2
2026-08-26,4 days ago,UA4500,Bombardier CRJ550,ORD,HSV,PZ1
2026-05-29,6 hours ago,UA17,Boeing 767-300,LHR,EWR,PZ9
2026-07-28,1 day ago,UA35,Boeing 777-200,SFO,KIX,PZ5
2026-06-03,4 hours ago,UA17,Boeing 767-300,LHR,EWR,PZ9
2026-12-24,1 day ago,UA1491,Airbus A319,ORD,ECP,PZ1
2026-10-23,4 days ago,UA6007,Bombardier CRJ550,ORD,HSV,PZ1
2026-05-15,1 day ago,UA3609,Embraer E175,ORD,ECP,PZ4
2026-05-24,4 hours ago,UA16,Boeing 767-300,EWR,LHR,PZ9
2026-05-11,1 day ago,UA3609,Embraer E175,ORD,ECP,PZ6
2026-09-17,4 days ago,UA6007,Bombardier CRJ550,ORD,HSV,PZ1
2026-05-13,23 hours ago,UA2142,Boeing 737 MAX 8,SFO,SAN,PZ2
2026-05-16,9 hours ago,UA2121,Airbus A320,SEA,SFO,PZ1
2026-07-15,2 days ago,UA1750,Boeing 737 MAX 8,OGG,SFO,PZ1
2026-05-05,1 day ago,UA1825,Boeing 737-800SFP,ORD,ECP,PZ6
2027-03-01,4 days ago,UA4724,Bombardier CRJ550,ORD,HSV,PZ1
2026-05-21,3 days ago,UA3625,Embraer E175,GRR,EWR,PZ4
2026-05-21,3 days ago,UA4416,Bombardier CRJ550,GRR,ORD,PZ5
2026-05-21,3 days ago,UA6197,Embraer E175,GRR,IAH,PZ2
2026-06-17,3 days ago,UA4419,Bombardier CRJ550,EWR,CHA,PZ1
2026-12-20,4 days ago,UA4724,Bombardier CRJ550,ORD,HSV,PZ1
2026-10-28,4 days ago,UA4724,Bombardier CRJ550,ORD,HSV,PZ2
2026-10-31,3 days ago,UA1482,Airbus A321neo,SFO,ORD,PZ2
2026-09-30,4 days ago,UA6007,Bombardier CRJ550,ORD,HSV,PZ1
2026-05-13,3 days ago,UA959,Boeing 767-300,LHR,ORD,PZ9
2027-02-19,4 days ago,UA5589,Bombardier CRJ550,ORD,HSV,PZ1
2027-02-19,4 days ago,UA4724,Bombardier CRJ550,ORD,HSV,PZ1
2026-06-27,1 day ago,UA4654,Embraer E175,ORD,ECP,PZ2
2026-05-12,11 hours ago,UA5547,Embraer E175,LAX,PHX,PZ1
2026-06-18,16 hours ago,UA848,Boeing 737-800,HND,GUM,PZ1
2026-05-28,5 hours ago,UA189,Boeing 777-300ER,SFO,MNL,PZ3
2026-05-16,1 day ago,UA348,Airbus A319,IAD,CLT,PZ3
2026-06-19,2 days ago,UA659,Boeing 737-900,LAX,PHX,PZ2
2026-06-24,16 hours ago,UA201,Boeing 777-300ER,HNL,GUM,PZ1
2026-05-21,1 day ago,UA4654,Embraer E175,ORD,ECP,PZ5
2026-09-30,1 day ago,UA1990,Boeing 737-900,LAX,AUS,PZ3
2026-09-30,1 day ago,UA1496,Boeing 737-900,LAX,AUS,PZ3
2026-08-08,1 day ago,UA1269,Boeing 737-800,YYC,DEN,PZ9
2026-07-09,4 hours ago,UA61,Boeing 787-9 Dreamliner,MEL,SFO,PZ4
2026-05-26,18 hours ago,UA2837,Boeing 737-900,SEA,SFO,PZ5
2026-07-28,1 day ago,UA532,Boeing 737-800,ATL,IAH,PZ3
2026-07-29,1 day ago,UA425,Airbus A319,ATL,IAH,PZ2
2026-07-25,1 day ago,UA4661,Embraer E175,ATL,IAH,PZ2
2026-07-27,1 day ago,UA2376,Airbus A319,ATL,IAH,PZ1
2026-05-11,19 hours ago,UA33,Boeing 737-800,CEB,NRT,PZ3
2026-06-11,2 days ago,UA356,Boeing 737 MAX 9,ORD,ATL,PZ2
2026-05-28,2 days ago,UA109,Boeing 787-8 Dreamliner,MUC,IAD,PZ9
2026-05-22,5 hours ago,UA6235,Embraer E175,PHL,IAD,PZ1
2026-06-02,1 day ago,UA3552,Embraer E175,DCA,ORD,PZ1
2026-05-30,2 days ago,UA299,Airbus A319,ATL,EWR,PZ1
2027-01-24,1 day ago,UA3589,Embraer E175,EWR,MYR,PZ1
2027-01-24,1 day ago,UA3712,Embraer E175,EWR,MYR,PZ1
2027-03-31,1 day ago,UA945,Boeing 787-10 Dreamliner,FRA,ORD,PZ1
2026-06-20,3 days ago,UA4413,Bombardier CRJ550,CHA,EWR,PZ2
2026-05-19,5 hours ago,UA4540,Bombardier CRJ550,PHL,IAD,PZ1
2026-08-02,1 day ago,UA2752,Boeing 737-800,CVG,ORD,PZ1
2027-01-11,1 day ago,UA3712,Embraer E175,EWR,MYR,PZ1
2026-08-02,1 day ago,UA4741,Embraer E175,CVG,ORD,PZ1
2026-08-02,1 day ago,UA1107,Boeing 737 MAX 9,CVG,ORD,PZ1
2026-10-28,4 days ago,UA837,Boeing 737 MAX 8,NRT,KHH,PZ1
2026-05-16,1 day ago,UA4526,Bombardier CRJ550,ORD,SDF,PZ5
2026-05-16,1 day ago,UA5249,Bombardier CRJ550,ORD,SDF,PZ5
2026-05-16,1 day ago,UA3551,Embraer E175,ORD,SDF,PZ6
2026-05-23,1 day ago,UA2349,Boeing 737 MAX 8,LIR,SFO,PZ9
2026-05-15,1 day ago,UA4526,Bombardier CRJ550,ORD,SDF,PZ3
2026-05-15,1 day ago,UA3410,Embraer E175,ORD,SDF,PZ4
2026-08-01,3 days ago,UA1571,Boeing 737 MAX 9,IAH,MCO,PZ1
2026-05-15,1 day ago,UA3598,Embraer E175,ORD,SDF,PZ4
2026-05-15,1 day ago,UA3551,Embraer E175,ORD,SDF,PZ4
2026-05-14,1 day ago,UA4526,Bombardier CRJ550,ORD,SDF,PZ2
2026-05-14,1 day ago,UA3410,Embraer E175,ORD,SDF,PZ3
2026-07-11,4 days ago,UA6297,Embraer E175,TYS,IAD,PZ1
2026-07-21,3 days ago,UA1872,Boeing 737-900,MCO,IAH,PZ2
2027-01-01,1 day ago,UA3712,Embraer E175,EWR,MYR,PZ1
2026-08-04,3 days ago,UA1872,Boeing 737-900,MCO,IAH,PZ1
2026-05-05,1 day ago,UA50,Boeing 767-400,MAD,EWR,PZ1
2026-05-08,1 day ago,UA3563,Embraer E175,PIT,EWR,PZ5
2026-10-27,4 days ago,UA5239,Bombardier CRJ550,HSV,ORD,PZ1
2026-10-10,4 hours ago,UA5704,Embraer E175,ICT,ORD,PZ2
2026-06-29,1 day ago,UA307,Boeing 737-900,MSP,ORD,PZ1
2026-05-24,3 days ago,UA5905,Embraer E175,ORD,MTJ,PZ2
2026-05-11,3 days ago,UA4418,Bombardier CRJ550,IAD,YOW,PZ2
2027-03-19,4 days ago,UA4724,Bombardier CRJ550,ORD,HSV,PZ1
2026-09-01,4 days ago,UA4481,Bombardier CRJ550,ORD,HSV,PZ2
2026-05-26,5 hours ago,UA398,Boeing 757-200,IAD,KEF,PZ8
2026-09-05,4 days ago,UA4481,Bombardier CRJ550,ORD,HSV,PZ2
2026-09-05,4 days ago,UA4465,Bombardier CRJ550,ORD,HSV,PZ2
2026-06-09,17 hours ago,UA957,Boeing 767-300,GVA,EWR,PZ9
2026-06-16,3 days ago,UA4419,Bombardier CRJ550,EWR,CHA,PZ2
2026-09-16,4 days ago,UA6007,Bombardier CRJ550,ORD,HSV,PZ1
2026-05-16,3 days ago,UA795,Airbus A321neo,ORD,EWR,PZ5
2027-02-21,4 days ago,UA5589,Bombardier CRJ550,ORD,HSV,PZ1
2026-09-15,3 days ago,UA2233,Boeing 737-900,SAT,EWR,PZ2
2026-09-25,4 days ago,UA5418,Bombardier CRJ550,ORD,HSV,PZ1
2026-09-25,4 days ago,UA6007,Bombardier CRJ550,ORD,HSV,PZ1
2026-09-25,4 days ago,UA4724,Bombardier CRJ550,ORD,HSV,PZ1
2026-05-25,1 day ago,UA4654,Embraer E175,ORD,ECP,PZ3
2026-10-16,4 days ago,UA6007,Bombardier CRJ550,ORD,HSV,PZ1
2026-10-16,4 days ago,UA5418,Bombardier CRJ550,ORD,HSV,PZ1
2026-08-28,4 days ago,UA4481,Bombardier CRJ550,ORD,HSV,PZ1
2026-08-28,4 days ago,UA4465,Bombardier CRJ550,ORD,HSV,PZ1
2026-05-14,1 day ago,UA3609,Embraer E175,ORD,ECP,PZ1
2027-02-21,4 days ago,UA4724,Bombardier CRJ550,ORD,HSV,PZ1
2026-05-10,1 day ago,UA3609,Embraer E175,ORD,ECP,PZ5
2026-09-14,4 days ago,UA6007,Bombardier CRJ550,ORD,HSV,PZ1
2026-08-18,4 days ago,UA4481,Bombardier CRJ550,ORD,HSV,PZ1
2026-08-07,4 days ago,UA4570,Bombardier CRJ550,ORD,HSV,PZ1
2026-05-09,12 hours ago,UA917,Boeing 777-200,SFO,AKL,PZ9
2026-10-07,4 days ago,UA4724,Bombardier CRJ550,ORD,HSV,PZ2
2026-10-07,4 days ago,UA5418,Bombardier CRJ550,ORD,HSV,PZ1
2026-05-19,1 day ago,UA1491,Boeing 737-800,ORD,ECP,PZ3
2026-06-14,2 hours ago,UA1020,Boeing 737 MAX 9,IAH,CUN,PZ9
2026-06-19,3 days ago,UA4419,Bombardier CRJ550,EWR,CHA,PZ1
2026-06-24,1 day ago,UA5871,Embraer E175,ORD,ECP,PZ2
2026-05-16,1 day ago,UA3609,Embraer E175,ORD,ECP,PZ3
2026-05-12,4 hours ago,UA872,Boeing 777-300ER,TPE,SFO,PZ9
2026-05-08,3 hours ago,UA4174,Bombardier CRJ550,DCA,EWR,PZ3
2026-06-15,2 days ago,UA659,Boeing 737-900,LAX,PHX,PZ3
2026-05-09,1 day ago,UA3609,Embraer E175,ORD,ECP,PZ4
2026-09-22,3 hours ago,UA3674,Embraer E175,ORD,MKE,PZ2
2026-05-21,3 days ago,UA3522,Embraer E175,PIT,EWR,PZ6
2026-06-06,2 days ago,UA381,Boeing 767-300,BRI,EWR,PZ9
2026-05-17,2 hours ago,UA913,Boeing 757-200,KEF,ORD,PZ7
2026-05-06,2 days ago,UA679,Boeing 737 Max 9,LAX,LAS,PZ7
2026-10-20,1 day ago,UA1990,Boeing 737-900,LAX,AUS,PZ3
2026-09-25,1 day ago,UA1001,Boeing 737-900,LAX,AUS,PZ1
2027-02-24,8 hours ago,UA989,Boeing 777-300ER,IAD,FRA,PZ2
2026-09-25,4 days ago,UA6255,Embraer E175,TYS,IAD,PZ1
2026-07-04,1 day ago,UA304,Airbus A320,IAH,PVR,PZ5
2026-05-23,13 hours ago,UA1904,Boeing 737-900,EWR,TPA,PZ5
2026-05-18,2 days ago,UA559,Boeing 737-900,EWR,MIA,PZ1
2026-07-16,4 days ago,UA6297,Embraer E175,TYS,IAD,PZ1
2026-08-19,1 day ago,UA3594,Embraer E175,SDF,EWR,PZ2
2026-08-20,1 day ago,UA3594,Embraer E175,SDF,EWR,PZ1
2026-08-18,1 day ago,UA3594,Embraer E175,SDF,EWR,PZ2
2026-07-28,1 day ago,UA267,Boeing 737-800,SFO,BOI,PZ3
2026-08-04,1 day ago,UA6027,Embraer E175,SFO,BOI,PZ1
2026-06-02,1 day ago,UA749,Boeing 767-300,GVA,IAD,PZ9
2026-07-25,1 day ago,UA267,Boeing 737-800,SFO,BOI,PZ3
2027-03-21,1 day ago,UA152,Boeing 787-9 Dreamliner,HKG,SGN,PZ9
2026-05-29,1 day ago,UA4564,Bombardier CRJ550,XNA,ORD,PZ1
2026-05-18,1 day ago,UA412,Airbus A319,SFO,MEX,PZ8
2026-06-07,4 days ago,UA3560,Embraer E175,PIT,EWR,PZ3
2026-05-13,3 days ago,UA1571,Boeing 737-900,IAH,MCO,PZ3
2026-07-26,1 day ago,UA1407,Airbus A319,EWR,MYR,PZ1
2026-07-26,1 day ago,UA3589,Embraer E175,EWR,MYR,PZ1
2026-06-16,3 days ago,UA4413,Bombardier CRJ550,CHA,EWR,PZ2
2026-08-11,4 days ago,UA1577,Airbus A319,ATL,ORD,PZ1
2026-06-04,7 hours ago,UA12,Boeing 767-300,ZRH,ORD,PZ9
2026-08-01,1 day ago,UA356,Boeing 737-900,ORD,ATL,PZ4
2026-05-19,5 hours ago,UA4386,Bombardier CRJ550,PHL,IAD,PZ5
2026-05-20,8 hours ago,UA1857,Airbus A320,FSD,ORD,PZ4
2026-09-03,4 days ago,UA4440,Bombardier CRJ550,HSV,ORD,PZ1
2026-08-19,4 days ago,UA4469,Bombardier CRJ550,HSV,ORD,PZ1
2026-08-19,4 days ago,UA4440,Bombardier CRJ550,HSV,ORD,PZ2
2026-09-23,4 days ago,UA4440,Bombardier CRJ550,HSV,ORD,PZ1
2027-03-03,1 day ago,UA908,Boeing 767-300,AMS,ORD,PZ1
2026-11-17,4 days ago,UA5239,Bombardier CRJ550,HSV,ORD,PZ1
2026-11-17,4 days ago,UA5877,Bombardier CRJ550,HSV,ORD,PZ1
2026-06-16,2 days ago,UA3409,Embraer E175,DTW,EWR,PZ2
2026-09-05,4 days ago,UA4440,Bombardier CRJ550,HSV,ORD,PZ2
2026-10-16,4 days ago,UA5877,Bombardier CRJ550,HSV,ORD,PZ1
2026-12-30,4 days ago,UA5239,Bombardier CRJ550,HSV,ORD,PZ2
2026-08-04,3 hours ago,UA921,Boeing 767-300,LHR,EWR,PZ9
2026-05-25,2 hours ago,UA945,Boeing 787-10 Dreamliner,FRA,ORD,PZ9
2026-06-22,3 days ago,UA4413,Bombardier CRJ550,CHA,EWR,PZ1
2026-06-28,2 days ago,UA2009,Boeing 737 MAX 9,IAH,LIR,PZ8
2026-12-31,4 days ago,UA4707,Bombardier CRJ550,HSV,ORD,PZ1
2026-06-21,1 day ago,UA1695,Boeing 737-900,DFW,ORD,PZ1
2026-12-31,4 days ago,UA5239,Bombardier CRJ550,HSV,ORD,PZ1
2026-06-21,1 day ago,UA1228,Boeing 737-800,DFW,ORD,PZ1
2026-06-29,3 days ago,UA4413,Bombardier CRJ550,CHA,EWR,PZ1
2026-07-26,4 hours ago,UA4568,Bombardier CRJ550,ORD,SCE,PZ1
2026-11-01,1 day ago,UA3589,Embraer E175,EWR,MYR,PZ1
2026-07-19,1 day ago,UA1407,Airbus A319,EWR,MYR,PZ1
2026-05-22,9 hours ago,UA3486,Embraer E175,EWR,GRR,PZ2
2026-08-30,1 day ago,UA1036,Airbus A319,EWR,MYR,PZ1
2026-09-22,4 days ago,UA5266,Bombardier CRJ550,HSV,ORD,PZ2
2026-09-22,4 days ago,UA4474,Bombardier CRJ550,HSV,ORD,PZ1
2026-07-02,22 hours ago,UA3683,Embraer E175,EWR,IND,PZ1
2026-05-21,3 days ago,UA3681,Embraer E175,GSO,EWR,PZ1
2026-05-27,3 days ago,UA963,Boeing 767-300,BER,EWR,PZ9
2026-05-10,3 days ago,UA3541,Embraer E175,GSO,EWR,PZ3
2026-08-01,4 days ago,UA4505,Bombardier CRJ550,HSV,ORD,PZ1
2026-05-14,3 days ago,UA3408,Embraer E175,GSO,EWR,PZ2
2026-07-28,1 day ago,UA1407,Boeing 737 MAX 8,EWR,MYR,PZ1
2026-05-06,2 days ago,UA1753,Boeing 737 MAX 8,RDU,EWR,PZ1
2026-05-22,1 day ago,UA5744,Embraer E175,LAX,SLC,PZ2
2026-05-14,3 days ago,UA3541,Embraer E175,GSO,EWR,PZ2
2026-10-27,4 days ago,UA5877,Bombardier CRJ550,HSV,ORD,PZ2
2026-08-11,4 days ago,UA4469,Bombardier CRJ550,HSV,ORD,PZ2
2026-08-11,4 days ago,UA4440,Bombardier CRJ550,HSV,ORD,PZ2
2026-05-15,2 days ago,UA2291,Boeing 737 MAX 9,EWR,SAV,PZ4
2026-11-14,1 day ago,UA3589,Embraer E175,EWR,MYR,PZ1
2026-08-26,4 days ago,UA4440,Bombardier CRJ550,HSV,ORD,PZ2
2026-11-03,4 days ago,UA5239,Bombardier CRJ550,HSV,ORD,PZ2
2026-11-03,4 days ago,UA5877,Bombardier CRJ550,HSV,ORD,PZ2
2026-09-07,4 days ago,UA4440,Bombardier CRJ550,HSV,ORD,PZ1
2026-09-07,4 days ago,UA4474,Bombardier CRJ550,HSV,ORD,PZ1
2027-01-20,1 day ago,UA3714,Embraer E175,MYR,EWR,PZ2
2026-07-18,4 days ago,UA4505,Bombardier CRJ550,HSV,ORD,PZ2
2026-08-22,4 days ago,UA4469,Bombardier CRJ550,HSV,ORD,PZ2
2026-08-22,4 days ago,UA4440,Bombardier CRJ550,HSV,ORD,PZ2
2027-01-01,4 days ago,UA5239,Bombardier CRJ550,HSV,ORD,PZ1
2026-06-16,1 day ago,UA1008,Boeing 737-900,STL,ORD,PZ4
2026-06-16,1 day ago,UA4517,Bombardier CRJ550,STL,ORD,PZ2
2026-06-16,1 day ago,UA5572,Bombardier CRJ550,STL,ORD,PZ1
2026-06-16,1 day ago,UA4395,Bombardier CRJ550,STL,ORD,PZ1
2026-06-16,1 day ago,UA6283,Embraer E175,STL,IAH,PZ1
2026-06-16,1 day ago,UA362,Boeing 737-800,STL,DEN,PZ3
2026-05-10,1 day ago,UA1936,Boeing 737-900,ONT,IAH,PZ1
2026-06-15,1 day ago,UA4028,Embraer E175,STL,IAH,PZ1
2027-02-02,4 days ago,UA5239,Bombardier CRJ550,HSV,ORD,PZ1
2026-06-13,1 day ago,UA4588,Bombardier CRJ550,STL,ORD,PZ2
2026-06-13,1 day ago,UA1639,Airbus A319,STL,ORD,PZ3
2026-06-13,1 day ago,UA4567,Bombardier CRJ550,STL,ORD,PZ2
2026-06-13,1 day ago,UA5572,Bombardier CRJ550,STL,ORD,PZ2
2026-06-10,4 days ago,UA1979,Boeing 737 MAX 9,EWR,TPA,PZ1
2026-07-06,4 days ago,UA4480,Bombardier CRJ550,HSV,ORD,PZ1
2026-05-29,1 day ago,UA928,Boeing 767-300,LHR,ORD,PZ5
2026-07-06,4 days ago,UA4469,Bombardier CRJ550,HSV,ORD,PZ1
2026-06-15,1 day ago,UA4167,Bombardier CRJ550,DCA,EWR,PZ2
2026-05-23,3 days ago,UA2649,Boeing 737-800,ORD,LGA,PZ2
2026-10-26,4 days ago,UA4707,Bombardier CRJ550,HSV,ORD,PZ1
2026-08-25,4 days ago,UA4474,Bombardier CRJ550,HSV,ORD,PZ2
2026-08-25,4 days ago,UA4469,Bombardier CRJ550,HSV,ORD,PZ2
2026-08-25,4 days ago,UA4440,Bombardier CRJ550,HSV,ORD,PZ2
2026-11-04,1 day ago,UA3714,Embraer E175,MYR,EWR,PZ1
2026-10-06,4 days ago,UA4707,Bombardier CRJ550,HSV,ORD,PZ2
2026-05-13,2 days ago,UA255,Boeing 737 MAX 8,ATL,EWR,PZ1
2026-05-08,2 days ago,UA3442,Embraer E175,BUF,EWR,PZ5
2026-10-05,3 days ago,UA1734,Boeing 737 MAX 9,BOS,IAD,PZ2
2026-05-05,1 day ago,UA569,Boeing 737 Max 9,EWR,BQN,PZ3
2026-05-25,1 day ago,UA1519,Boeing 737 MAX 8,IAD,MBJ,PZ9
2026-06-19,3 days ago,UA2041,Boeing 737-800,MSP,DEN,PZ1
2026-08-18,5 hours ago,UA1833,Boeing 737 MAX 9,BOS,EWR,PZ3
2026-09-15,4 days ago,UA4572,Bombardier CRJ550,HSV,IAH,PZ2
2026-05-23,11 hours ago,UA1128,Boeing 737-900,EWR,MIA,PZ4
2026-06-11,3 hours ago,UA3662,Embraer E175,ORD,CLT,PZ3
2026-06-11,3 hours ago,UA1748,Boeing 737-800,ORD,CLT,PZ4
2026-05-27,2 days ago,UA1024,Boeing 737-700,IAH,MEX,PZ2
2026-07-27,3 days ago,UA1020,Boeing 737 MAX 9,IAH,CUN,PZ9
2027-01-13,1 day ago,UA3714,Embraer E175,MYR,EWR,PZ1
2026-06-02,3 days ago,UA2300,Airbus A321neo,ORD,PDX,PZ4
2026-07-06,1 day ago,UA2277,Boeing 737-900,ORD,IAD,PZ1
2026-07-01,4 days ago,UA2316,Airbus A321neo,DEN,LAS,PZ2
2026-05-24,1 day ago,UA5805,Bombardier CRJ550,RAP,DEN,PZ3
2026-05-09,9 hours ago,UA503,Boeing 737-900,ORD,FLL,PZ8
2026-06-10,1 day ago,UA958,Boeing 767-300,LHR,ORD,PZ9
2026-06-10,1 day ago,UA959,Boeing 767-300,LHR,ORD,PZ9
2026-09-30,4 days ago,UA4485,Bombardier CRJ550,HSV,IAH,PZ2
2026-06-09,2 days ago,UA2078,Boeing 737 MAX 9,SJC,IAH,PZ3
2026-05-10,3 days ago,UA2380,Airbus A319,ORD,YYZ,PZ3
2026-09-26,1 day ago,UA2771,Boeing 737-800,CLT,ORD,PZ3
2026-05-11,1 day ago,UA2030,Boeing 737-900,RAP,DEN,PZ5
2026-05-20,1 day ago,UA2685,Boeing 737-900,MID,IAH,PZ1
2026-06-07,1 day ago,UA1012,Boeing 737 MAX 9,EWR,ATL,PZ5
2026-06-12,1 day ago,UA2160,Boeing 737 MAX 8,DEN,DFW,PZ2
2026-06-11,1 day ago,UA2160,Boeing 737 MAX 8,DEN,DFW,PZ3
2026-06-09,1 day ago,UA2239,Boeing 737-900,DEN,DFW,PZ3
2026-05-15,2 days ago,UA135,Boeing 767-300,ZRH,EWR,PZ9
2026-05-23,1 day ago,UA1887,Boeing 737 MAX 9,IAH,IAD,PZ1
2026-05-30,1 day ago,UA2685,Boeing 737-900,MID,IAH,PZ9
2026-05-19,3 days ago,UA5659,Embraer E175,SEA,LAX,PZ2
2026-09-10,1 day ago,UA5503,Embraer E175,EUG,SFO,PZ1
2026-05-14,1 day ago,UA2685,Boeing 737-900,MID,IAH,PZ9
2026-09-10,1 day ago,UA5219,Embraer E175,EUG,SFO,PZ1
2026-05-05,8 hours ago,UA130,Boeing 777-200ER,HND,EWR,PZ6
2026-05-18,4 hours ago,UA860,Boeing 767-400ER,GRU,IAD,PZ9
2026-05-13,2 days ago,UA6,Boeing 737 MAX 8,UBN,NRT,PZ9
2026-06-11,4 hours ago,UA1272,Boeing 737 MAX 8,MEX,SFO,PZ1
2026-06-06,1 day ago,UA3412,Embraer E175,EWR,DTW,PZ2
2026-06-25,1 day ago,UA3584,Embraer E175,EWR,GSP,PZ1
2026-05-09,5 hours ago,UA4425,Bombardier CRJ550,EWR,DTW,PZ5
2026-06-23,1 day ago,UA1767,Boeing 737 MAX 9,RAP,DEN,PZ2
2026-11-23,1 day ago,UA3706,Embraer E175,DTW,EWR,PZ1
2026-05-09,11 hours ago,UA921,Boeing 767-300,LHR,EWR,PZ9
2026-08-12,1 day ago,UA1476,Boeing 737-700,OMA,ORD,PZ1
2026-08-12,1 day ago,UA5534,Embraer E175,OMA,ORD,PZ1
2026-05-25,1 day ago,UA2135,Boeing 737-800,ORD,DTW,PZ2
2026-05-26,1 day ago,UA3412,Embraer E175,EWR,DTW,PZ2
2026-05-25,1 day ago,UA1150,Boeing 737 MAX 9,ORD,DTW,PZ1
2026-05-25,1 day ago,UA5608,Embraer E175,ORD,DTW,PZ2
2026-06-05,2 days ago,UA1287,Airbus A319,EWR,ATL,PZ2
2026-05-20,1 day ago,UA4189,Bombardier CRJ550,CID,ORD,PZ2
2026-05-20,1 day ago,UA4170,Bombardier CRJ550,CID,ORD,PZ2
2026-05-19,1 day ago,UA4170,Bombardier CRJ550,CID,ORD,PZ4
2026-11-15,1 day ago,UA3589,Embraer E175,EWR,MYR,PZ1
2026-06-19,1 day ago,UA758,Boeing 737-800,ORD,DFW,PZ2
2026-05-05,11 hours ago,UA12,Boeing 767-300,ZRH,ORD,PZ9
2026-07-28,4 days ago,UA1239,Boeing 737-800,ATL,ORD,PZ1
2026-05-12,2 days ago,UA5951,Embraer E175,SBP,SFO,PZ2
2026-06-27,3 days ago,UA4413,Bombardier CRJ550,CHA,EWR,PZ2
2026-05-11,3 days ago,UA197,Boeing 737 MAX 8,NRT,GUM,PZ9
2026-05-16,1 day ago,UA1753,Boeing 737 MAX 8,RDU,EWR,PZ2
2026-10-02,4 days ago,UA6255,Embraer E175,TYS,IAD,PZ1
2026-12-31,1 day ago,UA3589,Embraer E175,EWR,MYR,PZ1
2026-12-31,1 day ago,UA3712,Embraer E175,EWR,MYR,PZ1
2026-09-12,4 days ago,UA5266,Bombardier CRJ550,HSV,ORD,PZ1
2026-09-12,4 days ago,UA4440,Bombardier CRJ550,HSV,ORD,PZ1
2026-09-03,13 hours ago,UA973,Boeing 787-10 Dreamliner,BRU,ORD,PZ9
2026-09-29,4 days ago,UA5266,Bombardier CRJ550,HSV,ORD,PZ1
2026-09-09,4 days ago,UA4440,Bombardier CRJ550,HSV,ORD,PZ2
2026-09-09,4 days ago,UA4469,Bombardier CRJ550,HSV,ORD,PZ2
2026-05-26,3 days ago,UA3466,Embraer E175,YYZ,IAD,PZ2
2026-08-28,4 days ago,UA4440,Bombardier CRJ550,HSV,ORD,PZ1
2026-08-28,4 days ago,UA4469,Bombardier CRJ550,HSV,ORD,PZ1
2026-06-30,4 days ago,UA213,Boeing 737-800,IAD,BNA,PZ2
2026-05-17,2 days ago,UA7,Boeing 737 MAX 8,NRT,UBN,PZ1
2026-09-08,4 days ago,UA4474,Bombardier CRJ550,HSV,ORD,PZ1
2026-09-08,4 days ago,UA4469,Bombardier CRJ550,HSV,ORD,PZ1
2026-07-01,4 days ago,UA4505,Bombardier CRJ550,HSV,ORD,PZ1
2026-08-18,4 days ago,UA4474,Bombardier CRJ550,HSV,ORD,PZ1
2026-08-18,4 days ago,UA4469,Bombardier CRJ550,HSV,ORD,PZ2
2026-08-18,4 days ago,UA4440,Bombardier CRJ550,HSV,ORD,PZ2
2026-08-11,4 days ago,UA4474,Bombardier CRJ550,HSV,ORD,PZ2
2026-05-08,1 day ago,UA1927,Boeing 737-800,PDX,IAH,PZ4
2026-05-24,3 hours ago,UA1995,Boeing 737-900,SFO,LAS,PZ2
2026-10-10,4 days ago,UA5735,Embraer E175,MCI,ORD,PZ1
2026-05-07,2 hours ago,UA189,Boeing 777-300ER,SFO,MNL,PZ9
2026-05-23,3 hours ago,UA751,Boeing 737-900,SFO,LAS,PZ1
2026-05-23,3 hours ago,UA1995,Boeing 737-900,SFO,LAS,PZ3
2026-10-31,4 days ago,UA5877,Bombardier CRJ550,HSV,ORD,PZ1
2026-08-15,4 days ago,UA4440,Bombardier CRJ550,HSV,ORD,PZ2
2026-05-09,11 hours ago,UA123,Boeing 787-9 Dreamliner,LHR,EWR,PZ9
2026-10-14,1 day ago,UA3714,Embraer E175,MYR,EWR,PZ1
2026-06-15,1 day ago,UA6284,Embraer E175,STL,IAH,PZ3
2026-10-05,4 days ago,UA5877,Bombardier CRJ550,HSV,ORD,PZ1
2026-07-25,4 days ago,UA4505,Bombardier CRJ550,HSV,ORD,PZ2
2026-08-21,4 days ago,UA4440,Bombardier CRJ550,HSV,ORD,PZ1
2026-08-21,4 days ago,UA4469,Bombardier CRJ550,HSV,ORD,PZ1
2026-09-28,4 days ago,UA5266,Bombardier CRJ550,HSV,ORD,PZ1
2026-10-19,4 days ago,UA4707,Bombardier CRJ550,HSV,ORD,PZ1
2026-08-22,4 days ago,UA4474,Bombardier CRJ550,HSV,ORD,PZ2
2026-08-05,4 days ago,UA4505,Bombardier CRJ550,HSV,ORD,PZ2
2026-10-08,1 day ago,UA3714,Embraer E175,MYR,EWR,PZ1
2026-05-23,13 hours ago,UA3403,Embraer E175,EWR,PIT,PZ6
2026-05-11,4 hours ago,UA958,Boeing 767-300,LHR,ORD,PZ9
2026-06-18,3 days ago,UA4191,Bombardier CRJ550,EWR,CAE,PZ1
2026-07-14,1 day ago,UA1365,Boeing 737 MAX 8,MYR,EWR,PZ3
2026-10-04,1 day ago,UA6053,Embraer E175,SEA,LAX,PZ1
2026-05-20,1 day ago,UA1862,Boeing 737-800,ATL,ORD,PZ1
2026-11-27,2 hours ago,UA5753,Embraer E175,SFO,SLC,PZ1
2026-06-16,3 days ago,UA1209,Airbus A321neo,ORD,EWR,PZ2
2026-06-02,8 hours ago,UA951,Boeing 777-300ER,BRU,IAD,PZ9
2026-08-05,1 day ago,UA3714,Embraer E175,MYR,EWR,PZ2
2026-05-09,10 hours ago,UA1987,Boeing 737 MAX 9,EWR,CUN,PZ9
2026-08-29,1 day ago,UA123,Boeing 787-9 Dreamliner,LHR,EWR,PZ9
2026-08-29,1 day ago,UA941,Boeing 767-300,LHR,EWR,PZ9
2026-08-26,1 day ago,UA3714,Embraer E175,MYR,EWR,PZ1
2026-09-23,4 days ago,UA4572,Bombardier CRJ550,HSV,IAH,PZ1
2026-06-24,3 hours ago,UA301,Boeing 737 MAX 8,SFO,DEN,PZ1
2026-05-07,20 hours ago,UA958,Boeing 767-300,LHR,ORD,PZ9
2026-06-06,4 days ago,UA684,Boeing 737-900,LAX,SEA,PZ7
2026-05-15,Just now,UA2496,Boeing 737-700,ORD,YYZ,PZ1
2026-05-15,Just now,UA2380,Airbus A319,ORD,YYZ,PZ2
2026-10-06,4 days ago,UA4485,Bombardier CRJ550,HSV,IAH,PZ2
2026-06-13,3 days ago,UA3417,Embraer E175,EWR,CVG,PZ2
2026-05-26,Just now,UA1649,Boeing 737-800,ORD,YYZ,PZ3
2026-05-26,Just now,UA2247,Boeing 737-900,ORD,YYZ,PZ9
2026-07-29,2 days ago,UA727,Boeing 737 MAX 9,PTY,EWR,PZ3
2026-06-03,1 day ago,UA773,Boeing 737-900,DFW,DEN,PZ4
2026-06-21,23 hours ago,UA5934,Embraer E175,YYZ,ORD,PZ1
2026-10-07,4 days ago,UA4485,Bombardier CRJ550,HSV,IAH,PZ2
2026-10-07,4 days ago,UA4572,Bombardier CRJ550,HSV,IAH,PZ2
2026-10-14,3 days ago,UA2446,Boeing 737 MAX 9,ONT,DEN,PZ1
2026-05-20,1 day ago,UA1767,Boeing 737-900,RAP,DEN,PZ4
2026-09-30,1 day ago,UA3714,Embraer E175,MYR,EWR,PZ1
2026-06-17,1 day ago,UA6283,Embraer E175,STL,IAH,PZ1
2026-06-10,7 hours ago,UA947,Boeing 767-300,AMS,IAD,PZ1
2026-05-07,1 day ago,UA2685,Boeing 737-900,MID,IAH,PZ2
2026-08-03,17 hours ago,UA950,Boeing 777-300ER,IAD,BRU,PZ9
2026-10-10,4 days ago,UA4485,Bombardier CRJ550,HSV,IAH,PZ2
2026-11-14,4 days ago,UA3510,Embraer E175,MKE,EWR,PZ2
2026-07-04,1 day ago,UA1856,Airbus A319,DSM,ORD,PZ2
2026-05-21,1 day ago,UA2685,Boeing 737-900,MID,IAH,PZ4
2026-07-04,1 day ago,UA6050,Embraer E175,DSM,ORD,PZ2
2026-07-04,1 day ago,UA1410,Airbus A319,DSM,ORD,PZ1
2026-07-04,1 day ago,UA5289,Embraer E175,DSM,ORD,PZ2
2026-05-17,1 day ago,UA2030,Boeing 737-900,RAP,DEN,PZ6
2026-05-17,1 day ago,UA5576,Embraer E175,RAP,DEN,PZ4
2026-05-25,1 day ago,UA5756,Embraer E175,ORD,DTW,PZ1
2026-06-05,2 days ago,UA2244,Boeing 737-900,IAD,SAV,PZ1
2026-06-23,1 day ago,UA5805,Bombardier CRJ550,RAP,DEN,PZ1
2026-05-20,5 hours ago,UA1287,Airbus A319,EWR,ATL,PZ3
2026-07-28,1 day ago,UA3500,Embraer E175,DTW,IAD,PZ2
2026-07-27,1 day ago,UA3500,Embraer E175,DTW,IAD,PZ1
2026-09-01,1 day ago,UA885,Boeing 777-200,FCO,IAD,PZ9
2026-05-20,4 hours ago,UA3586,Embraer E175,EWR,DTW,PZ4
2026-11-15,21 hours ago,UA5970,Embraer E175,SLC,SFO,PZ1
2026-05-20,4 hours ago,UA3437,Embraer E175,EWR,DTW,PZ1
2026-05-24,5 hours ago,UA3412,Embraer E175,EWR,DTW,PZ6
2026-06-12,4 hours ago,UA5753,Embraer E175,SFO,SLC,PZ2
2026-05-13,4 days ago,UA4071,Embraer E175,IAH,CMH,PZ4
2026-12-14,1 day ago,UA945,Boeing 787-10 Dreamliner,FRA,ORD,PZ1
2026-05-31,1 day ago,UA3558,Embraer E175,EWR,DTW,PZ2
2027-02-27,4 days ago,UA921,Boeing 767-300,LHR,EWR,PZ1
2026-05-27,4 days ago,UA212,Boeing 737 MAX 9,SFO,AUS,PZ4
2026-06-20,5 hours ago,UA2469,Boeing 737-900,IAH,MSP,PZ3
2026-05-10,4 days ago,UA2363,Boeing 737 MAX 9,ONT,SFO,PZ6
2026-08-28,4 days ago,UA837,Boeing 737 MAX 8,NRT,KHH,PZ3
2026-06-04,2 days ago,UA1012,Boeing 737 MAX 9,EWR,ATL,PZ4
2026-05-10,1 day ago,UA5771,Embraer E175,CID,ORD,PZ3
2026-05-10,1 day ago,UA4170,Bombardier CRJ550,CID,ORD,PZ1
2026-05-10,1 day ago,UA4519,Bombardier CRJ550,CID,ORD,PZ5
2026-05-25,1 day ago,UA512,Boeing 737-900,CID,ORD,PZ2
2026-05-12,1 day ago,UA1896,Boeing 737 MAX 8,PDX,SFO,PZ3
2026-05-12,1 day ago,UA2420,Boeing 737 MAX 9,PDX,SFO,PZ2
2026-05-12,1 day ago,UA5763,Embraer E175,PDX,SFO,PZ2
2027-01-22,4 days ago,UA837,Boeing 737 MAX 8,NRT,KHH,PZ1
2026-06-09,5 hours ago,UA5472,Embraer E175,MAF,DEN,PZ1
2026-06-09,5 hours ago,UA6007,Bombardier CRJ550,MAF,DEN,PZ1
2026-06-09,5 hours ago,UA4807,Bombardier CRJ550,MAF,DEN,PZ2
2026-05-16,2 days ago,UA1896,Boeing 737 MAX 8,PDX,SFO,PZ2
2026-05-11,4 hours ago,UA872,Boeing 777-300ER,TPE,SFO,PZ9
2026-05-22,5 hours ago,UA1287,Airbus A319,EWR,ATL,PZ1
2026-05-16,8 hours ago,UA1851,Boeing 737-800,ONT,SFO,PZ1
2026-05-16,2 days ago,UA2420,Boeing 737 MAX 9,PDX,SFO,PZ8
2026-09-16,23 hours ago,UA5668,Bombardier CRJ550,ORD,MKE,PZ2
2026-12-05,1 day ago,UA3589,Embraer E175,EWR,MYR,PZ1
2026-11-10,4 days ago,UA5877,Bombardier CRJ550,HSV,ORD,PZ2
2026-09-02,4 days ago,UA4440,Bombardier CRJ550,HSV,ORD,PZ1
2026-09-02,4 days ago,UA4469,Bombardier CRJ550,HSV,ORD,PZ1
2026-09-01,4 days ago,UA4474,Bombardier CRJ550,HSV,ORD,PZ2
2026-09-01,4 days ago,UA4469,Bombardier CRJ550,HSV,ORD,PZ2
2026-09-01,4 days ago,UA4440,Bombardier CRJ550,HSV,ORD,PZ2
2026-07-28,4 days ago,UA4469,Bombardier CRJ550,HSV,ORD,PZ1
2026-07-28,4 days ago,UA4505,Bombardier CRJ550,HSV,ORD,PZ2
2026-07-28,4 days ago,UA4480,Bombardier CRJ550,HSV,ORD,PZ1
2026-08-04,1 day ago,UA1407,Boeing 737 MAX 8,EWR,MYR,PZ3
2026-06-06,3 hours ago,UA2839,Boeing 737 MAX 8,SFO,LAS,PZ4
2026-06-06,3 hours ago,UA406,Boeing 737-900,SFO,LAS,PZ2
2026-12-27,1 day ago,UA951,Boeing 777-300ER,BRU,IAD,PZ2
2026-06-03,3 hours ago,UA406,Boeing 737 MAX 8,SFO,LAS,PZ3
2027-01-23,1 day ago,UA3589,Embraer E175,EWR,MYR,PZ2
2027-01-23,1 day ago,UA3712,Embraer E175,EWR,MYR,PZ2
2026-08-27,1 day ago,UA3714,Embraer E175,MYR,EWR,PZ1
2026-08-12,4 days ago,UA4469,Bombardier CRJ550,HSV,ORD,PZ1
2026-05-06,2 days ago,UA299,Boeing 737 MAX 9,ATL,EWR,PZ9
2026-08-12,4 days ago,UA4440,Bombardier CRJ550,HSV,ORD,PZ1
2026-06-30,1 day ago,UA1789,Boeing 737 MAX 8,IAD,SAT,PZ3
2026-09-28,1 day ago,UA2207,Boeing 737-900,PHL,ORD,PZ2
2026-09-10,4 days ago,UA4469,Bombardier CRJ550,HSV,ORD,PZ1
2026-05-31,1 day ago,UA1533,Boeing 737 MAX 8,MGA,IAH,PZ5
2026-09-28,1 day ago,UA426,Airbus A319,DTW,ORD,PZ1
2026-09-28,1 day ago,UA3556,Embraer E175,DTW,ORD,PZ1
2026-05-22,1 day ago,UA5953,Embraer E175,ORD,SLC,PZ1
2026-07-05,19 hours ago,UA1878,Boeing 737 MAX 9,AUS,ORD,PZ2
2026-05-08,1 day ago,UA1623,Boeing 737 MAX 8,LAX,RNO,PZ3
2026-09-29,4 days ago,UA4485,Bombardier CRJ550,HSV,IAH,PZ2
2026-05-30,1 day ago,UA5410,Embraer E175,LAX,RNO,PZ5
2026-05-10,1 day ago,UA5410,Embraer E175,LAX,RNO,PZ4
2026-05-05,1 day ago,UA5410,Embraer E175,LAX,RNO,PZ3
2026-05-19,1 day ago,UA1623,Boeing 737 MAX 8,LAX,RNO,PZ9
2026-05-19,1 day ago,UA5410,Embraer E175,LAX,RNO,PZ2
2026-05-11,1 day ago,UA5410,Embraer E175,LAX,RNO,PZ1
2026-08-29,4 days ago,UA4572,Bombardier CRJ550,HSV,IAH,PZ1
2026-05-15,1 day ago,UA1623,Boeing 737 MAX 8,LAX,RNO,PZ6
2026-11-18,1 day ago,UA3714,Embraer E175,MYR,EWR,PZ1
2026-06-27,1 day ago,UA153,Boeing 787-9 Dreamliner,SGN,HKG,PZ9
2026-05-06,1 day ago,UA5410,Embraer E175,LAX,RNO,PZ6
2027-01-24,4 days ago,UA32,Boeing 737 MAX 8,NRT,CEB,PZ1
2026-07-22,1 day ago,UA3714,Embraer E175,MYR,EWR,PZ2
2027-02-25,1 day ago,UA3714,Embraer E175,MYR,EWR,PZ1
2026-06-06,2 hours ago,UA1032,Boeing 737 MAX 8,DFW,EWR,PZ1
2026-08-04,1 day ago,UA1365,Boeing 737 MAX 8,MYR,EWR,PZ2
2026-05-20,1 day ago,UA1614,Boeing 737-900,PUJ,IAD,PZ9
2026-07-23,1 day ago,UA3714,Embraer E175,MYR,EWR,PZ1
2026-05-14,8 hours ago,UA2641,Boeing 737 MAX 8,LAX,LAS,PZ2
2026-05-17,7 hours ago,UA951,Boeing 777-300ER,BRU,IAD,PZ9
2026-08-19,1 day ago,UA951,Boeing 777-300ER,BRU,IAD,PZ9
2026-05-08,1 day ago,UA514,Boeing 737-800,CID,DEN,PZ3
2026-08-28,1 day ago,UA951,Boeing 777-300ER,BRU,IAD,PZ9
2026-06-10,3 hours ago,UA1748,Boeing 737-800,ORD,CLT,PZ2
2026-06-03,2 days ago,UA2078,Boeing 737 MAX 9,SJC,IAH,PZ1
2026-05-10,4 hours ago,UA958,Boeing 767-300,LHR,ORD,PZ9
2026-12-25,4 days ago,UA3503,Embraer E175,MCI,EWR,PZ1
2026-05-11,3 days ago,UA448,Boeing 737-800,ORD,YYZ,PZ3
2026-11-10,3 days ago,UA3564,Embraer E175,EWR,MKE,PZ2
2026-05-31,5 hours ago,UA1456,Boeing 737 MAX 8,EWR,NAS,PZ8
2027-01-16,1 day ago,UA3714,Embraer E175,MYR,EWR,PZ2
2027-01-16,1 day ago,UA3420,Embraer E175,MYR,EWR,PZ2
2026-08-02,2 days ago,UA307,Boeing 737-900,MSP,ORD,PZ1
2026-05-20,1 day ago,UA2030,Boeing 737-800,RAP,DEN,PZ1
2026-05-07,1 day ago,UA348,Boeing 737-900ER,IAD,CLT,PZ3
2026-05-16,1 day ago,UA2685,Boeing 737-900,MID,IAH,PZ9
2026-06-06,1 day ago,UA1767,Boeing 737 MAX 9,RAP,DEN,PZ1
2026-08-04,1 day ago,UA233,Boeing 737 MAX 9,LAX,SFO,PZ3
2026-05-12,1 day ago,UA1426,Boeing 737-900,IAH,MID,PZ2
2026-05-06,1 day ago,UA386,Boeing 767-400,DBV,EWR,PZ9
2026-05-12,20 hours ago,UA22,Boeing 777-200,DUB,EWR,PZ9
2026-09-26,4 days ago,UA4485,Bombardier CRJ550,HSV,IAH,PZ1
2026-05-06,3 days ago,UA1020,Boeing 737 MAX 9,IAH,CUN,PZ9
2026-09-26,4 days ago,UA4572,Bombardier CRJ550,HSV,IAH,PZ2
2026-05-07,3 days ago,UA1020,Boeing 737 MAX 9,IAH,CUN,PZ3
2026-05-16,3 hours ago,UA2151,Boeing 737 MAX 8,CLT,EWR,PZ5
2026-05-22,4 days ago,UA2239,Boeing 737-900,DEN,DFW,PZ3
2026-05-19,2 days ago,UA951,Boeing 777-300ER,BRU,IAD,PZ9
2026-05-16,1 day ago,UA3488,Embraer E175,EWR,DCA,PZ2
2026-06-15,1 day ago,UA1767,Boeing 737 MAX 9,RAP,DEN,PZ4
2026-06-13,4 days ago,UA1114,Boeing 737 MAX 9,DTW,IAH,PZ3
2026-06-10,1 day ago,UA5805,Bombardier CRJ550,RAP,DEN,PZ2
2026-05-13,1 day ago,UA5576,Embraer E175,RAP,DEN,PZ5
2026-06-13,1 day ago,UA1767,Boeing 737 MAX 9,RAP,DEN,PZ4
2026-08-23,4 days ago,UA2669,Boeing 737-900,EWR,ATL,PZ2
2026-05-11,2 days ago,UA6,Boeing 737 MAX 8,UBN,NRT,PZ9
2026-05-12,1 day ago,UA1247,Boeing 737-900,DEN,PDX,PZ6
2026-05-09,1 day ago,UA962,Boeing 767-300,EWR,BER,PZ9
2026-05-23,1 day ago,UA3586,Embraer E175,EWR,DTW,PZ4
2026-06-16,1 day ago,UA4423,Bombardier CRJ550,STL,ORD,PZ2
2027-01-21,1 day ago,UA6376,Embraer E175,OAX,IAH,PZ1
2026-05-24,2 hours ago,UA2818,Boeing 737 MAX 8,PDX,SFO,PZ5
2026-08-03,17 hours ago,UA1334,Boeing 737-900,YYZ,ORD,PZ4
2026-05-23,10 hours ago,UA1423,Boeing 737-900,EWR,FLL,PZ4
2026-05-19,1 day ago,UA1420,Boeing 737 MAX 9,IAH,PDX,PZ1
2026-05-09,3 days ago,UA370,Boeing 737-900,EWR,FLL,PZ2
2026-05-25,1 day ago,UA642,Airbus A319,EWR,ATL,PZ2
2026-06-12,2 days ago,UA1012,Boeing 737 MAX 9,EWR,ATL,PZ5
2026-05-23,1 day ago,UA1935,Boeing 737-800,LGA,IAH,PZ3
2026-05-06,1 day ago,UA5771,Embraer E175,CID,ORD,PZ4
2026-05-06,1 day ago,UA4170,Bombardier CRJ550,CID,ORD,PZ3
2026-06-08,4 days ago,UA1114,Boeing 737 MAX 8,DTW,IAH,PZ1
2026-05-20,1 day ago,UA1964,Boeing 737 MAX 8,IAH,PDX,PZ3
2026-05-12,10 hours ago,UA1288,Boeing 737-800,LGA,IAH,PZ1
2026-05-18,1 day ago,UA4170,Bombardier CRJ550,CID,ORD,PZ2
2026-05-30,3 days ago,UA335,Airbus A320,EUG,SFO,PZ2
2026-06-01,5 hours ago,UA380,Boeing 767-300,EWR,BRI,PZ9
2026-09-02,1 day ago,UA958,Boeing 767-300,LHR,ORD,PZ9
2026-09-08,3 days ago,UA183,Boeing 737-800,GUM,MNL,PZ1
2026-09-04,4 days ago,UA837,Boeing 737 MAX 8,NRT,KHH,PZ2
2026-05-09,1 day ago,UA465,Airbus A319,CID,ORD,PZ5
2026-05-23,17 hours ago,UA392,Boeing 737 MAX 9,EWR,PTY,PZ9
2026-05-27,6 hours ago,UA60,Boeing 787-9 Dreamliner,SFO,MEL,PZ9
2026-05-11,6 hours ago,UA2260,Airbus A320,DFW,IAH,PZ4
2026-05-11,6 hours ago,UA2114,Boeing 737-700,DFW,IAH,PZ3
2026-05-28,2 days ago,UA299,Airbus A319,ATL,EWR,PZ1
2026-06-02,4 days ago,UA4014,Embraer E175,CMH,IAD,PZ3
2026-05-20,22 hours ago,UA963,Boeing 767-300,BER,EWR,PZ9
2026-05-30,10 hours ago,UA1653,Boeing 737-900,CUN,LAX,PZ2
2026-05-21,1 day ago,UA1635,Boeing 737 MAX 8,IAD,ATL,PZ7
2027-02-12,4 days ago,UA837,Boeing 737 MAX 8,NRT,KHH,PZ1
2026-05-06,3 days ago,UA183,Boeing 737-800,GUM,MNL,PZ9
2026-07-22,4 days ago,UA837,Boeing 737-800,NRT,KHH,PZ4
2026-05-13,4 days ago,UA4029,Embraer E175,CMH,IAD,PZ4
2026-08-07,3 days ago,UA641,Boeing 737-700,ATL,IAD,PZ1
2026-07-17,4 days ago,UA837,Boeing 737-800,NRT,KHH,PZ2
2027-01-19,1 day ago,UA958,Boeing 767-300,LHR,ORD,PZ5
2026-06-10,2 days ago,UA2053,Airbus A319,ATL,EWR,PZ1
2027-02-11,1 day ago,UA958,Boeing 767-300,LHR,ORD,PZ5
2026-12-12,4 days ago,UA837,Boeing 737 MAX 8,NRT,KHH,PZ1
2026-05-26,4 days ago,UA4047,Embraer E175,CMH,IAD,PZ2
2026-05-26,4 days ago,UA4021,Embraer E175,CMH,IAD,PZ2
2027-01-27,4 days ago,UA837,Boeing 737 MAX 8,NRT,KHH,PZ1
2026-11-12,1 day ago,UA958,Boeing 767-300,LHR,ORD,PZ1
2027-01-14,19 hours ago,UA958,Boeing 767-300,LHR,ORD,PZ5
2027-01-15,4 days ago,UA837,Boeing 737 MAX 8,NRT,KHH,PZ1
2026-05-29,2 days ago,UA322,Boeing 767-300,VCE,IAD,PZ9
2026-06-06,4 days ago,UA1209,Boeing 737-800,PHL,ORD,PZ3
2026-08-18,23 hours ago,UA928,Boeing 767-300,LHR,ORD,PZ9
2026-07-22,6 hours ago,UA1050,Boeing 737 MAX 9,EWR,CUN,PZ7
2026-05-22,2 days ago,UA6119,Embraer E175,IAD,PIT,PZ2
2027-01-26,1 day ago,UA958,Boeing 767-300,LHR,ORD,PZ5
2027-01-26,1 day ago,UA959,Boeing 767-300,LHR,ORD,PZ5
2027-03-11,1 day ago,UA958,Boeing 767-300,LHR,ORD,PZ5
2026-08-26,4 hours ago,UA17,Boeing 767-300,LHR,EWR,PZ9
2026-08-26,4 hours ago,UA147,Boeing 767-300,LHR,EWR,PZ9
2026-08-26,4 hours ago,UA15,Boeing 767-300,LHR,EWR,PZ9
2026-05-15,4 days ago,UA5288,Embraer E175,ORD,CMH,PZ6
2026-08-24,4 hours ago,UA921,Boeing 767-300,LHR,EWR,PZ9
2026-07-02,3 days ago,UA3412,Embraer E175,EWR,DTW,PZ1
2026-05-17,1 day ago,UA5526,Bombardier CRJ550,SDF,ORD,PZ3
2026-06-27,3 days ago,UA2050,Boeing 737-800,IAH,ATL,PZ2
2027-02-02,1 day ago,UA959,Boeing 767-300,LHR,ORD,PZ5
2026-05-11,2 days ago,UA3540,Embraer E175,IAD,PIT,PZ1
2027-03-08,1 day ago,UA3556,Embraer E175,DTW,ORD,PZ1
2026-05-15,1 day ago,UA554,Boeing 737-800,DEN,RAP,PZ5
2027-03-09,1 day ago,UA3556,Embraer E175,DTW,ORD,PZ2
2027-03-05,1 day ago,UA3556,Embraer E175,DTW,ORD,PZ1
2026-06-04,3 days ago,UA1085,Airbus A319,MEX,IAH,PZ6
2026-05-30,2 days ago,UA1956,Boeing 737-800,IAH,FLL,PZ2
2026-05-06,6 hours ago,UA181,Boeing 787-9,FRA,DEN,PZ3
2026-08-26,4 days ago,UA1815,Boeing 737 MAX 9,SFO,BNA,PZ2
2026-07-16,4 hours ago,UA61,Boeing 787-9 Dreamliner,MEL,SFO,PZ3
2026-05-08,11 hours ago,UA3714,Embraer E175,EWR,SDF,PZ6
2026-05-05,9 hours ago,UA26,Boeing 787-9,LHR,DEN,PZ9
2026-06-06,1 day ago,UA1623,Boeing 737-900,DEN,RAP,PZ1
2026-09-26,1 day ago,UA1012,Boeing 737 MAX 9,EWR,ATL,PZ3
2026-09-26,1 day ago,UA6157,Embraer E175,IAH,ATL,PZ2
2026-05-15,3 days ago,UA1639,Airbus A320,SBP,SFO,PZ3
2026-05-10,3 hours ago,UA3421,Embraer E175,EWR,CLT,PZ1
2026-06-13,3 days ago,UA1764,Boeing 737 MAX 9,IAD,LAS,PZ2
2026-07-25,7 hours ago,UA1649,Boeing 737-800,ORD,YYZ,PZ9
2026-05-20,1 day ago,UA906,Boeing 787-10 Dreamliner,FRA,ORD,PZ9
2026-05-12,2 days ago,UA305,Boeing 767-300,EWR,SPU,PZ9
2026-05-15,2 days ago,UA3665,Embraer E175,EWR,PWM,PZ3
2026-05-05,2 days ago,UA305,Boeing 767-300,EWR,SPU,PZ9
2026-06-02,Just now,UA2247,Boeing 737-900,ORD,YYZ,PZ6
2026-07-28,1 day ago,UA1672,Boeing 737 MAX 9,LAS,ORD,PZ2
2026-06-14,2 days ago,UA6027,Embraer E175,SFO,BOI,PZ2
2026-06-01,10 hours ago,UA1853,Boeing 737-700,MTY,IAH,PZ1
2026-05-25,1 day ago,UA2781,Boeing 737-800,DEN,RAP,PZ3
2026-05-09,1 day ago,UA2384,Boeing 737 MAX 9,SFO,PDX,PZ8
2026-05-05,1 day ago,UA5303,Embraer E175,DEN,RAP,PZ4
2026-06-03,Just now,UA2247,Boeing 737-900,ORD,YYZ,PZ9
2026-06-29,Just now,UA2247,Boeing 737-900,ORD,YYZ,PZ5
2026-07-09,7 hours ago,UA3452,Embraer E175,EWR,YOW,PZ1
2026-05-12,4 days ago,UA973,Boeing 787-10 Dreamliner,BRU,ORD,PZ9
2026-05-17,4 days ago,UA3492,Embraer E175,CMH,ORD,PZ6
2026-06-02,1 day ago,UA2081,Boeing 737-900,IAD,ATL,PZ1
2026-05-27,4 days ago,UA1807,Boeing 737 MAX 9,SFO,AUS,PZ2
2026-05-23,1 day ago,UA3412,Embraer E175,EWR,DTW,PZ6
2026-08-29,4 days ago,UA837,Boeing 737 MAX 8,NRT,KHH,PZ3
2026-05-08,2 days ago,UA1287,Airbus A319,EWR,ATL,PZ4
2026-06-27,10 hours ago,UA3693,Embraer E175,PHL,IAD,PZ1
2026-12-17,4 days ago,UA837,Boeing 737 MAX 8,NRT,KHH,PZ1
2026-12-16,4 days ago,UA837,Boeing 737 MAX 8,NRT,KHH,PZ1
2027-03-10,4 hours ago,UA109,Boeing 787-8 Dreamliner,MUC,IAD,PZ3
2026-05-13,2 days ago,UA1287,Boeing 737 MAX 9,EWR,ATL,PZ9
2026-05-06,4 days ago,UA973,Boeing 787-10 Dreamliner,BRU,ORD,PZ9
2026-05-10,11 hours ago,UA1260,Boeing 737-900,SFO,LAX,PZ5
2026-06-13,2 days ago,UA1991,Airbus A319,EWR,ATL,PZ1
2026-06-13,2 days ago,UA3460,Embraer E175,EWR,ATL,PZ1
2026-05-08,11 hours ago,UA592,Boeing 737 MAX 9,SFO,LAX,PZ2
2026-05-10,10 hours ago,UA2647,Boeing 737 MAX 9,LAX,SFO,PZ6
2026-08-05,4 days ago,UA837,Boeing 737-800,NRT,KHH,PZ2
2026-08-26,3 days ago,UA183,Boeing 737-800,GUM,MNL,PZ2
2026-05-14,3 days ago,UA1929,Boeing 737-900,MSP,ORD,PZ2
2026-06-15,17 hours ago,UA1859,Boeing 737-900,IAH,AUS,PZ1
2026-07-11,1 day ago,UA2053,Airbus A319,ATL,EWR,PZ2
2026-05-27,5 hours ago,UA6007,Bombardier CRJ550,MAF,DEN,PZ1
2026-05-27,2 days ago,UA1287,Airbus A319,EWR,ATL,PZ1
2026-05-14,1 day ago,UA5771,Embraer E175,CID,ORD,PZ6
2026-05-24,1 day ago,UA5624,Embraer E175,ONT,SFO,PZ1
2026-09-25,4 days ago,UA837,Boeing 737 MAX 8,NRT,KHH,PZ3
2026-05-24,10 hours ago,UA2647,Boeing 737 MAX 8,LAX,SFO,PZ4
2026-06-10,5 hours ago,UA109,Boeing 787-8 Dreamliner,MUC,IAD,PZ9
2026-06-18,2 hours ago,UA1653,Boeing 737-900,CUN,LAX,PZ5
2026-05-06,5 hours ago,UA900,Boeing 787-9,LHR,SFO,PZ9
2026-11-13,4 days ago,UA837,Boeing 737 MAX 8,NRT,KHH,PZ1
2026-11-18,4 days ago,UA837,Boeing 737 MAX 8,NRT,KHH,PZ1
2027-04-01,1 day ago,UA958,Boeing 767-300,LHR,ORD,PZ4
2026-06-12,3 hours ago,UA2260,Boeing 737-800,DFW,IAH,PZ2
2026-08-15,3 days ago,UA837,Boeing 737-800,NRT,KHH,PZ2
2026-05-18,1 day ago,UA3638,Embraer E175,EWR,CMH,PZ4
2026-05-09,2 hours ago,UA16,Boeing 767-300,EWR,LHR,PZ1
2027-03-09,2 days ago,UA31,Boeing 767-300,MUC,EWR,PZ2
2027-01-23,4 days ago,UA837,Boeing 737 MAX 8,NRT,KHH,PZ1
2026-11-24,1 day ago,UA958,Boeing 767-300,LHR,ORD,PZ3
2026-08-11,3 days ago,UA15,Boeing 767-300,LHR,EWR,PZ9
2026-11-24,1 day ago,UA959,Boeing 767-300,LHR,ORD,PZ4
2027-01-13,4 days ago,UA837,Boeing 737 MAX 8,NRT,KHH,PZ1
2026-06-03,2 days ago,UA299,Airbus A319,ATL,EWR,PZ1
2026-06-01,4 days ago,UA3692,Embraer E175,EWR,CMH,PZ3
2026-09-30,4 days ago,UA837,Boeing 737 MAX 8,NRT,KHH,PZ1
2026-07-31,3 days ago,UA632,Boeing 737 MAX 8,ATL,IAD,PZ1
2026-06-16,2 hours ago,UA1653,Boeing 737-900,CUN,LAX,PZ7
2026-08-26,1 day ago,UA959,Boeing 767-300,LHR,ORD,PZ9
2027-01-29,4 days ago,UA837,Boeing 737 MAX 8,NRT,KHH,PZ1
2026-05-06,4 days ago,UA3451,Embraer E175,EWR,CMH,PZ4
2026-12-31,1 day ago,UA442,Boeing 737-800,SFO,SAN,PZ1
2026-09-05,4 days ago,UA837,Boeing 737 MAX 8,NRT,KHH,PZ2
2027-01-28,4 days ago,UA837,Boeing 737 MAX 8,NRT,KHH,PZ1
2027-03-30,1 day ago,UA958,Boeing 767-300,LHR,ORD,PZ3
2026-05-17,4 days ago,UA1023,Boeing 737-800,ORD,CMH,PZ8
2026-07-27,3 days ago,UA154,Boeing 737-800,HNL,MAJ,PZ1
2026-05-28,1 day ago,UA2781,Boeing 737-800,DEN,RAP,PZ2
2027-02-16,1 day ago,UA959,Boeing 767-300,LHR,ORD,PZ3
2026-05-16,1 day ago,UA2607,Boeing 737-900,MCO,EWR,PZ6
2026-12-08,1 day ago,UA959,Boeing 767-300,LHR,ORD,PZ1
2026-05-19,9 hours ago,UA945,Boeing 787-10 Dreamliner,FRA,ORD,PZ9
2027-01-12,19 hours ago,UA959,Boeing 767-300,LHR,ORD,PZ1
2026-08-04,1 day ago,UA189,Boeing 777-300ER,SFO,MNL,PZ1
2026-06-06,4 days ago,UA5587,Embraer E175,ORD,CMH,PZ2
2026-07-16,1 day ago,UA916,Boeing 777-200,AKL,SFO,PZ1
2026-05-25,9 hours ago,UA3667,Embraer E175,EWR,CVG,PZ2
2026-08-15,4 days ago,UA1815,Boeing 737 MAX 9,SFO,BNA,PZ2
2027-02-18,6 hours ago,UA925,Boeing 767-400ER,LHR,IAD,PZ1
2026-05-11,4 days ago,UA3646,Embraer E175,IAD,CMH,PZ2
2026-08-25,1 day ago,UA5286,Embraer E175,ABQ,SFO,PZ1
2026-06-03,4 days ago,UA4076,Embraer E175,IAD,CMH,PZ2
2026-09-07,1 day ago,UA809,Boeing 777-300ER,SFO,MNL,PZ2
2026-06-03,4 days ago,UA4070,Embraer E175,IAD,CMH,PZ3
2026-12-29,1 day ago,UA5628,Embraer E175,SAN,LAX,PZ2
2026-05-15,2 days ago,UA3412,Embraer E175,EWR,SDF,PZ4
2026-12-28,1 day ago,UA5519,Embraer E175,CLD,SFO,PZ1
2026-08-10,3 days ago,UA1145,Boeing 737-900,SFO,CUN,PZ8
2026-05-16,4 hours ago,UA1864,Boeing 737-900,MIA,EWR,PZ1
2026-05-11,9 hours ago,UA3520,Embraer E175,CMH,ORD,PZ1
2026-06-12,4 days ago,UA466,Airbus A320,CMH,ORD,PZ1
2026-05-16,4 days ago,UA204,Boeing 737-800,CMH,ORD,PZ3
2026-06-10,4 days ago,UA622,Boeing 737-900,CMH,ORD,PZ1
2026-07-23,7 hours ago,UA2247,Boeing 737-900,ORD,YYZ,PZ3
2026-05-05,2 days ago,UA285,Airbus A319,ABQ,SFO,PZ3
2026-05-05,2 days ago,UA4652,Embraer E175,ABQ,SFO,PZ2
2026-06-07,4 days ago,UA3524,Embraer E175,CMH,ORD,PZ1
2026-05-09,Just now,UA1968,Boeing 737 MAX 9,ORD,YYZ,PZ2
2026-05-14,1 day ago,UA494,Boeing 737-900,DEN,RAP,PZ3
2026-05-17,2 days ago,UA1986,Airbus A319,ABQ,SFO,PZ3
2026-05-24,4 days ago,UA3524,Embraer E175,CMH,ORD,PZ3
2026-08-04,4 days ago,UA1815,Boeing 737 MAX 9,SFO,BNA,PZ1
2027-02-23,1 day ago,UA904,Boeing 777-200,EWR,LHR,PZ2
2026-09-22,1 day ago,UA1366,Boeing 737-900,EWR,IAD,PZ2
2026-06-17,1 day ago,UA2781,Boeing 737-800,DEN,RAP,PZ1
2026-06-04,4 days ago,UA622,Boeing 737-900,CMH,ORD,PZ3
2026-05-10,1 day ago,UA3477,Embraer E175,EWR,PIT,PZ3
2026-05-20,1 day ago,UA3458,Embraer E175,CMH,EWR,PZ3
2026-06-04,1 day ago,UA3415,Embraer E175,EWR,SDF,PZ1
2026-06-02,1 day ago,UA3421,Embraer E175,EWR,SDF,PZ1
2026-06-02,1 day ago,UA3415,Embraer E175,EWR,SDF,PZ1
2026-05-23,2 days ago,UA2413,Boeing 737 MAX 8,SFO,PDX,PZ5
2026-07-13,23 hours ago,UA5579,Embraer E175,SFO,SEA,PZ1
2026-05-11,21 hours ago,UA4763,Embraer E175,SLC,SFO,PZ4
2026-05-12,4 days ago,UA3524,Embraer E175,CMH,ORD,PZ6
2026-07-16,3 days ago,UA3667,Embraer E175,EWR,CVG,PZ1
2026-06-13,Just now,UA1649,Boeing 737-800,ORD,YYZ,PZ9
2026-10-11,1 day ago,UA3412,Embraer E175,EWR,DTW,PZ1
2026-05-05,3 days ago,UA612,Boeing 787-8,IAD,LOS,PZ9
2026-05-31,1 day ago,UA6245,Embraer E175,MTY,IAH,PZ9
2026-05-07,1 day ago,UA385,Boeing 767-400ER,EWR,DBV,PZ7
2026-06-07,1 day ago,UA1623,Boeing 737-900,RAP,ORD,PZ2
2027-01-16,3 days ago,UA626,Boeing 737 MAX 8,BNA,SFO,PZ1
2026-11-18,1 day ago,UA951,Boeing 777-300ER,BRU,IAD,PZ7
2026-05-27,1 day ago,UA2334,Boeing 737-900,PDX,DEN,PZ3
2026-06-11,1 day ago,UA1623,Boeing 737-900,RAP,ORD,PZ2
2026-06-08,2 days ago,UA1635,Boeing 737 MAX 8,IAD,ATL,PZ2
2026-05-16,1 day ago,UA459,Airbus A321neo,PDX,DEN,PZ4
2026-05-26,1 day ago,UA2081,Boeing 737-900,IAD,ATL,PZ1
2026-05-19,1 day ago,UA299,Boeing 737 MAX 9,ATL,EWR,PZ9
2026-07-08,4 days ago,UA837,Boeing 737-800,NRT,KHH,PZ5
2026-10-06,4 days ago,UA837,Boeing 737 MAX 8,NRT,KHH,PZ1
2027-02-06,4 days ago,UA837,Boeing 737 MAX 8,NRT,KHH,PZ1
2026-10-23,4 days ago,UA837,Boeing 737 MAX 8,NRT,KHH,PZ1
2026-08-06,3 days ago,UA1653,Boeing 737-900,CUN,LAX,PZ7
2026-07-30,3 days ago,UA1653,Boeing 737-900,CUN,LAX,PZ6
2026-09-21,3 days ago,UA183,Boeing 737-800,GUM,MNL,PZ1
2026-05-16,2 days ago,UA3427,Embraer E175,ATL,EWR,PZ4
2026-05-16,2 days ago,UA3668,Embraer E175,ATL,EWR,PZ4
2026-06-08,23 hours ago,UA1653,Boeing 737-900,CUN,LAX,PZ9
2026-06-02,2 days ago,UA299,Airbus A319,ATL,EWR,PZ2
2026-05-24,1 day ago,UA465,Boeing 737 MAX 8,RNO,LAX,PZ1
2026-05-22,1 day ago,UA2096,Boeing 737 MAX 8,RNO,LAX,PZ2
2026-05-23,1 day ago,UA5328,Embraer E175,RNO,LAX,PZ5
2026-05-11,2 days ago,UA299,Boeing 737 MAX 9,ATL,EWR,PZ4
2026-08-12,3 days ago,UA837,Boeing 737-800,NRT,KHH,PZ2
2026-08-23,7 hours ago,UA958,Boeing 767-300,LHR,ORD,PZ9
2026-07-26,1 day ago,UA2232,Boeing 737-900,ORD,MSP,PZ2
2026-09-01,16 hours ago,UA2316,Boeing 737-800,LAS,LAX,PZ3
2026-11-26,4 days ago,UA837,Boeing 737 MAX 8,NRT,KHH,PZ1
2026-07-02,3 days ago,UA1653,Boeing 737-900,CUN,LAX,PZ5
2026-06-10,4 days ago,UA3638,Embraer E175,EWR,CMH,PZ1
2027-02-17,4 days ago,UA837,Boeing 737 MAX 8,NRT,KHH,PZ1
2026-12-31,1 day ago,UA1980,Boeing 737-800,SFO,SAN,PZ1
2026-07-03,2 days ago,UA837,Boeing 737-800,NRT,KHH,PZ1
2026-06-24,3 days ago,UA152,Boeing 787-9 Dreamliner,HKG,SGN,PZ9
2026-07-07,2 days ago,UA1205,Boeing 737-900,RDU,EWR,PZ4
2026-05-16,1 day ago,UA794,Boeing 737 MAX 8,RDU,EWR,PZ4
2026-05-10,1 day ago,UA6172,Embraer E175,IAD,SBN,PZ4
2026-05-11,1 day ago,UA6172,Embraer E175,IAD,SBN,PZ3
2026-09-03,1 day ago,UA958,Boeing 767-300,LHR,ORD,PZ9
2027-03-16,1 day ago,UA958,Boeing 767-300,LHR,ORD,PZ5
2026-06-30,2 days ago,UA1525,Airbus A319,RDU,EWR,PZ1
2026-05-26,4 days ago,UA3638,Embraer E175,EWR,CMH,PZ1
2027-02-18,1 day ago,UA958,Boeing 767-300,LHR,ORD,PZ6
2026-06-27,4 days ago,UA1753,Boeing 737 MAX 8,RDU,EWR,PZ2
2027-03-09,1 day ago,UA958,Boeing 767-300,LHR,ORD,PZ5
2026-06-16,1 day ago,UA2608,Boeing 737-900,LAS,IAH,PZ1
2026-07-13,3 days ago,UA1359,Boeing 737-800,IAH,YVR,PZ1
2026-08-22,2 days ago,UA2824,Airbus A320,PHL,ORD,PZ1
2026-07-09,3 days ago,UA154,Boeing 737-800,HNL,MAJ,PZ1
2026-05-10,4 days ago,UA1719,Boeing 737-800,ORD,CMH,PZ3
2026-05-23,1 day ago,UA958,Boeing 767-300,LHR,ORD,PZ9
2026-06-02,6 hours ago,UA820,Boeing 787-9 Dreamliner,HKG,BKK,PZ9
2026-06-10,Just now,UA2247,Boeing 737-900,ORD,YYZ,PZ9
2026-05-15,4 days ago,UA2205,Airbus A319,CMH,IAH,PZ2
2026-09-29,4 days ago,UA1815,Boeing 737 MAX 9,SFO,BNA,PZ1
2026-05-28,6 hours ago,UA820,Boeing 787-9 Dreamliner,HKG,BKK,PZ9
2026-12-25,4 days ago,UA2127,Boeing 737-900,SFO,LAX,PZ1
2026-05-30,4 days ago,UA2205,Boeing 737-800,CMH,IAH,PZ3
2026-05-16,1 day ago,UA820,Boeing 787-9 Dreamliner,HKG,BKK,PZ9
2026-12-01,1 day ago,UA959,Boeing 767-300,LHR,ORD,PZ2
2026-05-13,4 days ago,UA2205,Airbus A319,CMH,IAH,PZ5
2026-08-23,10 hours ago,UA4763,Embraer E175,SLC,SFO,PZ1
2026-05-25,3 days ago,UA3483,Embraer E175,EWR,SDF,PZ3
2026-06-07,1 day ago,UA1623,Boeing 737-900,DEN,RAP,PZ2
2026-06-07,Just now,UA2247,Boeing 737-900,ORD,YYZ,PZ4
2026-12-28,1 day ago,UA2496,Boeing 737-800,ORD,YYZ,PZ5
2026-05-07,1 day ago,UA554,Boeing 737-800,DEN,RAP,PZ7
2026-06-12,1 day ago,UA3475,Embraer E175,MCI,EWR,PZ2
2026-05-05,2 days ago,UA1385,Boeing 737-900ER,IAD,LAX,PZ1
2026-05-12,2 days ago,UA1986,Airbus A319,ABQ,SFO,PZ3
2026-08-21,1 day ago,UA5918,Embraer E175,ORD,YYZ,PZ1
2026-05-18,1 day ago,UA1206,Boeing 737-900,EWR,ORD,PZ4
2026-05-11,9 hours ago,UA1209,Boeing 757-200,ORD,EWR,PZ2
2026-05-31,1 day ago,UA2037,Boeing 737-700,MTY,IAH,PZ3
2026-05-31,1 day ago,UA2026,Boeing 737-700,MTY,IAH,PZ8
2026-05-08,1 day ago,UA1514,Boeing 737 MAX 9,EWR,PUJ,PZ5
2026-05-10,1 day ago,UA2122,Boeing 737-900,EWR,PUJ,PZ9
2026-08-08,4 days ago,UA1815,Boeing 737 MAX 9,SFO,BNA,PZ1
2026-06-20,4 days ago,UA752,Boeing 737-900,FLL,ORD,PZ2
2026-05-13,2 days ago,UA5720,Embraer E175,SFO,BOI,PZ1
2026-09-21,3 days ago,UA1085,Airbus A319,MEX,IAH,PZ3
2026-05-16,2 days ago,UA285,Airbus A319,ABQ,SFO,PZ2
2026-06-16,1 day ago,UA3458,Embraer E175,CMH,EWR,PZ1
2026-06-23,1 day ago,UA3416,Embraer E175,CMH,EWR,PZ2
2026-06-14,1 day ago,UA1623,Boeing 737-900,DEN,RAP,PZ2
2026-06-03,2 hours ago,UA1885,Airbus A319,SFO,SEA,PZ1
2026-06-09,1 day ago,UA3467,Embraer E175,CMH,EWR,PZ2
2026-06-29,1 day ago,UA3458,Embraer E175,CMH,EWR,PZ1
2026-06-29,1 day ago,UA3416,Embraer E175,CMH,EWR,PZ1
2026-05-20,1 day ago,UA1635,Airbus A319,IAD,ATL,PZ5
2026-06-12,1 day ago,UA3458,Embraer E175,CMH,EWR,PZ1
2026-06-23,1 day ago,UA3480,Embraer E175,CMH,EWR,PZ2
2026-06-23,1 day ago,UA3710,Embraer E175,CMH,EWR,PZ1
2026-05-08,1 day ago,UA554,Boeing 737-800,DEN,RAP,PZ6
2026-06-28,1 day ago,UA3596,Embraer E175,CMH,EWR,PZ1
2026-05-08,1 day ago,UA5303,Embraer E175,DEN,RAP,PZ3
2026-06-26,1 day ago,UA3416,Embraer E175,CMH,EWR,PZ1
2026-06-17,1 day ago,UA3416,Embraer E175,CMH,EWR,PZ2
2026-06-24,1 day ago,UA3480,Embraer E175,CMH,EWR,PZ2
2026-05-13,1 day ago,UA1635,Airbus A319,IAD,ATL,PZ6
2026-06-18,1 day ago,UA3416,Embraer E175,CMH,EWR,PZ1
2026-06-15,1 day ago,UA3416,Embraer E175,CMH,EWR,PZ1
2026-06-15,1 day ago,UA3480,Embraer E175,CMH,EWR,PZ1
2026-06-15,1 day ago,UA3596,Embraer E175,CMH,EWR,PZ1
2026-05-25,1 day ago,UA2081,Boeing 737-700,IAD,ATL,PZ2
2026-06-21,5 hours ago,UA2363,Boeing 737 MAX 9,ONT,SFO,PZ1
2026-05-09,1 day ago,UA554,Boeing 737-800,DEN,RAP,PZ2
2026-05-11,1 day ago,UA1635,Boeing 737 MAX 8,IAD,ATL,PZ7
2026-06-04,3 days ago,UA428,Airbus A319,MEX,IAH,PZ3
2026-05-09,1 day ago,UA5556,Bombardier CRJ550,DEN,RAP,PZ1
2026-05-17,1 day ago,UA5676,Embraer E175,SEA,SFO,PZ2
2026-06-13,2 days ago,UA1635,Boeing 737 MAX 8,IAD,ATL,PZ1
2026-06-07,2 days ago,UA1635,Boeing 737 MAX 8,IAD,ATL,PZ4
2026-08-27,3 days ago,UA1085,Airbus A319,MEX,IAH,PZ5
2026-06-10,2 days ago,UA471,Airbus A319,IAD,ATL,PZ2
2027-01-16,3 days ago,UA1293,Boeing 737 MAX 8,BNA,SFO,PZ1
2026-05-13,1 day ago,UA4167,Bombardier CRJ550,DCA,EWR,PZ4
2026-05-13,1 day ago,UA4591,Bombardier CRJ550,DCA,EWR,PZ2
2026-05-11,1 day ago,UA4446,Bombardier CRJ550,DCA,EWR,PZ1
2026-05-11,1 day ago,UA4174,Bombardier CRJ550,DCA,EWR,PZ4
2026-06-29,2 days ago,UA6027,Embraer E175,SFO,BOI,PZ1
2026-06-12,2 days ago,UA1635,Airbus A319,IAD,ATL,PZ3
2026-05-11,11 hours ago,UA1929,Boeing 737-900,MSP,ORD,PZ3
2026-06-12,1 day ago,UA5811,Embraer E175,RAP,ORD,PZ1
2026-07-03,6 hours ago,UA2496,Airbus A319,ORD,YYZ,PZ4
2026-06-03,1 day ago,UA1518,Boeing 737 MAX 8,PUJ,EWR,PZ8
2026-06-10,1 day ago,UA933,Boeing 777-200,FRA,IAD,PZ2
2026-05-09,1 day ago,UA1076,Boeing 737-800,SFO,BNA,PZ1
2026-06-14,1 day ago,UA4184,Bombardier CRJ550,DCA,EWR,PZ3
2026-06-22,1 day ago,UA5811,Embraer E175,RAP,ORD,PZ1
2026-11-19,3 days ago,UA1085,Airbus A320,MEX,IAH,PZ2
2026-05-05,7 hours ago,UA381,Boeing 767-300,BRI,EWR,PZ9
2026-06-25,1 day ago,UA4174,Bombardier CRJ550,DCA,EWR,PZ1
2026-05-30,11 hours ago,UA684,Boeing 737-900,LAX,SEA,PZ4
2026-10-27,3 days ago,UA428,Airbus A319,MEX,IAH,PZ1
2026-06-18,1 day ago,UA4430,Bombardier CRJ550,DCA,EWR,PZ1
2026-06-18,1 day ago,UA4174,Bombardier CRJ550,DCA,EWR,PZ1
2026-05-05,1 day ago,UA5500,Embraer E175,RAP,ORD,PZ1
2026-06-21,1 day ago,UA4184,Bombardier CRJ550,DCA,EWR,PZ1
2026-08-08,5 hours ago,UA2247,Boeing 737-900,ORD,YYZ,PZ9
2026-05-09,1 day ago,UA4167,Bombardier CRJ550,DCA,EWR,PZ6
2026-05-29,1 day ago,UA1623,Boeing 737-900,RAP,ORD,PZ1
2026-05-21,1 day ago,UA4174,Bombardier CRJ550,DCA,EWR,PZ3
2026-05-15,1 day ago,UA1734,Boeing 737 MAX 9,BOS,IAD,PZ5
2026-06-07,1 day ago,UA4430,Bombardier CRJ550,DCA,EWR,PZ3
2026-05-25,1 day ago,UA4446,Bombardier CRJ550,DCA,EWR,PZ3
2026-06-22,1 day ago,UA4174,Bombardier CRJ550,DCA,EWR,PZ1
2026-06-05,1 day ago,UA4430,Bombardier CRJ550,DCA,EWR,PZ3
2026-06-09,1 day ago,UA4184,Bombardier CRJ550,DCA,EWR,PZ2
2026-06-06,3 days ago,UA1085,Airbus A319,MEX,IAH,PZ4
2026-06-19,1 day ago,UA4184,Bombardier CRJ550,DCA,EWR,PZ1
2026-05-12,1 day ago,UA4167,Bombardier CRJ550,DCA,EWR,PZ4
2026-05-12,1 day ago,UA3704,Embraer E175,DCA,EWR,PZ1
2026-05-27,2 days ago,UA6271,Embraer E175,IAH,CMH,PZ2
2026-05-17,4 days ago,UA6271,Embraer E175,IAH,CMH,PZ3
2026-05-15,4 days ago,UA6271,Embraer E175,IAH,CMH,PZ3
2026-05-24,4 days ago,UA722,Boeing 737-700,IAH,CMH,PZ2
2026-05-12,4 days ago,UA2086,Airbus A319,IAH,CMH,PZ1
2026-05-09,1 day ago,UA4486,Bombardier CRJ550,EWR,DCA,PZ1
2026-06-10,1 day ago,UA957,Boeing 767-300,GVA,EWR,PZ9
2026-06-01,2 days ago,UA5644,Embraer E175,SFO,BOI,PZ1
2026-05-23,4 days ago,UA4014,Embraer E175,CMH,IAD,PZ1
2026-05-13,4 days ago,UA445,Airbus A319,CMH,IAD,PZ2
2026-05-14,1 day ago,UA5406,Embraer E175,ORD,RAP,PZ2
2027-01-17,3 days ago,UA1024,Boeing 737 MAX 8,IAH,MEX,PZ2
2026-05-06,1 day ago,UA1518,Boeing 737 Max 8,PUJ,EWR,PZ9
2026-05-25,2 days ago,UA5644,Embraer E175,SFO,BOI,PZ2
2026-05-30,2 hours ago,UA1885,Airbus A320,SFO,SEA,PZ4
2026-05-06,1 day ago,UA4434,Bombardier CRJ550,EWR,DCA,PZ2
2026-10-17,1 day ago,UA152,Boeing 787-9 Dreamliner,HKG,SGN,PZ9
2026-05-28,1 day ago,UA4726,Embraer E175,ORD,RAP,PZ3
2026-05-08,1 day ago,UA4434,Bombardier CRJ550,EWR,DCA,PZ3
2026-05-16,1 day ago,UA4172,Bombardier CRJ550,EWR,DCA,PZ3
2026-07-26,1 day ago,UA5644,Embraer E175,SFO,BOI,PZ1
2026-05-08,1 day ago,UA4433,Bombardier CRJ550,EWR,DCA,PZ2
2026-05-08,1 day ago,UA3488,Embraer E175,EWR,DCA,PZ4
2026-05-06,1 day ago,UA5590,Embraer E175,SFO,SLC,PZ7
2026-06-03,1 day ago,UA4572,Bombardier CRJ550,EWR,DCA,PZ3
2026-06-12,2 hours ago,UA2847,Airbus A320,ORD,RAP,PZ1
2026-06-03,1 day ago,UA4444,Bombardier CRJ550,EWR,DCA,PZ3
2026-06-03,1 day ago,UA4172,Bombardier CRJ550,EWR,DCA,PZ1
2026-06-03,1 day ago,UA4181,Bombardier CRJ550,EWR,DCA,PZ2
2026-06-03,1 day ago,UA4433,Bombardier CRJ550,EWR,DCA,PZ3
2026-06-03,1 day ago,UA4486,Bombardier CRJ550,EWR,DCA,PZ1
2027-01-13,3 days ago,UA1024,Boeing 737 MAX 8,IAH,MEX,PZ2
2026-05-21,1 day ago,UA4572,Bombardier CRJ550,EWR,DCA,PZ1
2026-05-14,1 day ago,UA4499,Bombardier CRJ550,EWR,DCA,PZ1
2026-05-18,1 day ago,UA4457,Bombardier CRJ550,EWR,DCA,PZ2
2026-05-18,1 day ago,UA4434,Bombardier CRJ550,EWR,DCA,PZ3
2026-07-18,2 days ago,UA4632,Bombardier CRJ700,ACV,SFO,PZ1
2026-07-18,2 days ago,UA4655,Embraer E175,ACV,SFO,PZ2
2026-05-26,1 day ago,UA4572,Bombardier CRJ550,EWR,DCA,PZ3
2026-05-05,4 days ago,UA3430,Embraer E175,CMH,IAD,PZ3
2026-06-06,1 day ago,UA4172,Bombardier CRJ550,EWR,DCA,PZ3
2026-05-05,4 days ago,UA1403,Boeing 737-700,CMH,IAD,PZ3
2026-12-02,13 hours ago,UA973,Boeing 787-10 Dreamliner,BRU,ORD,PZ5
2026-06-16,4 days ago,UA4014,Embraer E175,CMH,IAD,PZ1
2026-11-03,3 days ago,UA2631,Airbus A321neo,BOS,ORD,PZ1
2026-05-08,4 days ago,UA3430,Embraer E175,CMH,IAD,PZ2
2026-06-20,4 days ago,UA4014,Embraer E175,CMH,IAD,PZ1
2026-06-06,4 days ago,UA4014,Embraer E175,CMH,IAD,PZ1
2026-09-02,1 day ago,UA123,Boeing 787-9 Dreamliner,LHR,EWR,PZ9
2026-06-27,2 days ago,UA5644,Embraer E175,SFO,BOI,PZ2
2026-09-02,1 day ago,UA921,Boeing 767-300,LHR,EWR,PZ9
2026-06-20,3 days ago,UA1020,Boeing 737 MAX 9,IAH,CUN,PZ8
2026-09-02,1 day ago,UA147,Boeing 767-300,LHR,EWR,PZ9
2026-06-17,4 days ago,UA4014,Embraer E175,CMH,IAD,PZ1
2026-05-06,4 days ago,UA3430,Embraer E175,CMH,IAD,PZ2
2026-05-19,1 day ago,UA4167,Bombardier CRJ550,DCA,EWR,PZ3
2026-05-19,1 day ago,UA3704,Embraer E175,DCA,EWR,PZ2
2026-05-19,1 day ago,UA4591,Bombardier CRJ550,DCA,EWR,PZ2
2026-05-14,1 day ago,UA4167,Bombardier CRJ550,DCA,EWR,PZ2
2026-05-07,1 day ago,UA4408,Bombardier CRJ550,DCA,EWR,PZ2
2026-05-19,3 days ago,UA1085,Airbus A319,MEX,IAH,PZ8
2026-05-19,3 days ago,UA428,Airbus A319,MEX,IAH,PZ8
2026-05-14,1 day ago,UA4408,Bombardier CRJ550,DCA,EWR,PZ1
2026-06-03,1 day ago,UA4167,Bombardier CRJ550,DCA,EWR,PZ1
2026-06-29,1 day ago,UA4167,Bombardier CRJ550,DCA,EWR,PZ1
2026-12-17,3 days ago,UA1085,Airbus A320,MEX,IAH,PZ1
2026-06-03,1 day ago,UA4430,Bombardier CRJ550,DCA,EWR,PZ1
2026-06-27,3 days ago,UA1085,Airbus A319,MEX,IAH,PZ5
2026-06-23,1 day ago,UA4184,Bombardier CRJ550,DCA,EWR,PZ2
2026-12-08,3 days ago,UA1085,Airbus A320,MEX,IAH,PZ1
2026-06-02,7 hours ago,UA928,Boeing 767-300,LHR,ORD,PZ9
2026-06-23,1 day ago,UA4174,Bombardier CRJ550,DCA,EWR,PZ2
2026-05-20,2 hours ago,UA26,Boeing 787-9 Dreamliner,LHR,DEN,PZ9
2026-06-15,1 day ago,UA4174,Bombardier CRJ550,DCA,EWR,PZ3
2026-05-27,11 hours ago,UA1885,Airbus A319,SFO,SEA,PZ3
2026-05-12,1 day ago,UA4408,Bombardier CRJ550,DCA,EWR,PZ5
2026-05-12,1 day ago,UA4174,Bombardier CRJ550,DCA,EWR,PZ1
2026-05-12,1 day ago,UA4180,Bombardier CRJ550,DCA,EWR,PZ5
2026-05-23,1 day ago,UA3644,Embraer E175,DTW,EWR,PZ3
2026-06-12,1 day ago,UA4430,Bombardier CRJ550,DCA,EWR,PZ3
2026-06-21,3 days ago,UA2247,Boeing 737-900,ORD,YYZ,PZ9
2026-11-21,3 days ago,UA428,Airbus A319,MEX,IAH,PZ2
2026-05-31,1 day ago,UA4184,Bombardier CRJ550,DCA,EWR,PZ3
2026-11-21,3 days ago,UA1025,Airbus A319,MEX,IAH,PZ2
2026-05-31,1 day ago,UA4174,Bombardier CRJ550,DCA,EWR,PZ3
2026-08-18,23 hours ago,UA959,Boeing 767-300,LHR,ORD,PZ9
2026-05-18,1 day ago,UA641,Airbus A319,ATL,IAD,PZ2
2026-08-24,3 days ago,UA1085,Airbus A319,MEX,IAH,PZ2
2026-06-29,1 day ago,UA4508,Bombardier CRJ550,DCA,EWR,PZ1
2026-08-04,1 day ago,UA2247,Boeing 737-900,ORD,YYZ,PZ9
2026-05-18,1 day ago,UA4167,Bombardier CRJ550,DCA,EWR,PZ5
2026-05-18,1 day ago,UA4174,Bombardier CRJ550,DCA,EWR,PZ4
2026-05-27,1 day ago,UA4174,Bombardier CRJ550,DCA,EWR,PZ1
2026-06-08,3 days ago,UA1085,Airbus A319,MEX,IAH,PZ5
2026-10-16,3 days ago,UA1085,Airbus A319,MEX,IAH,PZ2
2026-06-14,1 day ago,UA641,Boeing 737-700,ATL,IAD,PZ3
2026-06-04,2 days ago,UA3652,Embraer E175,DTW,EWR,PZ1
2026-05-10,1 day ago,UA4591,Bombardier CRJ550,DCA,EWR,PZ2
2026-05-10,1 day ago,UA4560,Bombardier CRJ550,DCA,EWR,PZ3
2026-05-15,1 day ago,UA4442,Bombardier CRJ550,DCA,EWR,PZ2
2026-05-26,2 days ago,UA6027,Embraer E175,SFO,BOI,PZ5
2026-05-20,1 day ago,UA4167,Bombardier CRJ550,DCA,EWR,PZ1
2026-06-28,1 day ago,UA4174,Bombardier CRJ550,DCA,EWR,PZ1
2026-06-28,1 day ago,UA4442,Bombardier CRJ550,DCA,EWR,PZ1
2026-05-26,2 days ago,UA5644,Embraer E175,SFO,BOI,PZ5
2026-06-12,1 day ago,UA4174,Bombardier CRJ550,DCA,EWR,PZ3
2026-06-12,1 day ago,UA4184,Bombardier CRJ550,DCA,EWR,PZ3
2026-06-12,1 day ago,UA4446,Bombardier CRJ550,DCA,EWR,PZ2
2026-05-29,8 hours ago,UA951,Boeing 777-300ER,BRU,IAD,PZ9
2026-06-17,2 days ago,UA6027,Embraer E175,SFO,BOI,PZ1
2026-06-30,3 days ago,UA1085,Airbus A319,MEX,IAH,PZ6
2026-05-23,2 days ago,UA1106,Boeing 737-700,IAH,MTY,PZ9
2026-06-01,2 days ago,UA3652,Embraer E175,DTW,EWR,PZ3
2026-10-25,3 days ago,UA1089,Airbus A320,MEX,IAH,PZ2
2026-06-30,1 day ago,UA4167,Bombardier CRJ550,DCA,EWR,PZ2
2026-10-25,3 days ago,UA1085,Airbus A319,MEX,IAH,PZ1
2026-05-09,1 day ago,UA5406,Embraer E175,ORD,RAP,PZ6
2027-03-01,6 hours ago,UA925,Boeing 767-400ER,LHR,IAD,PZ1
2026-05-22,1 day ago,UA4430,Bombardier CRJ550,DCA,EWR,PZ3
2026-05-15,1 day ago,UA5406,Embraer E175,ORD,RAP,PZ5
2026-05-16,1 day ago,UA2384,Boeing 737 MAX 9,SFO,PDX,PZ6
2026-05-25,2 days ago,UA1185,Boeing 737-800,LAX,SJD,PZ8
2026-05-12,1 day ago,UA5406,Embraer E175,ORD,RAP,PZ1
2026-05-27,19 hours ago,UA838,Boeing 737-800,KHH,NRT,PZ4
2026-06-08,1 day ago,UA71,Boeing 777-200,AMS,EWR,PZ9
2026-05-20,1 day ago,UA4499,Bombardier CRJ550,EWR,DCA,PZ3
2027-01-24,3 days ago,UA1024,Boeing 737 MAX 8,IAH,MEX,PZ3
2026-05-19,1 day ago,UA4433,Bombardier CRJ550,EWR,DCA,PZ4
2026-12-01,1 day ago,UA958,Boeing 767-300,LHR,ORD,PZ1
2026-05-19,1 day ago,UA4457,Bombardier CRJ550,EWR,DCA,PZ3
2026-06-09,17 hours ago,UA71,Boeing 777-200,AMS,EWR,PZ9
2026-05-21,1 day ago,UA4486,Bombardier CRJ550,EWR,DCA,PZ1
2027-01-02,3 days ago,UA1024,Boeing 737 MAX 8,IAH,MEX,PZ3
2026-05-13,3 days ago,UA429,Airbus A319,IAH,MEX,PZ5
2026-05-18,1 day ago,UA5406,Embraer E175,ORD,RAP,PZ1
2026-05-20,1 day ago,UA4486,Bombardier CRJ550,EWR,DCA,PZ2
2026-05-20,1 day ago,UA4500,Bombardier CRJ550,EWR,DCA,PZ2
2026-06-22,10 hours ago,UA2645,Boeing 737-900,MSP,EWR,PZ2
2026-06-03,8 hours ago,UA951,Boeing 777-300ER,BRU,IAD,PZ9
2026-07-18,2 days ago,UA5644,Embraer E175,SFO,BOI,PZ2
2026-05-16,2 days ago,UA2289,Airbus A319,ATL,EWR,PZ2
2026-06-16,1 day ago,UA4181,Bombardier CRJ550,EWR,DCA,PZ3
2026-06-16,1 day ago,UA4572,Bombardier CRJ550,EWR,DCA,PZ3
2026-05-26,2 days ago,UA1090,Airbus A319,IAH,MEX,PZ5
2026-05-24,4 days ago,UA263,Boeing 787-9 Dreamliner,LHR,DEN,PZ1
2026-06-16,1 day ago,UA4518,Bombardier CRJ550,ORD,STL,PZ1
2026-05-12,1 day ago,UA4499,Bombardier CRJ550,EWR,DCA,PZ3
2026-05-20,1 day ago,UA2289,Airbus A319,ATL,EWR,PZ1
2026-05-15,1 day ago,UA6267,Embraer E175,IAH,TAM,PZ4
2026-05-12,1 day ago,UA3488,Embraer E175,EWR,DCA,PZ1
2026-05-12,1 day ago,UA4444,Bombardier CRJ550,EWR,DCA,PZ1
2026-05-23,1 day ago,UA1968,Boeing 737-800,YYC,ORD,PZ9
2026-06-13,1 day ago,UA4181,Bombardier CRJ550,EWR,DCA,PZ1
2026-06-13,1 day ago,UA4172,Bombardier CRJ550,EWR,DCA,PZ2
2026-05-10,4 days ago,UA3430,Embraer E175,CMH,IAD,PZ3
2026-05-30,3 hours ago,UA2355,Boeing 737 MAX 9,EWR,CHS,PZ2
2026-05-12,4 days ago,UA3430,Embraer E175,CMH,IAD,PZ4
2026-05-12,4 days ago,UA4029,Embraer E175,CMH,IAD,PZ3
2026-05-07,4 days ago,UA4029,Embraer E175,CMH,IAD,PZ1
2026-06-18,16 hours ago,UA782,Boeing 737-900,EWR,MSP,PZ1
2026-06-13,4 days ago,UA4014,Embraer E175,CMH,IAD,PZ1
2026-05-18,1 day ago,UA5770,Embraer E175,SLC,SFO,PZ3
2026-08-11,3 days ago,UA123,Boeing 787-9 Dreamliner,LHR,EWR,PZ9
2026-08-12,3 days ago,UA905,Boeing 777-200,LHR,EWR,PZ9
2026-08-12,3 days ago,UA17,Boeing 767-300,LHR,EWR,PZ9
2026-07-27,3 days ago,UA2009,Boeing 737 MAX 9,IAH,LIR,PZ7
2026-05-26,4 days ago,UA4014,Embraer E175,CMH,IAD,PZ1
2026-08-05,1 day ago,UA950,Boeing 777-300ER,IAD,BRU,PZ9
2026-05-18,3 days ago,UA1403,Boeing 737-700,CMH,IAD,PZ1
2026-07-13,20 hours ago,UA151,Boeing 737-800,GUM,KIX,PZ3
2026-05-16,4 days ago,UA1978,Boeing 737 MAX 8,DEN,CVG,PZ5
2026-06-09,4 days ago,UA4014,Embraer E175,CMH,IAD,PZ1
2026-05-27,4 days ago,UA4047,Embraer E175,CMH,IAD,PZ2
2026-05-26,4 days ago,UA3546,Embraer E175,CMH,IAD,PZ3
2026-05-27,4 days ago,UA4021,Embraer E175,CMH,IAD,PZ2
2026-09-01,1 day ago,UA933,Boeing 777-200,FRA,IAD,PZ9
2026-06-24,1 day ago,UA4763,Embraer E175,SLC,SFO,PZ1
2026-05-07,10 hours ago,UA3451,Embraer E175,EWR,CMH,PZ3
2026-06-03,4 days ago,UA3692,Embraer E175,EWR,CMH,PZ1
2026-06-06,1 day ago,UA4763,Embraer E175,SLC,SFO,PZ3
2026-05-05,1 day ago,UA4763,Embraer E175,SLC,SFO,PZ2
2026-05-14,4 days ago,UA3641,Embraer E175,EWR,CMH,PZ5
2026-05-14,4 days ago,UA3492,Embraer E175,EWR,CMH,PZ1
2026-06-23,1 day ago,UA4763,Embraer E175,SLC,SFO,PZ2
2026-05-14,4 days ago,UA3692,Embraer E175,EWR,CMH,PZ1
2026-06-24,4 days ago,UA3692,Embraer E175,EWR,CMH,PZ1
2026-05-12,1 day ago,UA2081,Boeing 737-900,IAD,ATL,PZ6
2026-06-20,22 hours ago,UA1833,Boeing 737-900,BOS,EWR,PZ2
2026-05-30,1 day ago,UA1635,Boeing 737 MAX 8,IAD,ATL,PZ2
2026-06-20,2 days ago,UA6027,Embraer E175,SFO,BOI,PZ2
2026-09-12,2 days ago,UA150,Boeing 737-800,KIX,GUM,PZ1
2026-12-03,3 days ago,UA1085,Airbus A320,MEX,IAH,PZ2
2026-05-23,Just now,UA2247,Boeing 737-900,ORD,YYZ,PZ9
2027-02-03,1 day ago,UA908,Boeing 767-300,AMS,ORD,PZ1
2026-09-13,3 days ago,UA201,Boeing 777-300ER,HNL,GUM,PZ1
2026-05-06,2 days ago,UA1635,Airbus A319,IAD,ATL,PZ2
2026-05-28,1 day ago,UA5811,Embraer E175,RAP,ORD,PZ3
2026-07-01,1 day ago,UA1623,Boeing 737-900,RAP,ORD,PZ2
2026-05-15,1 day ago,UA1526,Boeing 737 MAX 9,PUJ,EWR,PZ3
2026-05-06,1 day ago,UA1526,Boeing 737 Max 9,PUJ,EWR,PZ9
2026-06-03,1 day ago,UA5811,Embraer E175,RAP,ORD,PZ2
2026-05-25,1 day ago,UA1649,Boeing 737-800,ORD,YYZ,PZ2
2026-05-25,1 day ago,UA5591,Embraer E175,ORD,YYZ,PZ7
2026-07-13,3 hours ago,UA809,Boeing 777-300ER,SFO,MNL,PZ9
2026-06-06,1 day ago,UA1635,Boeing 737 MAX 8,IAD,ATL,PZ2
2027-01-22,2 days ago,UA392,Boeing 737-900,EWR,PTY,PZ2
2026-05-16,1 day ago,UA2081,Boeing 737-900,IAD,ATL,PZ9
2026-05-14,1 day ago,UA1635,Airbus A319,IAD,ATL,PZ3
2026-06-03,1 day ago,UA471,Airbus A319,IAD,ATL,PZ1
2026-06-04,1 day ago,UA2384,Boeing 737 MAX 8,SFO,PDX,PZ2
2026-06-05,4 days ago,UA2086,Boeing 737-800,IAH,CMH,PZ3
2026-06-04,1 day ago,UA2265,Airbus A320,SFO,PDX,PZ1
2026-05-05,4 hours ago,UA949,Boeing 777-222ER,LHR,SFO,PZ9
2026-05-22,1 day ago,UA4174,Bombardier CRJ550,DCA,EWR,PZ4
2026-08-25,1 day ago,UA885,Boeing 777-200,FCO,IAD,PZ9
2026-05-20,4 hours ago,UA2396,Boeing 737-900,EWR,MCO,PZ3
2026-05-20,4 hours ago,UA411,Boeing 737-900,EWR,MCO,PZ5
2026-05-27,Just now,UA2496,Airbus A319,ORD,YYZ,PZ1
2026-06-30,1 day ago,UA4430,Bombardier CRJ550,DCA,EWR,PZ2
2026-06-30,1 day ago,UA4174,Bombardier CRJ550,DCA,EWR,PZ2
2026-05-24,1 day ago,UA4174,Bombardier CRJ550,DCA,EWR,PZ2
2026-05-19,1 day ago,UA4408,Bombardier CRJ550,DCA,EWR,PZ1
2026-05-18,4 days ago,UA6271,Embraer E175,IAH,CMH,PZ1
2026-06-08,1 day ago,UA4184,Bombardier CRJ550,DCA,EWR,PZ2
2026-06-11,Just now,UA2247,Boeing 737-900,ORD,YYZ,PZ9
2026-05-08,4 days ago,UA2086,Boeing 737-800,IAH,CMH,PZ6
2026-05-13,4 days ago,UA6271,Embraer E175,IAH,CMH,PZ3
2026-05-13,4 days ago,UA2086,Airbus A319,IAH,CMH,PZ1
2026-06-01,1 day ago,UA4184,Bombardier CRJ550,DCA,EWR,PZ3
2026-06-26,1 day ago,UA4184,Bombardier CRJ550,DCA,EWR,PZ1
2026-05-28,1 day ago,UA4430,Bombardier CRJ550,DCA,EWR,PZ3
2026-05-28,1 day ago,UA4174,Bombardier CRJ550,DCA,EWR,PZ2
2026-05-23,1 day ago,UA4726,Embraer E175,ORD,RAP,PZ4
2026-05-12,1 day ago,UA6288,Embraer E175,IAH,MLM,PZ9
2026-05-28,4 days ago,UA6271,Embraer E175,IAH,CMH,PZ2
2026-05-22,10 hours ago,UA3644,Embraer E175,DTW,EWR,PZ2
2026-05-09,23 hours ago,UA641,Airbus A319,ATL,IAD,PZ6
2026-05-09,23 hours ago,UA632,Airbus A319,ATL,IAD,PZ6
2026-05-08,9 hours ago,UA5662,Embraer E175,BUR,SFO,PZ4
2026-06-08,1 day ago,UA4174,Bombardier CRJ550,DCA,EWR,PZ1
2026-08-22,3 days ago,UA429,Airbus A319,IAH,MEX,PZ5
2026-06-08,1 day ago,UA4430,Bombardier CRJ550,DCA,EWR,PZ1
2026-06-08,1 day ago,UA4446,Bombardier CRJ550,DCA,EWR,PZ3
2026-05-25,4 days ago,UA2086,Boeing 737-800,IAH,CMH,PZ3
2026-05-17,1 day ago,UA5406,Embraer E175,ORD,RAP,PZ2
2026-05-19,1 day ago,UA5406,Embraer E175,ORD,RAP,PZ3
2026-05-10,1 day ago,UA4433,Bombardier CRJ550,EWR,DCA,PZ1
2026-05-27,1 day ago,UA4444,Bombardier CRJ550,EWR,DCA,PZ1
2026-05-27,1 day ago,UA4172,Bombardier CRJ550,EWR,DCA,PZ3
2026-05-09,1 day ago,UA6267,Embraer E175,IAH,TAM,PZ8
2026-06-15,13 hours ago,UA12,Boeing 767-300,ZRH,ORD,PZ9
2026-05-18,1 day ago,UA6267,Embraer E175,IAH,TAM,PZ4
2026-08-28,3 days ago,UA200,Boeing 777-300ER,GUM,HNL,PZ1
2026-06-04,3 hours ago,UA963,Boeing 767-300,BER,EWR,PZ9
2026-05-20,22 hours ago,UA50,Boeing 767-400ER,MAD,EWR,PZ1
2026-05-15,5 hours ago,UA4499,Bombardier CRJ550,EWR,DCA,PZ1
2026-05-12,2 days ago,UA6035,Embraer E175,SFO,BOI,PZ6
2026-05-12,2 days ago,UA5435,Embraer E175,SFO,BOI,PZ5
2026-06-09,1 day ago,UA4181,Bombardier CRJ550,EWR,DCA,PZ3
2026-11-28,2 days ago,UA1028,Airbus A319,IAH,MEX,PZ1
2026-05-15,2 days ago,UA5720,Embraer E175,SFO,BOI,PZ2
2026-07-28,3 hours ago,UA809,Boeing 777-300ER,SFO,MNL,PZ4
2026-06-02,1 day ago,UA4433,Bombardier CRJ550,EWR,DCA,PZ2
2026-06-24,1 day ago,UA3412,Embraer E175,EWR,DTW,PZ2
2026-05-25,6 hours ago,UA1428,Airbus A319,EWR,BNA,PZ3
2026-06-24,1 day ago,UA4172,Bombardier CRJ550,EWR,DCA,PZ1
2026-06-24,1 day ago,UA4181,Bombardier CRJ550,EWR,DCA,PZ1
2026-06-09,1 day ago,UA4433,Bombardier CRJ550,EWR,DCA,PZ2
2026-06-02,7 hours ago,UA5625,Embraer E175,BFL,SFO,PZ4
2026-06-10,1 day ago,UA4181,Bombardier CRJ550,EWR,DCA,PZ1
2026-06-01,4 days ago,UA3481,Embraer E175,EWR,CMH,PZ2
2026-06-11,4 days ago,UA3638,Embraer E175,EWR,CMH,PZ2
2026-06-16,1 day ago,UA2097,Airbus A319,SLC,SFO,PZ4
2026-06-17,1 day ago,UA1955,Boeing 737 MAX 8,SLC,SFO,PZ1
2026-06-04,1 day ago,UA4763,Embraer E175,SLC,SFO,PZ2
2026-06-11,4 days ago,UA3692,Embraer E175,EWR,CMH,PZ2
2026-06-11,4 days ago,UA3492,Embraer E175,EWR,CMH,PZ1
2026-06-20,1 day ago,UA4763,Embraer E175,SLC,SFO,PZ2
2026-06-18,4 days ago,UA3641,Embraer E175,EWR,CMH,PZ1
2026-06-22,1 day ago,UA4763,Embraer E175,SLC,SFO,PZ1
2026-06-25,4 days ago,UA3492,Embraer E175,EWR,CMH,PZ1
2026-05-20,8 hours ago,UA331,Boeing 767-300,CDG,IAD,PZ9
2026-06-15,1 day ago,UA4778,Bombardier CRJ550,FAR,ORD,PZ1
2026-05-11,1 day ago,UA1338,Airbus A321neo,IAH,ORD,PZ2
2026-05-08,1 day ago,UA1032,Boeing 737 MAX 9,EWR,LAS,PZ2
2026-05-25,4 days ago,UA717,Boeing 737-900,MFR,SFO,PZ2
2026-05-25,4 days ago,UA1754,Boeing 737 MAX 9,MFR,SFO,PZ3
2026-05-11,4 days ago,UA3692,Embraer E175,EWR,CMH,PZ5
2026-05-09,1 day ago,UA5970,Embraer E175,SLC,SFO,PZ3
2026-05-09,1 day ago,UA4763,Embraer E175,SLC,SFO,PZ8
2026-05-19,2 days ago,UA6035,Embraer E175,SFO,BOI,PZ3
2026-06-13,1 day ago,UA2097,Airbus A319,SLC,SFO,PZ5
2026-05-15,4 days ago,UA3692,Embraer E175,EWR,CMH,PZ5
2026-06-10,1 day ago,UA2097,Airbus A319,SLC,SFO,PZ4
2026-06-04,1 day ago,UA4778,Bombardier CRJ550,FAR,ORD,PZ3
2026-05-08,4 days ago,UA3492,Embraer E175,EWR,CMH,PZ1
2026-05-19,1 day ago,UA5770,Embraer E175,SLC,SFO,PZ5
2026-05-19,1 day ago,UA5732,Embraer E175,SLC,SFO,PZ1
2026-06-24,4 days ago,UA3481,Embraer E175,EWR,CMH,PZ2
2026-06-24,4 days ago,UA3492,Embraer E175,EWR,CMH,PZ2
2026-08-13,1 day ago,UA958,Boeing 767-300,LHR,ORD,PZ9
2026-05-23,4 days ago,UA3492,Embraer E175,EWR,CMH,PZ1
2026-06-30,1 day ago,UA2097,Airbus A319,SLC,SFO,PZ2
2026-06-30,1 day ago,UA4763,Embraer E175,SLC,SFO,PZ1
2026-06-02,4 days ago,UA3692,Embraer E175,EWR,CMH,PZ2
2026-05-20,12 hours ago,UA3641,Embraer E175,EWR,CMH,PZ5
2026-06-04,4 days ago,UA3692,Embraer E175,EWR,CMH,PZ3
2026-06-04,4 days ago,UA3481,Embraer E175,EWR,CMH,PZ1
2026-05-24,4 days ago,UA3692,Embraer E175,EWR,CMH,PZ3
2026-05-24,4 days ago,UA3481,Embraer E175,EWR,CMH,PZ3
2026-05-17,4 days ago,UA3641,Embraer E175,EWR,CMH,PZ1
2026-05-17,4 days ago,UA3638,Embraer E175,EWR,CMH,PZ5
2026-05-17,4 days ago,UA3451,Embraer E175,EWR,CMH,PZ4
2026-05-17,4 days ago,UA3492,Embraer E175,EWR,CMH,PZ3
2026-05-21,4 days ago,UA3692,Embraer E175,EWR,CMH,PZ3
2026-05-22,4 days ago,UA675,Airbus A320,ORD,CMH,PZ2
2026-10-20,1 day ago,UA5735,Embraer E175,MCI,ORD,PZ2
2026-05-30,10 hours ago,UA1752,Airbus A321neo,IAH,ORD,PZ1
2026-05-19,4 days ago,UA5288,Embraer E175,ORD,CMH,PZ1
2026-05-08,4 days ago,UA5682,Embraer E175,ORD,CMH,PZ5
2026-05-22,1 day ago,UA1867,Boeing 737-800,CZM,IAH,PZ4
2026-06-10,4 days ago,UA1492,Boeing 737-900,ORD,CMH,PZ4
2026-05-26,4 days ago,UA3405,Embraer E175,ORD,CMH,PZ2
2026-06-01,4 days ago,UA675,Airbus A320,ORD,CMH,PZ3
2026-06-01,4 days ago,UA2849,Boeing 737-800,ORD,CMH,PZ4
2026-06-01,4 days ago,UA3467,Embraer E175,ORD,CMH,PZ3
2026-06-01,4 days ago,UA4577,Bombardier CRJ550,ORD,CMH,PZ3
2026-05-17,4 days ago,UA3624,Embraer E175,ORD,CMH,PZ4
2026-05-09,11 hours ago,UA2318,Boeing 737-900,SMF,LAX,PZ1
2026-06-07,4 days ago,UA1492,Boeing 737-900,ORD,CMH,PZ5
2026-06-07,4 days ago,UA2849,Boeing 737-800,ORD,CMH,PZ4
2026-05-21,1 day ago,UA1867,Boeing 737-800,CZM,IAH,PZ5
2026-06-07,4 days ago,UA4577,Bombardier CRJ550,ORD,CMH,PZ2
2026-06-11,4 days ago,UA3554,Embraer E175,ORD,CMH,PZ3
2026-06-11,4 days ago,UA675,Airbus A320,ORD,CMH,PZ2
2026-06-10,4 days ago,UA3467,Embraer E175,ORD,CMH,PZ1
2026-06-26,4 days ago,UA403,Airbus A320,ORD,CMH,PZ1
2026-06-13,1 day ago,UA1007,Airbus A320,SAT,DEN,PZ2
2026-06-26,4 days ago,UA1492,Boeing 737-900,ORD,CMH,PZ1
2026-06-26,4 days ago,UA3570,Embraer E175,ORD,CMH,PZ1
2026-05-07,4 days ago,UA1023,Boeing 737-700,ORD,CMH,PZ5
2026-05-07,4 days ago,UA5682,Embraer E175,ORD,CMH,PZ3
2026-05-29,4 days ago,UA675,Airbus A320,ORD,CMH,PZ2
2026-06-13,1 day ago,UA1464,Boeing 737-800,SAT,DEN,PZ1
2026-05-29,4 days ago,UA4577,Bombardier CRJ550,ORD,CMH,PZ2
2026-06-28,4 days ago,UA3614,Embraer E175,ORD,CMH,PZ1
2026-09-01,2 days ago,UA151,Boeing 737-800,GUM,KIX,PZ1
2026-06-18,4 days ago,UA3467,Embraer E175,ORD,CMH,PZ1
2026-06-18,4 days ago,UA3554,Embraer E175,ORD,CMH,PZ1
2026-06-16,1 day ago,UA5484,Embraer E175,SLC,LAX,PZ5
2026-05-06,1 day ago,UA1527,Boeing 737-800W,SLC,LAX,PZ5
2026-05-20,1 day ago,UA1527,Boeing 737-800,SLC,LAX,PZ5
2026-05-09,4 days ago,UA2205,Boeing 737-800,CMH,IAH,PZ4
2026-05-08,2 days ago,UA4678,Embraer E175,BOI,SFO,PZ4
2026-06-28,1 day ago,UA5456,Embraer E175,SLC,LAX,PZ1
2026-06-09,1 day ago,UA5484,Embraer E175,SLC,LAX,PZ3
2026-05-14,4 hours ago,UA1527,Boeing 737-900,SLC,LAX,PZ7
2026-05-26,1 day ago,UA5484,Embraer E175,SLC,LAX,PZ3
2027-02-27,1 day ago,UA209,Boeing 737 MAX 8,IAH,BOG,PZ2
2026-06-23,4 days ago,UA4065,Embraer E175,CMH,IAH,PZ1
2026-05-19,1 day ago,UA1527,Boeing 737-800,SLC,LAX,PZ7
2026-08-27,1 day ago,UA958,Boeing 767-300,LHR,ORD,PZ9
2026-05-22,4 hours ago,UA5484,Embraer E175,SLC,LAX,PZ2
2026-07-01,1 day ago,UA5456,Embraer E175,SLC,LAX,PZ2
2026-05-10,1 day ago,UA5753,Embraer E175,SFO,SLC,PZ5
2026-06-24,1 day ago,UA5408,Embraer E175,SLC,LAX,PZ2
2026-05-15,1 day ago,UA6154,Embraer E175,IAH,AGU,PZ8
2026-06-09,1 day ago,UA467,Boeing 737-800,MSP,DEN,PZ1
2026-05-05,1 day ago,UA1527,Boeing 737-800W,SLC,LAX,PZ7
2026-09-19,2 hours ago,UA1675,Boeing 737 MAX 8,IAH,MDE,PZ5
2026-06-17,4 days ago,UA4070,Embraer E175,IAD,CMH,PZ1
2026-05-13,1 day ago,UA1527,Boeing 737-800,SLC,LAX,PZ5
2026-05-09,4 days ago,UA3987,Embraer E175,CMH,IAD,PZ1
2026-05-05,4 days ago,UA3492,Embraer E175,EWR,CMH,PZ3
2026-05-05,4 days ago,UA3692,Embraer E175,EWR,CMH,PZ4
2026-06-20,4 days ago,UA3545,Embraer E175,EWR,CMH,PZ1
2026-05-20,1 day ago,UA4763,Embraer E175,SLC,SFO,PZ3
2026-05-25,2 hours ago,UA1896,Boeing 737-800,PDX,SFO,PZ1
2026-07-01,1 day ago,UA1955,Boeing 737 MAX 8,SLC,SFO,PZ3
2026-06-27,1 day ago,UA5970,Embraer E175,SLC,SFO,PZ2
2026-06-18,4 days ago,UA3481,Embraer E175,EWR,CMH,PZ1
2026-05-21,1 day ago,UA2739,Boeing 737-800,SLC,SFO,PZ1
2026-05-09,4 days ago,UA3692,Embraer E175,EWR,CMH,PZ3
2026-05-05,3 hours ago,UA919,Boeing 777-222ER,LHR,IAD,PZ2
2026-06-09,1 day ago,UA1955,Boeing 737 MAX 8,SLC,SFO,PZ4
2026-06-03,1 day ago,UA5970,Embraer E175,SLC,SFO,PZ5
2026-06-26,2 days ago,UA267,Boeing 737-800,SFO,BOI,PZ2
2026-05-31,4 days ago,UA3481,Embraer E175,EWR,CMH,PZ3
2026-05-10,21 hours ago,UA5970,Embraer E175,SLC,SFO,PZ2
2026-05-19,1 day ago,UA4763,Embraer E175,SLC,SFO,PZ6
2026-05-27,1 day ago,UA2097,Airbus A319,SLC,SFO,PZ4
2027-02-16,1 day ago,UA135,Boeing 767-300,ZRH,EWR,PZ1
2026-05-23,1 day ago,UA4763,Embraer E175,SLC,SFO,PZ5
2026-05-23,1 day ago,UA5970,Embraer E175,SLC,SFO,PZ3
2026-05-28,1 day ago,UA2097,Airbus A319,SLC,SFO,PZ1
2026-05-25,4 days ago,UA5423,Embraer E175,SUN,SFO,PZ1
2026-06-07,5 hours ago,UA12,Boeing 767-300,ZRH,ORD,PZ9
2026-05-20,2 days ago,UA6035,Embraer E175,SFO,BOI,PZ4
2026-05-06,1 day ago,UA5770,Embraer E175,SLC,SFO,PZ4
2026-05-06,1 day ago,UA4763,Embraer E175,SLC,SFO,PZ2
2026-05-06,1 day ago,UA5970,Embraer E175,SLC,SFO,PZ2
2026-05-08,1 day ago,UA5970,Embraer E175,SLC,SFO,PZ6
2026-05-24,4 days ago,UA3554,Embraer E175,ORD,CMH,PZ1
2026-05-24,4 days ago,UA4577,Bombardier CRJ550,ORD,CMH,PZ2
2026-10-21,1 day ago,UA2195,Boeing 737-800,MCI,ORD,PZ3
2026-05-12,4 days ago,UA1719,Boeing 737-800,ORD,CMH,PZ6
2026-05-25,4 days ago,UA2849,Boeing 737-800,ORD,CMH,PZ2
2026-06-19,4 days ago,UA3467,Embraer E175,ORD,CMH,PZ1
2026-06-19,4 days ago,UA4577,Bombardier CRJ550,ORD,CMH,PZ1
2026-05-12,4 days ago,UA1492,Airbus A320,ORD,CMH,PZ1
2026-05-12,4 days ago,UA3624,Embraer E175,ORD,CMH,PZ1
2026-05-13,4 days ago,UA1023,Boeing 737-800,ORD,CMH,PZ1
2026-05-13,4 days ago,UA5288,Embraer E175,ORD,CMH,PZ4
2026-06-16,4 days ago,UA3467,Embraer E175,ORD,CMH,PZ1
2026-06-16,4 days ago,UA1492,Boeing 737-900,ORD,CMH,PZ4
2026-05-28,4 days ago,UA675,Airbus A320,ORD,CMH,PZ3
2026-05-28,4 days ago,UA3554,Embraer E175,ORD,CMH,PZ3
2026-06-05,10 hours ago,UA933,Boeing 777-200,FRA,IAD,PZ9
2026-06-27,4 days ago,UA403,Boeing 737-900,ORD,CMH,PZ2
2026-06-20,4 days ago,UA1492,Boeing 737-800,ORD,CMH,PZ3
2026-06-20,4 days ago,UA3467,Embraer E175,ORD,CMH,PZ1
2026-05-31,4 days ago,UA3554,Embraer E175,ORD,CMH,PZ3
2026-05-05,4 days ago,UA1719,Boeing 737-800,ORD,CMH,PZ4
2026-05-21,4 hours ago,UA2669,Boeing 737-900,IAD,EWR,PZ2
2026-05-18,2 days ago,UA4639,Embraer E175,BOI,SFO,PZ2
2026-05-18,2 days ago,UA4733,Embraer E175,BOI,SFO,PZ2
2026-05-05,4 days ago,UA5288,Embraer E175,ORD,CMH,PZ5
2026-05-20,1 day ago,UA299,Boeing 737 MAX 9,ATL,EWR,PZ7
2026-05-05,4 days ago,UA3624,Embraer E175,ORD,CMH,PZ4
2026-05-27,4 days ago,UA1492,Boeing 737-900,ORD,CMH,PZ3
2026-06-21,4 days ago,UA1492,Boeing 737-900,ORD,CMH,PZ2
2026-06-05,4 days ago,UA3467,Embraer E175,ORD,CMH,PZ3
2026-05-15,4 days ago,UA5682,Embraer E175,ORD,CMH,PZ3
2026-06-02,4 days ago,UA1492,Boeing 737-900,ORD,CMH,PZ3
2026-09-03,1 day ago,UA933,Boeing 777-200,FRA,IAD,PZ9
2026-05-10,4 days ago,UA3574,Embraer E175,ORD,CMH,PZ2
2026-05-08,11 hours ago,UA2102,Boeing 737 MAX 9,LAS,ORD,PZ6
2026-05-06,4 days ago,UA1719,Boeing 737-800,ORD,CMH,PZ3
2026-06-03,4 days ago,UA1492,Boeing 737-900,ORD,CMH,PZ1
2026-05-06,4 days ago,UA5288,Embraer E175,ORD,CMH,PZ4
2026-05-09,4 days ago,UA5288,Embraer E175,ORD,CMH,PZ1
2026-06-13,4 days ago,UA3467,Embraer E175,ORD,CMH,PZ2
2026-06-13,4 days ago,UA4577,Bombardier CRJ550,ORD,CMH,PZ1
2026-05-18,2 days ago,UA1338,Airbus A321neo,IAH,ORD,PZ3
2026-06-08,4 days ago,UA3467,Embraer E175,ORD,CMH,PZ3
2026-06-08,4 days ago,UA675,Airbus A320,ORD,CMH,PZ2
2026-06-08,4 days ago,UA3614,Embraer E175,ORD,CMH,PZ3
2026-05-18,2 days ago,UA1752,Airbus A321neo,IAH,ORD,PZ4
2026-05-22,3 days ago,UA1703,Boeing 737 MAX 9,PTY,EWR,PZ9
2026-06-15,4 days ago,UA3467,Embraer E175,ORD,CMH,PZ1
2026-06-15,4 days ago,UA675,Airbus A320,ORD,CMH,PZ1
2026-06-15,4 days ago,UA2849,Boeing 737-800,ORD,CMH,PZ1
2026-06-15,4 days ago,UA1492,Boeing 737-900,ORD,CMH,PZ2
2026-10-27,1 day ago,UA445,Boeing 737-800,ORD,MCI,PZ1
2026-06-15,4 days ago,UA4577,Bombardier CRJ550,ORD,CMH,PZ1
2026-05-13,4 days ago,UA3640,Embraer E175,SDF,IAD,PZ2
2026-06-17,4 days ago,UA3467,Embraer E175,ORD,CMH,PZ1
2026-05-13,4 days ago,UA4075,Embraer E175,SDF,IAD,PZ2
2026-06-22,4 days ago,UA2849,Boeing 737-800,ORD,CMH,PZ2
2026-06-22,4 days ago,UA3614,Embraer E175,ORD,CMH,PZ1
2026-06-22,4 days ago,UA3467,Embraer E175,ORD,CMH,PZ1
2026-06-06,4 days ago,UA1492,Boeing 737-800,ORD,CMH,PZ3
2026-06-06,4 days ago,UA3467,Embraer E175,ORD,CMH,PZ2
2026-06-06,4 days ago,UA3554,Embraer E175,ORD,CMH,PZ1
2026-05-16,4 days ago,UA2205,Boeing 737-800,CMH,IAH,PZ4
2026-05-12,4 days ago,UA6283,Embraer E175,CMH,IAH,PZ1
2026-06-20,4 days ago,UA4065,Embraer E175,CMH,IAH,PZ1
2026-05-19,4 days ago,UA1548,Airbus A319,IAD,CMH,PZ1
2026-05-13,4 days ago,UA4054,Embraer E175,IAD,CMH,PZ2
2026-08-07,3 days ago,UA837,Boeing 737-800,NRT,KHH,PZ1
2026-06-03,17 hours ago,UA958,Boeing 767-300,LHR,ORD,PZ9
2026-05-11,1 day ago,UA5411,Embraer E175,SFO,SLC,PZ1
2026-05-11,4 days ago,UA1548,Airbus A319,IAD,CMH,PZ3
2026-05-24,1 day ago,UA5516,Embraer E175,SFO,SLC,PZ2
2026-05-12,4 days ago,UA1548,Airbus A319,IAD,CMH,PZ3
2026-05-12,4 days ago,UA4054,Embraer E175,IAD,CMH,PZ3
2026-05-12,4 days ago,UA3646,Embraer E175,IAD,CMH,PZ4
2026-05-12,4 days ago,UA2165,Boeing 737-700,IAD,CMH,PZ6
2026-06-07,20 hours ago,UA5753,Embraer E175,SFO,SLC,PZ1
2026-05-10,1 day ago,UA5590,Embraer E175,SFO,SLC,PZ2
2026-05-17,2 hours ago,UA1908,Boeing 737 MAX 8,IAH,STT,PZ9
2026-06-09,1 day ago,UA4174,Bombardier CRJ550,DCA,EWR,PZ2
2026-05-20,1 day ago,UA5590,Embraer E175,SFO,SLC,PZ2
2026-05-23,13 hours ago,UA325,Boeing 737 MAX 8,SEA,SFO,PZ1
2026-06-16,1 day ago,UA5753,Embraer E175,SFO,SLC,PZ5
2026-05-27,4 days ago,UA4073,Embraer E175,IAD,CMH,PZ1
2026-05-12,1 day ago,UA817,Airbus A320,SFO,MEX,PZ7
2026-06-17,19 hours ago,UA838,Boeing 737-800,KHH,NRT,PZ5
2026-08-15,2 days ago,UA737,Boeing 737 MAX 9,SEA,SFO,PZ4
2026-05-16,1 day ago,UA4802,Embraer E175,SFO,SLC,PZ4
2026-05-08,21 hours ago,UA4805,Embraer E175,SFO,SLC,PZ5
2026-05-16,1 day ago,UA5411,Bombardier CRJ700,SFO,SLC,PZ3
2026-06-20,1 day ago,UA5405,Embraer E175,SFO,SLC,PZ1
2026-05-27,1 day ago,UA26,Boeing 787-9 Dreamliner,LHR,DEN,PZ9
2026-05-17,1 day ago,UA5753,Embraer E175,SFO,SLC,PZ3
2026-06-14,1 day ago,UA5753,Embraer E175,SFO,SLC,PZ1
2026-05-05,2 hours ago,UA189,Boeing 777-300ER,SFO,MNL,PZ7
2026-06-03,1 day ago,UA5753,Embraer E175,SFO,SLC,PZ5
2026-06-03,1 day ago,UA5405,Embraer E175,SFO,SLC,PZ3
2026-05-12,20 hours ago,UA33,Boeing 737-800,CEB,NRT,PZ1
2026-05-17,21 hours ago,UA33,Boeing 737-800,CEB,NRT,PZ2
2026-06-02,4 days ago,UA2144,Airbus A319,EUG,ORD,PZ4
2026-06-13,4 days ago,UA5443,Embraer E175,CMH,ORD,PZ1
2026-05-12,5 hours ago,UA4807,Bombardier CRJ550,MAF,DEN,PZ1
2026-06-03,5 hours ago,UA5822,Embraer E175,MAF,DEN,PZ1
2026-06-09,4 days ago,UA3524,Embraer E175,CMH,ORD,PZ2
2026-06-09,4 days ago,UA4393,Bombardier CRJ550,CMH,ORD,PZ1
2026-07-11,2 days ago,UA5387,Embraer E175,SFO,BOI,PZ2
2026-05-11,5 hours ago,UA5472,Embraer E175,MAF,DEN,PZ3
2026-05-18,4 days ago,UA3524,Embraer E175,CMH,ORD,PZ2
2026-08-02,7 hours ago,UA994,Boeing 787-10 Dreamliner,EWR,BRU,PZ9
2026-05-18,4 days ago,UA3520,Embraer E175,CMH,ORD,PZ5
2026-05-18,4 days ago,UA5252,Embraer E175,CMH,ORD,PZ5
2026-07-11,2 days ago,UA5644,Embraer E175,SFO,BOI,PZ2
2026-06-03,4 days ago,UA3524,Embraer E175,CMH,ORD,PZ2
2026-06-03,4 days ago,UA3457,Embraer E175,CMH,ORD,PZ2
2026-06-01,4 days ago,UA3615,Embraer E175,CMH,ORD,PZ2
2026-06-13,1 day ago,UA1360,Boeing 737 MAX 9,IAH,LAS,PZ1
2026-06-27,4 days ago,UA3444,Embraer E175,CMH,ORD,PZ2
2026-05-31,1 day ago,UA3524,Embraer E175,CMH,ORD,PZ1
2027-02-10,2 days ago,UA905,Boeing 767-300,LHR,EWR,PZ3
2026-06-01,4 days ago,UA3484,Embraer E175,CMH,ORD,PZ2
2026-05-08,1 day ago,UA1020,Boeing 737 MAX 9,IAH,CUN,PZ9
2026-06-01,4 days ago,UA4393,Bombardier CRJ550,CMH,ORD,PZ2
2026-05-07,4 days ago,UA5443,Embraer E175,CMH,ORD,PZ1
2027-02-10,1 day ago,UA959,Boeing 767-300,LHR,ORD,PZ1
2026-06-26,4 days ago,UA466,Airbus A320,CMH,ORD,PZ1
2026-06-26,4 days ago,UA3444,Embraer E175,CMH,ORD,PZ1
2026-06-30,6 hours ago,UA2642,Boeing 737-800,IAH,PHL,PZ2
2026-05-30,4 days ago,UA4393,Bombardier CRJ550,CMH,ORD,PZ2
2026-06-01,2 days ago,UA1876,Boeing 737 MAX 8,EWR,LIR,PZ8
2026-06-16,4 days ago,UA3524,Embraer E175,CMH,ORD,PZ2
2026-05-16,3 days ago,UA4418,Bombardier CRJ550,IAD,YOW,PZ2
2026-05-23,3 days ago,UA152,Boeing 787-9 Dreamliner,HKG,SGN,PZ9
2026-06-12,1 day ago,UA1955,Boeing 737 MAX 8,SLC,SFO,PZ2
2026-05-15,4 days ago,UA3641,Embraer E175,EWR,CMH,PZ4
2026-05-12,4 days ago,UA3692,Embraer E175,EWR,CMH,PZ1
2026-06-13,4 days ago,UA3492,Embraer E175,EWR,CMH,PZ1
2026-06-10,4 days ago,UA3692,Embraer E175,EWR,CMH,PZ2
2026-05-25,4 days ago,UA5713,Bombardier CRJ700,SBP,SFO,PZ1
2026-05-20,1 day ago,UA5770,Embraer E175,SLC,SFO,PZ5
2026-05-11,21 hours ago,UA5770,Embraer E175,SLC,SFO,PZ4
2026-05-25,4 days ago,UA3641,Embraer E175,EWR,CMH,PZ1
2026-06-09,4 days ago,UA3638,Embraer E175,EWR,CMH,PZ2
2026-05-08,1 day ago,UA2457,Boeing 737 MAX 8,RTB,IAH,PZ3
2026-06-29,1 day ago,UA1119,Airbus A321neo,DEN,CUN,PZ2
2026-06-16,4 days ago,UA3638,Embraer E175,EWR,CMH,PZ1
2026-06-16,4 days ago,UA3481,Embraer E175,EWR,CMH,PZ2
2026-06-11,1 day ago,UA4763,Embraer E175,SLC,SFO,PZ2
2026-06-19,1 day ago,UA2097,Airbus A319,SLC,SFO,PZ1
2026-05-13,4 days ago,UA3451,Embraer E175,EWR,CMH,PZ1
2026-05-13,4 days ago,UA3638,Embraer E175,EWR,CMH,PZ1
2026-05-15,1 day ago,UA5732,Embraer E175,SLC,SFO,PZ2
2026-05-13,4 days ago,UA3641,Embraer E175,EWR,CMH,PZ4
2026-05-15,1 day ago,UA4763,Embraer E175,SLC,SFO,PZ1
2026-05-09,4 days ago,UA3624,Embraer E175,ORD,CMH,PZ1
2026-05-27,4 days ago,UA2849,Boeing 737-900,ORD,CMH,PZ2
2026-09-15,2 days ago,UA151,Boeing 737-800,GUM,KIX,PZ1
2027-02-25,1 day ago,UA205,Boeing 737 MAX 8,IAH,BOG,PZ1
2026-06-09,4 days ago,UA3467,Embraer E175,ORD,CMH,PZ2
2026-06-09,4 days ago,UA2849,Boeing 737-800,ORD,CMH,PZ2
2026-06-09,4 days ago,UA4577,Bombardier CRJ550,ORD,CMH,PZ2
2026-06-09,4 days ago,UA3614,Embraer E175,ORD,CMH,PZ2
2026-06-04,4 days ago,UA675,Airbus A320,ORD,CMH,PZ3
2026-06-04,4 days ago,UA1492,Boeing 737-900,ORD,CMH,PZ2
2026-06-04,4 days ago,UA3467,Embraer E175,ORD,CMH,PZ3
2026-06-04,4 days ago,UA3614,Embraer E175,ORD,CMH,PZ3
2026-06-02,4 days ago,UA3467,Embraer E175,ORD,CMH,PZ2
2026-06-02,4 days ago,UA3554,Embraer E175,ORD,CMH,PZ1
2026-06-02,4 days ago,UA1069,Airbus A320,ORD,CMH,PZ1
2026-06-02,4 days ago,UA2849,Boeing 737-800,ORD,CMH,PZ1
2026-06-02,4 days ago,UA3614,Embraer E175,ORD,CMH,PZ1
2026-05-30,4 days ago,UA1492,Boeing 737-800,ORD,CMH,PZ1
2026-05-30,4 days ago,UA5587,Embraer E175,ORD,CMH,PZ1
2026-05-17,2 days ago,UA4639,Embraer E175,BOI,SFO,PZ2
2026-06-03,4 days ago,UA3467,Embraer E175,ORD,CMH,PZ2
2026-05-23,2 days ago,UA1572,Boeing 737-900,SFO,IND,PZ3
2026-06-23,4 days ago,UA3467,Embraer E175,ORD,CMH,PZ2
2026-06-23,4 days ago,UA3554,Embraer E175,ORD,CMH,PZ2
2026-07-18,20 hours ago,UA151,Boeing 737-800,GUM,KIX,PZ2
2026-05-13,2 days ago,UA4661,Embraer E175,BOI,SFO,PZ3
2026-05-10,18 hours ago,UA6213,Embraer E175,STL,IAH,PZ3
2026-05-09,2 days ago,UA787,Boeing 737-900,IAH,ORD,PZ5
2026-05-23,4 days ago,UA3674,Embraer E175,ORD,CMH,PZ2
2026-06-07,1 day ago,UA1867,Boeing 737-800,CZM,IAH,PZ7
2026-05-19,4 days ago,UA3614,Embraer E175,ORD,CMH,PZ1
2026-06-10,4 days ago,UA2205,Boeing 737-800,CMH,IAH,PZ2
2026-05-22,8 hours ago,UA4441,Bombardier CRJ550,FSD,ORD,PZ1
2026-05-05,4 days ago,UA6283,Embraer E175,CMH,IAH,PZ3
2026-05-15,10 hours ago,UA477,Airbus A320,BUR,SFO,PZ3
2026-06-08,1 day ago,UA5408,Embraer E175,SLC,LAX,PZ1
2026-05-21,4 hours ago,UA5564,Embraer E175,SLC,LAX,PZ5
2026-05-08,1 day ago,UA5836,Embraer E175,SLC,LAX,PZ1
2026-05-07,1 day ago,UA1527,Boeing 737-900,SLC,LAX,PZ5
2026-06-07,2 days ago,UA4678,Embraer E175,BOI,SFO,PZ1
2026-05-27,1 day ago,UA5408,Embraer E175,SLC,LAX,PZ3
2026-05-26,4 hours ago,UA412,Airbus A319,SFO,MEX,PZ9
2026-06-23,2 days ago,UA2289,Boeing 737 MAX 9,ATL,EWR,PZ4
2026-05-09,21 hours ago,UA4805,Embraer E175,SFO,SLC,PZ5
2026-05-20,2 days ago,UA4678,Embraer E175,BOI,SFO,PZ2
2026-05-20,8 hours ago,UA4552,Bombardier CRJ550,FSD,ORD,PZ4
2026-06-21,2 days ago,UA649,Airbus A320,BOI,SFO,PZ1
2026-06-10,4 days ago,UA4076,Embraer E175,IAD,CMH,PZ2
2026-06-20,4 days ago,UA4070,Embraer E175,IAD,CMH,PZ1
2026-05-22,1 day ago,UA965,Boeing 767-300,NAP,EWR,PZ9
2026-06-09,1 day ago,UA543,Airbus A319,SFO,SLC,PZ4
2026-06-16,2 days ago,UA649,Airbus A320,BOI,SFO,PZ2
2026-05-07,21 hours ago,UA5590,Embraer E175,SFO,SLC,PZ2
2026-05-20,4 days ago,UA2165,Boeing 737-700,IAD,CMH,PZ2
2026-06-02,1 day ago,UA543,Airbus A319,SFO,SLC,PZ3
2026-05-26,1 day ago,UA1042,Boeing 737 MAX 9,EWR,AUA,PZ3
2026-05-31,1 day ago,UA543,Airbus A319,SFO,SLC,PZ2
2026-08-15,2 days ago,UA1035,Boeing 737-900,SJC,DEN,PZ2
2026-05-14,1 day ago,UA5753,Embraer E175,SFO,SLC,PZ3
2026-06-10,1 day ago,UA543,Airbus A319,SFO,SLC,PZ5
2026-06-10,1 day ago,UA5753,Embraer E175,SFO,SLC,PZ1
2026-06-10,1 day ago,UA5405,Embraer E175,SFO,SLC,PZ4
2026-05-05,4 days ago,UA1843,Boeing 737-800,DEN,CMH,PZ4
2026-05-09,7 hours ago,UA2144,Boeing 737-800,EUG,ORD,PZ3
2026-07-25,2 days ago,UA2019,Boeing 737-900,SFO,DEN,PZ2
2026-05-17,1 day ago,UA1206,Boeing 737-900,EWR,ORD,PZ2
2026-06-15,4 days ago,UA3524,Embraer E175,CMH,ORD,PZ1
2026-05-26,4 days ago,UA3457,Embraer E175,CMH,ORD,PZ1
2026-05-09,4 days ago,UA442,Boeing 737-800,CMH,ORD,PZ4
2026-05-09,4 days ago,UA3524,Embraer E175,CMH,ORD,PZ3
2026-05-09,4 days ago,UA1182,Airbus A320,CMH,ORD,PZ6
2026-06-04,4 days ago,UA3524,Embraer E175,CMH,ORD,PZ2
2026-06-04,4 days ago,UA3615,Embraer E175,CMH,ORD,PZ2
2026-05-10,4 days ago,UA3492,Embraer E175,CMH,ORD,PZ5
2026-05-09,4 days ago,UA5443,Embraer E175,CMH,ORD,PZ5
2026-08-09,4 days ago,UA1145,Boeing 737-900,SFO,CUN,PZ6
2026-05-27,4 days ago,UA3457,Embraer E175,CMH,ORD,PZ2
2026-05-27,4 days ago,UA4393,Bombardier CRJ550,CMH,ORD,PZ2
2026-06-19,4 days ago,UA3615,Embraer E175,CMH,ORD,PZ1
2026-05-23,4 days ago,UA3457,Embraer E175,CMH,ORD,PZ2
2026-05-30,4 days ago,UA3524,Embraer E175,CMH,ORD,PZ2
2026-06-07,4 days ago,UA3615,Embraer E175,CMH,ORD,PZ3
2026-05-11,1 day ago,UA1846,Boeing 737-800,LAX,SLC,PZ6
2026-05-15,3 days ago,UA5361,Embraer E175,SFO,BUR,PZ3
2026-05-27,4 days ago,UA3458,Embraer E175,CMH,EWR,PZ1
2026-05-27,1 day ago,UA5526,Embraer E175,LAX,SLC,PZ3
2027-02-15,3 days ago,UA950,Boeing 777-300ER,IAD,BRU,PZ6
2026-06-23,1 day ago,UA3458,Embraer E175,CMH,EWR,PZ1
2026-05-08,1 day ago,UA3689,Embraer E175,PIT,EWR,PZ3
2026-05-20,1 day ago,UA424,Boeing 737-900,LAX,SLC,PZ5
2026-06-23,7 hours ago,UA1563,Boeing 737-900,IAH,ONT,PZ1
2026-06-10,4 days ago,UA3480,Embraer E175,CMH,EWR,PZ1
2026-08-11,8 hours ago,UA950,Boeing 777-300ER,IAD,BRU,PZ9
2026-06-20,4 days ago,UA3457,Embraer E175,CMH,ORD,PZ1
2026-06-20,4 days ago,UA5443,Embraer E175,CMH,ORD,PZ2
2026-09-22,5 hours ago,UA1156,Boeing 737-800,ORD,YYC,PZ4
2026-05-16,4 days ago,UA3602,Embraer E175,IAD,YUL,PZ5
2026-05-16,Just now,UA1968,Boeing 737 MAX 9,ORD,YYZ,PZ7
2026-05-06,4 days ago,UA3596,Embraer E175,CMH,EWR,PZ3
2026-05-06,4 days ago,UA3480,Embraer E175,CMH,EWR,PZ1
2026-05-12,3 days ago,UA2215,Boeing 737-900,MCO,IAH,PZ4
2026-05-23,3 days ago,UA1059,Boeing 737-900,CUN,IAH,PZ9
2026-05-16,4 days ago,UA3587,Embraer E175,CMH,EWR,PZ5
2026-06-04,1 day ago,UA3458,Embraer E175,CMH,EWR,PZ3
2026-06-17,1 day ago,UA3458,Embraer E175,CMH,EWR,PZ2
2026-06-17,1 day ago,UA3467,Embraer E175,CMH,EWR,PZ2
2026-06-15,1 day ago,UA3458,Embraer E175,CMH,EWR,PZ2
2026-06-15,1 day ago,UA3467,Embraer E175,CMH,EWR,PZ3
2026-12-03,3 days ago,UA5255,Embraer E175,AGU,IAH,PZ2
2026-07-16,1 day ago,UA3594,Embraer E175,SDF,EWR,PZ1
2026-06-26,1 day ago,UA3458,Embraer E175,CMH,EWR,PZ1
2026-06-02,3 days ago,UA1571,Boeing 737 MAX 9,IAH,MCO,PZ1
2026-05-08,1 day ago,UA441,Airbus A319,DCA,ORD,PZ3
2026-06-03,4 days ago,UA3467,Embraer E175,CMH,EWR,PZ2
2026-05-08,1 day ago,UA3488,Embraer E175,DCA,ORD,PZ2
2026-05-20,1 day ago,UA3596,Embraer E175,CMH,EWR,PZ5
2026-05-10,18 hours ago,UA827,Boeing 737-800,NRT,GUM,PZ9
2026-05-14,4 days ago,UA3480,Embraer E175,CMH,EWR,PZ4
2026-05-29,4 days ago,UA3416,Embraer E175,CMH,EWR,PZ3
2026-05-06,1 day ago,UA733,Boeing 737 Max 8,RNO,LAX,PZ4
2026-05-06,1 day ago,UA5328,Embraer E175,RNO,LAX,PZ1
2026-05-08,1 day ago,UA733,Boeing 737 MAX 8,RNO,LAX,PZ7
2026-05-08,1 day ago,UA5328,Embraer E175,RNO,LAX,PZ3
2026-05-20,3 days ago,UA3423,Embraer E175,CVG,EWR,PZ5
2026-08-08,3 days ago,UA496,Boeing 737-900,IAH,MCO,PZ2
2027-01-14,1 day ago,UA827,Boeing 737 MAX 8,NRT,GUM,PZ1
2026-06-03,2 hours ago,UA963,Boeing 767-300,BER,EWR,PZ9
2026-05-15,1 day ago,UA957,Boeing 767-300,GVA,EWR,PZ9
2026-06-16,2 days ago,UA3644,Embraer E175,DTW,EWR,PZ1
2026-07-22,20 hours ago,UA150,Boeing 737-800,KIX,GUM,PZ4
2026-05-15,1 day ago,UA6288,Embraer E175,IAH,MLM,PZ9
2026-08-15,2 days ago,UA150,Boeing 737-800,KIX,GUM,PZ2
2026-06-01,1 day ago,UA6288,Embraer E175,IAH,MLM,PZ9
2027-01-19,3 days ago,UA6328,Embraer E175,AGU,IAH,PZ2
2026-11-14,3 days ago,UA5238,Embraer E175,AGU,IAH,PZ2
2026-05-14,1 day ago,UA6288,Embraer E175,IAH,MLM,PZ9
2026-05-10,1 day ago,UA2218,Boeing 737-800,DCA,ORD,PZ6
2026-11-15,3 days ago,UA5238,Embraer E175,AGU,IAH,PZ2
2026-05-26,2 days ago,UA3608,Embraer E175,EWR,MSN,PZ2
2026-05-10,1 day ago,UA1775,Airbus A321neo,IAD,ORD,PZ4
2026-06-22,3 days ago,UA473,Boeing 737-800,IAH,SJD,PZ5
2026-10-27,3 days ago,UA6238,Embraer E175,AGU,IAH,PZ2
2026-06-08,2 days ago,UA3608,Embraer E175,EWR,MSN,PZ3
2026-06-03,2 days ago,UA3608,Embraer E175,EWR,MSN,PZ1
2026-05-30,1 day ago,UA6238,Embraer E175,AGU,IAH,PZ9
2026-05-06,6 hours ago,UA506,Boeing 777-222ER,FCO,SFO,PZ7
2026-05-06,1 day ago,UA6288,Embraer E175,IAH,MLM,PZ9
2026-08-22,1 day ago,UA6168,Embraer E175,DTW,IAD,PZ2
2026-08-22,1 day ago,UA3485,Embraer E175,DTW,IAD,PZ2
2026-09-25,2 days ago,UA150,Boeing 737-800,KIX,GUM,PZ1
2026-06-03,2 days ago,UA3675,Embraer E175,MSN,EWR,PZ1
2026-07-20,1 day ago,UA473,Boeing 737-800,IAH,SJD,PZ4
2026-05-17,3 days ago,UA795,Airbus A321neo,ORD,EWR,PZ2
2026-06-04,18 hours ago,UA958,Boeing 767-300,LHR,ORD,PZ9
2026-09-26,2 days ago,UA150,Boeing 737-800,KIX,GUM,PZ1
2026-06-06,2 days ago,UA3675,Embraer E175,MSN,EWR,PZ2
2026-06-06,2 days ago,UA3482,Embraer E175,MSN,EWR,PZ2
2026-06-18,1 day ago,UA2232,Boeing 737-900,ORD,MSP,PZ1
2026-05-29,1 day ago,UA6267,Embraer E175,IAH,TAM,PZ4
2026-05-19,1 day ago,UA6288,Embraer E175,IAH,MLM,PZ9
2026-06-13,2 days ago,UA3482,Embraer E175,MSN,EWR,PZ2
2026-06-13,2 days ago,UA3675,Embraer E175,MSN,EWR,PZ2
2026-06-09,4 hours ago,UA1190,Boeing 737 MAX 9,EWR,MCO,PZ5
2026-06-10,2 days ago,UA3675,Embraer E175,MSN,EWR,PZ1
2026-05-12,4 hours ago,UA1268,Boeing 737-900,EWR,MCO,PZ2
2026-06-06,1 day ago,UA6267,Embraer E175,IAH,TAM,PZ6
2026-06-02,1 day ago,UA6267,Embraer E175,IAH,TAM,PZ1
2026-05-05,1 day ago,UA6267,Embraer E175,IAH,TAM,PZ7
2026-05-10,9 hours ago,UA5241,Embraer E175,LAX,MRY,PZ3
2026-05-20,3 days ago,UA3528,Embraer E175,PWM,EWR,PZ6
2026-05-09,1 day ago,UA2724,Boeing 737-800,CLE,FLL,PZ9
2026-10-25,3 days ago,UA6153,Embraer E175,AGU,IAH,PZ2
2026-05-09,1 day ago,UA761,Boeing 787-9 Dreamliner,MUC,DEN,PZ9
2026-05-17,13 hours ago,UA3666,Embraer E175,PWM,EWR,PZ5
2026-05-15,1 day ago,UA3666,Embraer E175,PWM,EWR,PZ1
2026-05-20,2 days ago,UA4661,Embraer E175,BOI,SFO,PZ4
2026-05-30,2 days ago,UA649,Airbus A320,BOI,SFO,PZ5
2026-05-27,4 days ago,UA3524,Embraer E175,CMH,ORD,PZ1
2026-05-13,4 days ago,UA622,Airbus A319,CMH,ORD,PZ1
2026-05-11,1 day ago,UA1910,Boeing 737-800,DEN,YVR,PZ1
2026-05-09,4 hours ago,UA5351,Embraer E175,SNA,SFO,PZ1
2026-06-08,4 days ago,UA3615,Embraer E175,CMH,ORD,PZ3
2026-06-08,4 days ago,UA3484,Embraer E175,CMH,ORD,PZ2
2026-06-05,4 days ago,UA3524,Embraer E175,CMH,ORD,PZ3
2026-07-11,4 hours ago,UA3578,Embraer E175,PIT,EWR,PZ1
2026-05-05,4 days ago,UA3524,Embraer E175,CMH,ORD,PZ5
2026-05-05,4 days ago,UA5443,Embraer E175,CMH,ORD,PZ4
2026-06-02,4 days ago,UA3457,Embraer E175,CMH,ORD,PZ1
2026-06-02,4 days ago,UA4393,Bombardier CRJ550,CMH,ORD,PZ2
2026-08-19,8 hours ago,UA939,Boeing 787-9 Dreamliner,LHR,SFO,PZ9
2026-08-20,7 hours ago,UA15,Boeing 767-300,LHR,EWR,PZ9
2026-06-18,4 days ago,UA3615,Embraer E175,CMH,ORD,PZ1
2026-12-31,2 days ago,UA42,Boeing 777-300ER,EWR,FRA,PZ3
2026-05-09,5 hours ago,UA4807,Bombardier CRJ550,MAF,DEN,PZ5
2026-05-27,1 day ago,UA995,Boeing 787-10 Dreamliner,BRU,EWR,PZ9
2026-06-14,4 days ago,UA3484,Embraer E175,CMH,ORD,PZ1
2026-05-19,4 days ago,UA3492,Embraer E175,CMH,ORD,PZ1
2026-05-26,5 hours ago,UA4807,Bombardier CRJ550,MAF,DEN,PZ2
2026-06-12,4 days ago,UA3524,Embraer E175,CMH,ORD,PZ1
2026-05-27,6 hours ago,UA31,Boeing 767-300,MUC,EWR,PZ9
2026-05-13,5 hours ago,UA4682,Bombardier CRJ550,MAF,DEN,PZ1
2026-05-14,5 hours ago,UA4807,Bombardier CRJ550,MAF,DEN,PZ2
2026-05-06,4 days ago,UA3492,Embraer E175,CMH,ORD,PZ4
2026-05-08,4 days ago,UA5252,Embraer E175,CMH,ORD,PZ1
2026-05-24,1 day ago,UA3696,Embraer E175,DFW,ORD,PZ2
2026-05-17,5 hours ago,UA4807,Bombardier CRJ550,MAF,DEN,PZ2
2026-08-10,5 hours ago,UA102,Boeing 777-200,IAH,MUC,PZ9
2026-06-10,4 days ago,UA3429,Embraer E175,CMH,ORD,PZ1
2026-05-16,5 hours ago,UA5794,Embraer E175,MAF,DEN,PZ2
2026-05-18,5 hours ago,UA4807,Bombardier CRJ550,MAF,DEN,PZ3
2026-06-13,4 days ago,UA4393,Bombardier CRJ550,CMH,ORD,PZ2
2026-05-27,5 hours ago,UA4807,Bombardier CRJ550,MAF,DEN,PZ1
2026-05-30,4 days ago,UA3467,Embraer E175,CMH,EWR,PZ2
2026-06-16,20 hours ago,UA61,Boeing 787-9 Dreamliner,MEL,SFO,PZ1
2026-06-27,1 day ago,UA5744,Embraer E175,LAX,SLC,PZ2
2026-06-13,1 day ago,UA5744,Embraer E175,LAX,SLC,PZ5
2026-06-09,1 day ago,UA5526,Embraer E175,LAX,SLC,PZ5
2026-10-24,4 hours ago,UA4608,Bombardier CRJ550,ORD,SDF,PZ1
2026-05-23,1 day ago,UA5744,Embraer E175,LAX,SLC,PZ1
2026-06-06,2 days ago,UA1543,Boeing 737 MAX 9,EWR,SJU,PZ2
2026-08-01,1 day ago,UA1695,Boeing 737-900,DFW,ORD,PZ4
2027-01-02,2 days ago,UA5753,Embraer E175,SFO,SLC,PZ2
2026-05-15,1 day ago,UA5397,Embraer E175,LAX,SLC,PZ2
2026-06-10,1 day ago,UA5744,Embraer E175,LAX,SLC,PZ3
2026-06-02,4 days ago,UA366,Airbus A321neo,BOS,ORD,PZ1
2026-06-01,4 days ago,UA3416,Embraer E175,CMH,EWR,PZ3
2026-05-30,8 hours ago,UA917,Boeing 777-200,SFO,AKL,PZ1
2026-06-16,1 day ago,UA3480,Embraer E175,CMH,EWR,PZ2
2026-06-28,1 day ago,UA3458,Embraer E175,CMH,EWR,PZ1
2027-03-03,6 hours ago,UA972,Boeing 787-10 Dreamliner,ORD,BRU,PZ3
2026-07-02,3 days ago,UA6238,Embraer E175,AGU,IAH,PZ4
2026-05-10,18 hours ago,UA32,Boeing 737-800,NRT,CEB,PZ7
2026-06-28,16 hours ago,UA827,Boeing 737-800,NRT,GUM,PZ2
2026-05-23,1 day ago,UA663,Boeing 737-900,SJC,DEN,PZ7
2026-06-09,9 hours ago,UA631,Boeing 737-800,YVR,IAH,PZ8
2026-06-03,3 days ago,UA919,Boeing 777-200,LHR,IAD,PZ3
2026-11-20,3 days ago,UA5238,Embraer E175,AGU,IAH,PZ2
2026-06-12,1 day ago,UA6238,Embraer E175,AGU,IAH,PZ4
2026-05-22,1 day ago,UA2074,Boeing 737 MAX 8,MIA,IAH,PZ1
2026-11-22,3 days ago,UA5255,Embraer E175,AGU,IAH,PZ2
2026-08-25,1 day ago,UA6246,Embraer E175,IAD,DTW,PZ2
2026-05-06,2 days ago,UA32,Boeing 737-800,NRT,CEB,PZ9
2026-05-16,3 days ago,UA32,Boeing 737-800,NRT,CEB,PZ8
2026-06-04,9 hours ago,UA32,Boeing 737-800,NRT,CEB,PZ1
2026-05-18,2 hours ago,UA32,Boeing 737-800,NRT,CEB,PZ7
2026-06-14,1 day ago,UA6238,Embraer E175,AGU,IAH,PZ6
2026-06-14,1 day ago,UA6153,Embraer E175,AGU,IAH,PZ2
2026-12-02,3 days ago,UA5255,Embraer E175,AGU,IAH,PZ1
2026-06-20,5 hours ago,UA1535,Boeing 737 MAX 9,IAH,DFW,PZ2
2026-05-09,4 hours ago,UA1665,Boeing 737-900,ONT,SFO,PZ8
2026-11-18,3 days ago,UA5238,Embraer E175,AGU,IAH,PZ2
2026-12-13,3 days ago,UA5238,Embraer E175,AGU,IAH,PZ2
2026-06-02,5 hours ago,UA1619,Boeing 737 MAX 9,EWR,CUN,PZ4
2026-06-17,3 days ago,UA1988,Boeing 737 MAX 9,CUN,EWR,PZ9
2026-07-24,4 days ago,UA1820,Boeing 737 MAX 9,PLS,IAD,PZ1
2026-07-14,4 days ago,UA1287,Boeing 737 MAX 8,EWR,ATL,PZ1
2026-05-17,2 days ago,UA5320,Embraer E175,ORD,GRR,PZ2
2026-06-03,4 hours ago,UA2381,Boeing 737-900,EWR,MCO,PZ3
2026-06-03,4 hours ago,UA1900,Boeing 737 MAX 9,EWR,MCO,PZ1
2026-05-08,12 hours ago,UA3664,Embraer E175,EWR,ROC,PZ1
2026-05-15,2 days ago,UA3537,Embraer E175,EWR,BUF,PZ4
2026-09-26,2 days ago,UA1190,Boeing 737 MAX 9,EWR,MCO,PZ2
2026-11-03,6 hours ago,UA958,Boeing 767-300,LHR,ORD,PZ1
2026-06-02,2 hours ago,UA2649,Boeing 737-900,IAD,ORD,PZ1
2026-05-24,1 day ago,UA973,Boeing 787-10 Dreamliner,BRU,ORD,PZ9
2026-05-21,1 day ago,UA653,Boeing 737 MAX 8,MBJ,IAD,PZ7
2026-05-21,1 day ago,UA6153,Embraer E175,AGU,IAH,PZ9
2026-05-12,1 day ago,UA908,Boeing 767-300,AMS,ORD,PZ9
2026-05-18,4 hours ago,UA1287,Boeing 737 MAX 9,EWR,ATL,PZ7
2026-06-05,1 day ago,UA4746,Embraer E175,ORD,RDU,PZ1
2026-05-12,20 hours ago,UA958,Boeing 767-300,LHR,ORD,PZ9
2026-05-13,9 hours ago,UA945,Boeing 787-10 Dreamliner,FRA,ORD,PZ9
2026-05-12,20 hours ago,UA928,Boeing 767-300,LHR,ORD,PZ9
2026-05-14,2 days ago,UA928,Boeing 767-300,LHR,ORD,PZ9
2026-06-14,2 days ago,UA2053,Airbus A319,ATL,EWR,PZ2
2026-11-26,3 days ago,UA5255,Embraer E175,AGU,IAH,PZ2
2026-11-17,3 days ago,UA5255,Embraer E175,AGU,IAH,PZ2
2026-05-22,13 hours ago,UA3627,Embraer E175,EWR,PWM,PZ5
2026-05-16,1 day ago,UA6267,Embraer E175,IAH,TAM,PZ1
2026-05-08,11 hours ago,UA1342,Boeing 737 MAX 8,EWR,PWM,PZ4
2026-05-14,1 day ago,UA6267,Embraer E175,IAH,TAM,PZ8
2026-08-11,2 days ago,UA2610,Airbus A321neo,LAX,DEN,PZ2
2026-08-11,2 days ago,UA1275,Airbus A321neo,LAX,DEN,PZ2
2026-05-10,1 day ago,UA6267,Embraer E175,IAH,TAM,PZ7
2026-07-26,11 hours ago,UA1896,Boeing 737-800,PDX,SFO,PZ1
2026-12-05,3 days ago,UA5255,Embraer E175,AGU,IAH,PZ2
2026-10-25,3 days ago,UA6238,Embraer E175,AGU,IAH,PZ2
2026-06-09,20 hours ago,UA12,Boeing 767-300,ZRH,ORD,PZ9
2026-05-08,1 day ago,UA838,Boeing 737-800,KHH,NRT,PZ9
2026-05-16,1 day ago,UA905,Boeing 777-200,LHR,EWR,PZ9
2026-05-26,5 hours ago,UA5545,Embraer E175,MSN,DEN,PZ1
2026-08-08,2 days ago,UA567,Boeing 737-900,MSP,ORD,PZ1
2026-06-16,5 hours ago,UA5545,Embraer E175,MSN,DEN,PZ2
2026-06-24,1 day ago,UA6005,Embraer E175,ORD,MCI,PZ2
2026-05-26,4 hours ago,UA123,Boeing 787-9 Dreamliner,LHR,EWR,PZ9
2026-05-30,5 hours ago,UA5545,Embraer E175,MSN,DEN,PZ2
2026-08-11,3 days ago,UA905,Boeing 777-200,LHR,EWR,PZ9
2026-07-02,1 day ago,UA822,Airbus A319,MEX,SFO,PZ2
2026-08-11,3 days ago,UA921,Boeing 767-300,LHR,EWR,PZ9
2026-08-11,3 days ago,UA17,Boeing 767-300,LHR,EWR,PZ9
2026-06-01,4 hours ago,UA905,Boeing 777-200,LHR,EWR,PZ9
2026-06-04,9 hours ago,UA3718,Embraer E175,GRR,EWR,PZ1
2026-05-20,1 day ago,UA6237,Embraer E175,IAH,AGU,PZ9
2026-05-24,1 day ago,UA6154,Embraer E175,IAH,AGU,PZ9
2026-07-07,1 day ago,UA251,Boeing 737-800,ABQ,IAH,PZ1
2026-07-14,21 hours ago,UA408,Boeing 737 MAX 9,MIA,EWR,PZ2
2026-07-29,8 hours ago,UA371,Boeing 737 MAX 9,BNA,EWR,PZ1
2026-05-07,4 days ago,UA5288,Embraer E175,ORD,CMH,PZ3
2026-05-13,1 day ago,UA624,Boeing 737-800,LAS,ORD,PZ6
2026-05-23,2 days ago,UA1752,Airbus A321neo,IAH,ORD,PZ2
2026-05-06,4 days ago,UA1023,Boeing 737-800,ORD,CMH,PZ5
2026-05-06,4 days ago,UA3574,Embraer E175,ORD,CMH,PZ2
2026-05-22,4 days ago,UA4577,Bombardier CRJ550,ORD,CMH,PZ3
2026-05-07,3 days ago,UA2232,Boeing 737-900,ORD,MSP,PZ9
2026-05-09,4 days ago,UA1719,Boeing 737-800,ORD,CMH,PZ1
2026-05-11,4 days ago,UA1023,Boeing 737-700,ORD,CMH,PZ9
2026-05-11,4 days ago,UA3624,Embraer E175,ORD,CMH,PZ4
2026-06-14,1 day ago,UA6288,Embraer E175,IAH,MLM,PZ5
2026-05-15,4 days ago,UA1023,Boeing 737-800,ORD,CMH,PZ5
2026-10-19,1 day ago,UA6279,Embraer E175,CLT,IAD,PZ1
2026-05-21,1 day ago,UA4444,Bombardier CRJ550,EWR,DCA,PZ2
2026-05-12,4 days ago,UA3574,Embraer E175,ORD,CMH,PZ4
2026-06-30,2 days ago,UA1753,Boeing 737 MAX 8,RDU,EWR,PZ2
2026-10-27,1 day ago,UA2118,Boeing 737 MAX 8,ABQ,IAH,PZ1
2026-05-19,4 days ago,UA3624,Embraer E175,ORD,CMH,PZ1
2026-05-26,1 day ago,UA2275,Boeing 737-800,LGA,ORD,PZ4
2026-05-10,1 day ago,UA6288,Embraer E175,IAH,MLM,PZ9
2026-05-07,7 hours ago,UA34,Boeing 777-222ER,KIX,SFO,PZ8
2026-05-11,1 day ago,UA6288,Embraer E175,IAH,MLM,PZ9
2026-05-31,1 day ago,UA6288,Embraer E175,IAH,MLM,PZ9
2026-06-14,1 day ago,UA1563,Boeing 737-900,IAH,ONT,PZ4
2026-05-24,1 day ago,UA3458,Embraer E175,CMH,EWR,PZ1
2026-05-12,4 days ago,UA3458,Embraer E175,CMH,EWR,PZ6
2026-05-12,4 days ago,UA3587,Embraer E175,CMH,EWR,PZ6
2026-05-10,1 day ago,UA3505,Embraer E175,EWR,PIT,PZ4
2026-06-12,1 day ago,UA3416,Embraer E175,CMH,EWR,PZ3
2026-06-07,1 day ago,UA3665,Embraer E175,EWR,PWM,PZ1
2026-05-28,4 hours ago,UA958,Boeing 767-300,LHR,ORD,PZ9
2026-06-14,1 day ago,UA3458,Embraer E175,CMH,EWR,PZ2
2026-06-14,1 day ago,UA3416,Embraer E175,CMH,EWR,PZ3
2026-06-09,17 hours ago,UA135,Boeing 767-300,ZRH,EWR,PZ9
2026-05-08,1 day ago,UA1846,Boeing 737-800,LAX,SLC,PZ7
2026-05-08,1 day ago,UA5397,Embraer E175,LAX,SLC,PZ4
2026-05-07,4 hours ago,UA1628,Boeing 737 Max 9,MBJ,EWR,PZ7
2026-05-31,4 days ago,UA3458,Embraer E175,CMH,EWR,PZ3
2026-05-22,1 day ago,UA5526,Embraer E175,LAX,SLC,PZ2
2026-05-09,1 day ago,UA5397,Embraer E175,LAX,SLC,PZ7
2026-11-08,1 day ago,UA445,Boeing 737-800,ORD,MCI,PZ1
2026-05-31,4 days ago,UA3467,Embraer E175,CMH,EWR,PZ3
2026-12-30,2 days ago,UA5753,Embraer E175,SFO,SLC,PZ1
2026-05-26,1 day ago,UA3458,Embraer E175,CMH,EWR,PZ2
2026-06-29,1 day ago,UA5744,Embraer E175,LAX,SLC,PZ1
2026-06-13,1 day ago,UA2161,Boeing 737-900,IAH,BOS,PZ3
2026-05-16,4 days ago,UA1615,Boeing 737-800,DEN,CVG,PZ2
2026-05-23,4 days ago,UA1615,Boeing 737-900,DEN,CVG,PZ1
2026-06-21,3 days ago,UA152,Boeing 787-9 Dreamliner,HKG,SGN,PZ9
2026-05-29,8 hours ago,UA3419,Embraer E175,EWR,GRR,PZ1
2026-05-29,8 hours ago,UA3486,Embraer E175,EWR,GRR,PZ1
2026-05-08,4 days ago,UA827,Boeing 737-800,NRT,GUM,PZ1
2026-05-09,2 days ago,UA848,Boeing 737-800,HND,GUM,PZ9
2026-05-07,4 days ago,UA848,Boeing 737-800,HND,GUM,PZ9
2026-05-14,3 days ago,UA32,Boeing 737-800,NRT,CEB,PZ9
2026-05-27,2 days ago,UA3482,Embraer E175,MSN,EWR,PZ2
2026-05-24,5 hours ago,UA1033,Boeing 737-900,PTY,IAH,PZ6
2026-06-14,2 days ago,UA1635,Boeing 737-900,SEA,LAX,PZ3
2026-05-09,12 hours ago,UA3483,Embraer E175,EWR,ROC,PZ1
2026-05-13,1 day ago,UA6288,Embraer E175,IAH,MLM,PZ9
2026-09-21,3 days ago,UA201,Boeing 777-300ER,HNL,GUM,PZ5
2026-05-07,1 day ago,UA6267,Embraer E175,IAH,TAM,PZ9
2026-06-05,1 day ago,UA6267,Embraer E175,IAH,TAM,PZ6
2026-12-08,3 days ago,UA5238,Embraer E175,AGU,IAH,PZ2
2026-05-31,1 day ago,UA6267,Embraer E175,IAH,TAM,PZ9
2026-07-17,20 hours ago,UA151,Boeing 737-800,GUM,KIX,PZ4
2026-11-25,4 hours ago,UA109,Boeing 787-8 Dreamliner,MUC,IAD,PZ1
2026-05-30,1 day ago,UA6267,Embraer E175,IAH,TAM,PZ9
2026-05-08,5 hours ago,UA341,Airbus A320,LAX,AUS,PZ1
2026-05-24,9 hours ago,UA3719,Embraer E175,EWR,STL,PZ3
2026-05-22,4 days ago,UA822,Airbus A319,MEX,SFO,PZ7
2026-05-08,11 hours ago,UA2291,Boeing 737 MAX 9,EWR,SAV,PZ9
2026-06-20,1 day ago,UA5958,Bombardier CRJ550,ORD,STL,PZ1
2026-06-20,1 day ago,UA4472,Bombardier CRJ550,ORD,STL,PZ1
2026-05-18,5 hours ago,UA5761,Embraer E175,MSN,DEN,PZ3
2026-05-07,1 day ago,UA1514,Boeing 737 MAX 9,EWR,PUJ,PZ9
2026-05-15,1 day ago,UA382,Boeing 737-800,SFO,PHX,PZ1
2026-07-28,6 hours ago,UA123,Boeing 787-9 Dreamliner,LHR,EWR,PZ9
2026-05-21,1 day ago,UA5329,Embraer E175,LAX,FAT,PZ4
2026-05-24,1 day ago,UA5329,Embraer E175,LAX,FAT,PZ1
2026-05-24,1 day ago,UA5299,Embraer E175,LAX,FAT,PZ1
2026-08-14,7 hours ago,UA189,Boeing 777-300ER,SFO,MNL,PZ4
2026-06-12,2 days ago,UA2053,Airbus A319,ATL,EWR,PZ3
2026-06-10,2 days ago,UA1287,Airbus A319,EWR,ATL,PZ1
2026-06-03,10 hours ago,UA1481,Boeing 737-800,DEN,PHX,PZ3
2026-07-25,3 days ago,UA2245,Boeing 737-900,IAH,MCO,PZ2
2026-11-15,3 days ago,UA5237,Embraer E175,IAH,AGU,PZ2
2026-05-11,2 hours ago,UA809,Boeing 777-300ER,SFO,MNL,PZ8
2026-05-06,2 hours ago,UA5657,Embraer E175,SEA,LAX,PZ1
2026-05-26,4 days ago,UA1618,Boeing 737 MAX 9,IAD,CUN,PZ1
2026-05-10,4 days ago,UA1023,Boeing 737-800,ORD,CMH,PZ2
2026-05-10,4 days ago,UA3624,Embraer E175,ORD,CMH,PZ4
2026-05-11,1 day ago,UA6043,Embraer E175,SFO,SAT,PZ2
2026-05-15,1 day ago,UA5381,Embraer E175,SFO,SAT,PZ2
2026-06-03,13 hours ago,UA71,Boeing 777-200,AMS,EWR,PZ9
2026-05-24,1 day ago,UA6288,Embraer E175,IAH,MLM,PZ9
2026-06-08,1 day ago,UA6288,Embraer E175,IAH,MLM,PZ6
2026-05-30,4 days ago,UA1038,Boeing 737-900,CLE,CUN,PZ1
2026-05-10,2 days ago,UA1269,Airbus A320,ORD,BWI,PZ2
2026-08-17,3 days ago,UA6288,Embraer E175,IAH,MLM,PZ5
2026-06-14,1 day ago,UA6289,Embraer E175,MLM,IAH,PZ3
2026-05-25,1 day ago,UA6288,Embraer E175,IAH,MLM,PZ9
2026-05-05,4 days ago,UA4065,Embraer E175,CMH,IAH,PZ1
2026-05-05,4 days ago,UA2205,Airbus A319,CMH,IAH,PZ2
2026-11-26,1 day ago,UA4569,Bombardier CRJ550,EWR,GSO,PZ1
2026-05-20,4 days ago,UA2205,Airbus A319,CMH,IAH,PZ1
2026-05-11,8 hours ago,UA5603,Embraer E175,ORD,BWI,PZ3
2026-05-20,1 day ago,UA6288,Embraer E175,IAH,MLM,PZ9
2026-05-16,4 days ago,UA4065,Embraer E175,CMH,IAH,PZ3
2026-05-12,4 days ago,UA1929,Airbus A319,MSP,ORD,PZ4
2026-05-12,4 days ago,UA307,Boeing 737-900,MSP,ORD,PZ7
2026-10-20,1 day ago,UA6132,Embraer E175,CLT,IAD,PZ2
2026-10-20,1 day ago,UA3998,Embraer E175,CLT,IAD,PZ1
2026-05-12,4 days ago,UA1531,Boeing 737-900,MSP,ORD,PZ2
2026-09-10,1 day ago,UA905,Boeing 777-200,LHR,EWR,PZ9
2026-05-17,4 days ago,UA758,Boeing 737-800,MSP,ORD,PZ4
2026-05-17,4 days ago,UA658,Boeing 737-700,MSP,ORD,PZ4
2026-05-17,4 days ago,UA1237,Airbus A320,MSP,ORD,PZ6
2026-05-15,7 hours ago,UA6296,Embraer E175,RDU,IAH,PZ1
2026-08-20,7 hours ago,UA941,Boeing 767-300,LHR,EWR,PZ9
2026-05-09,11 hours ago,UA5253,Embraer E175,MSP,ORD,PZ5
2026-05-10,11 hours ago,UA1929,Boeing 737-900,MSP,ORD,PZ6
2026-05-10,11 hours ago,UA307,Boeing 737 MAX 9,MSP,ORD,PZ9
2026-10-04,2 hours ago,UA1675,Boeing 737 MAX 8,IAH,MDE,PZ2
2026-05-06,11 hours ago,UA5253,Embraer E175,MSP,ORD,PZ1
2026-05-15,4 days ago,UA4065,Embraer E175,CMH,IAH,PZ2
2026-05-24,4 days ago,UA1929,Boeing 737-900,MSP,ORD,PZ3
2026-06-13,1 day ago,UA3604,Embraer E175,YOW,EWR,PZ2
2026-05-24,4 days ago,UA307,Boeing 737 MAX 8,MSP,ORD,PZ4
2026-05-24,4 days ago,UA758,Boeing 737-900,MSP,ORD,PZ3
2026-06-03,1 day ago,UA6288,Embraer E175,IAH,MLM,PZ6
2026-05-29,1 day ago,UA6288,Embraer E175,IAH,MLM,PZ9
2026-05-26,4 days ago,UA1358,Boeing 737 MAX 9,ORD,MIA,PZ5
2026-09-29,3 days ago,UA3412,Embraer E175,EWR,DTW,PZ1
2026-06-28,1 day ago,UA2771,Boeing 737-800,CLT,ORD,PZ1
2026-05-23,11 hours ago,UA4772,Bombardier CRJ550,ORD,TVC,PZ2
2026-05-23,4 hours ago,UA1864,Boeing 737 MAX 9,MIA,EWR,PZ4
2026-07-26,4 hours ago,UA30,Boeing 767-300,EWR,MUC,PZ9
2026-07-05,2 days ago,UA1689,Boeing 737-900,ORD,IAD,PZ1
2026-06-08,4 days ago,UA1896,Boeing 737-800,PDX,SFO,PZ3
2026-05-05,1 day ago,UA6288,Embraer E175,IAH,MLM,PZ8
2026-12-31,3 days ago,UA6288,Embraer E175,IAH,MLM,PZ2
2026-10-04,15 hours ago,UA1163,Boeing 737 MAX 9,IAH,MBJ,PZ3
2026-06-20,8 hours ago,UA3413,Embraer E175,IAD,LGA,PZ1
2026-05-23,4 days ago,UA4393,Bombardier CRJ550,CMH,ORD,PZ2
2026-05-09,1 day ago,UA3497,Embraer E175,IAD,LGA,PZ7
2026-05-19,4 days ago,UA442,Airbus A319,CMH,ORD,PZ1
2026-06-20,13 hours ago,UA6137,Embraer E175,IAD,DTW,PZ1
2026-09-30,1 day ago,UA1381,Boeing 737 MAX 8,IAH,ABQ,PZ3
2026-05-30,2 hours ago,UA2279,Boeing 737 MAX 8,SFO,SEA,PZ2
2026-06-20,8 hours ago,UA6116,Embraer E175,IAD,LGA,PZ1
2026-06-20,8 hours ago,UA3698,Embraer E175,IAD,LGA,PZ1
2026-05-10,4 days ago,UA3524,Embraer E175,CMH,ORD,PZ5
2026-05-10,5 hours ago,UA5597,Embraer E175,ORD,DTW,PZ2
2026-05-07,4 days ago,UA3480,Embraer E175,CMH,EWR,PZ2
2026-06-16,1 day ago,UA417,Boeing 737-900,IAH,LAX,PZ2
2026-12-03,3 days ago,UA6289,Embraer E175,MLM,IAH,PZ2
2026-06-16,3 days ago,UA6362,Embraer E175,DTW,IAD,PZ1
2026-05-27,4 days ago,UA3710,Embraer E175,CMH,EWR,PZ1
2026-05-10,5 hours ago,UA3465,Embraer E175,ORD,DTW,PZ4
2026-09-02,8 hours ago,UA852,Boeing 777-200,TPE,SFO,PZ1
2026-05-06,4 days ago,UA3457,Embraer E175,CMH,EWR,PZ2
2026-05-18,1 day ago,UA1077,Airbus A320,ORD,DCA,PZ1
2026-12-30,22 hours ago,UA934,Boeing 767-300,EWR,LHR,PZ4
2026-05-07,2 days ago,UA5635,Embraer E175,BWI,ORD,PZ6
2027-03-09,1 day ago,UA980,Boeing 767-300,ORD,DUB,PZ1
2026-12-11,3 days ago,UA6289,Embraer E175,MLM,IAH,PZ2
2026-06-24,2 days ago,UA299,Airbus A319,ATL,EWR,PZ1
2026-05-11,3 hours ago,UA5992,Embraer E175,CLT,ORD,PZ4
2026-07-14,9 hours ago,UA2681,Boeing 737 MAX 8,SFO,YUL,PZ9
2026-05-24,1 day ago,UA745,Airbus A319,ATL,ORD,PZ2
2026-05-06,1 day ago,UA6289,Embraer E175,MLM,IAH,PZ8
2026-05-06,4 days ago,UA4489,Bombardier CRJ550,IAD,CAE,PZ4
2026-08-18,4 days ago,UA17,Boeing 767-300,LHR,EWR,PZ9
2026-11-04,1 day ago,UA5988,Embraer E175,ABQ,DEN,PZ1
2026-05-05,2 days ago,UA1644,Boeing 737-900ER,SJU,IAH,PZ6
2026-05-08,3 hours ago,UA4167,Bombardier CRJ550,DCA,EWR,PZ3
2026-05-16,1 day ago,UA3488,Embraer E175,DCA,ORD,PZ3
2026-05-19,1 day ago,UA6289,Embraer E175,MLM,IAH,PZ9
2026-06-11,1 day ago,UA6289,Embraer E175,MLM,IAH,PZ6
2026-06-06,1 day ago,UA6289,Embraer E175,MLM,IAH,PZ6
2026-05-10,1 day ago,UA441,Airbus A319,DCA,ORD,PZ4
2026-05-07,13 hours ago,UA642,Boeing 737-900ER,MCO,EWR,PZ3
2026-05-29,1 day ago,UA6289,Embraer E175,MLM,IAH,PZ9
2026-12-10,3 days ago,UA5238,Embraer E175,AGU,IAH,PZ2
2026-06-06,1 day ago,UA278,Boeing 737 MAX 8,EWR,BOG,PZ6
2027-01-19,3 days ago,UA6154,Embraer E175,IAH,AGU,PZ1
2026-06-10,4 days ago,UA951,Boeing 777-300ER,BRU,IAD,PZ9
2026-05-16,3 days ago,UA1059,Boeing 737-900,CUN,IAH,PZ9
2026-07-10,5 hours ago,UA5753,Embraer E175,SFO,SLC,PZ1
2026-05-27,10 hours ago,UA2615,Boeing 737-800,LAS,SFO,PZ2
2026-09-10,1 day ago,UA2077,Boeing 737-800,EUG,SFO,PZ1
2026-05-23,6 hours ago,UA1267,Boeing 737-900,LAS,SFO,PZ4
2026-05-29,6 hours ago,UA905,Boeing 777-200,LHR,EWR,PZ9
2026-05-23,1 day ago,UA356,Boeing 737-800,ORD,ATL,PZ6
2026-07-07,3 days ago,UA2191,Boeing 737-900,LAX,YVR,PZ9
2026-05-15,2 days ago,UA424,Airbus A320,AUS,LAX,PZ2
2026-06-02,1 day ago,UA71,Boeing 777-200,AMS,EWR,PZ9
2026-06-03,1 day ago,UA6237,Embraer E175,IAH,AGU,PZ6
2026-05-15,2 days ago,UA3658,Embraer E175,EWR,GRR,PZ5
2026-05-09,4 days ago,UA3492,Embraer E175,EWR,CMH,PZ5
2026-05-12,4 days ago,UA3492,Embraer E175,EWR,CMH,PZ1
2026-05-16,4 days ago,UA3692,Embraer E175,EWR,CMH,PZ4
2027-03-17,2 days ago,UA21,Boeing 767-300,AMS,IAH,PZ1
2026-05-21,4 days ago,UA675,Airbus A320,ORD,CMH,PZ2
2026-05-08,4 hours ago,UA4523,Bombardier CRJ550,TUL,ORD,PZ3
2026-08-10,3 days ago,UA6288,Embraer E175,IAH,MLM,PZ5
2026-05-08,4 days ago,UA1023,Boeing 737-800,ORD,CMH,PZ2
2026-05-24,4 days ago,UA2849,Boeing 737-800,ORD,CMH,PZ2
2026-05-18,4 days ago,UA1023,Airbus A319,ORD,CMH,PZ4
2026-05-18,2 hours ago,UA17,Boeing 767-300,LHR,EWR,PZ5
2026-05-27,1 day ago,UA6288,Embraer E175,IAH,MLM,PZ9
2026-09-08,5 hours ago,UA921,Boeing 767-300,LHR,EWR,PZ9
2027-01-01,3 days ago,UA6288,Embraer E175,IAH,MLM,PZ2
2026-05-09,1 day ago,UA5381,Embraer E175,SFO,SAT,PZ2
2026-05-28,1 day ago,UA1269,Airbus A320,ORD,BWI,PZ3
2026-05-09,4 days ago,UA3993,Embraer E175,IAD,CMH,PZ6
2026-06-16,3 days ago,UA5730,Embraer E175,DEN,JAC,PZ1
2026-09-09,3 days ago,UA995,Boeing 787-10 Dreamliner,BRU,EWR,PZ9
2026-05-28,1 day ago,UA303,Boeing 737 MAX 9,ORD,BWI,PZ3
2026-05-27,4 days ago,UA4076,Embraer E175,IAD,CMH,PZ2
2026-05-27,4 days ago,UA4070,Embraer E175,IAD,CMH,PZ2
2026-05-11,3 days ago,UA1020,Boeing 737 MAX 9,IAH,CUN,PZ9
2026-11-21,1 day ago,UA2661,Boeing 737 MAX 9,SFO,ONT,PZ2
2026-05-07,4 days ago,UA1548,Airbus A319,IAD,CMH,PZ2
2026-05-07,4 days ago,UA3646,Embraer E175,IAD,CMH,PZ1
2026-06-07,1 day ago,UA6288,Embraer E175,IAH,MLM,PZ6
2026-06-11,1 day ago,UA5744,Embraer E175,LAX,SLC,PZ1
2026-05-09,1 day ago,UA2387,Boeing 737 MAX 9,EWR,LAS,PZ5
2026-06-17,2 days ago,UA3995,Embraer E175,IAD,DTW,PZ2
2026-05-25,4 days ago,UA4393,Bombardier CRJ550,CMH,ORD,PZ2
2026-10-09,4 hours ago,UA5590,Embraer E175,SFO,SLC,PZ1
2026-07-27,2 days ago,UA1703,Boeing 737 MAX 9,PTY,EWR,PZ4
2026-05-13,4 days ago,UA3524,Embraer E175,CMH,ORD,PZ6
2026-05-13,4 days ago,UA204,Boeing 737-800,CMH,ORD,PZ4
2026-05-12,4 days ago,UA3520,Embraer E175,CMH,ORD,PZ1
2026-08-01,1 day ago,UA1381,Boeing 737-800,IAH,ABQ,PZ3
2026-08-08,1 day ago,UA189,Boeing 777-300ER,SFO,MNL,PZ1
2026-08-15,1 day ago,UA1381,Boeing 737-800,IAH,ABQ,PZ3
2026-12-20,3 days ago,UA6289,Embraer E175,MLM,IAH,PZ1
2026-05-12,20 hours ago,UA316,Boeing 757-200,DUB,EWR,PZ9
2026-05-09,1 day ago,UA4526,Bombardier CRJ550,ORD,SDF,PZ3
2026-05-06,4 days ago,UA3524,Embraer E175,CMH,ORD,PZ4
2026-06-10,4 days ago,UA837,Boeing 737-800,NRT,KHH,PZ3
2026-05-09,1 day ago,UA5249,Bombardier CRJ550,ORD,SDF,PZ6
2026-05-09,1 day ago,UA4614,Bombardier CRJ550,ORD,SDF,PZ4
2026-05-10,2 days ago,UA1077,Boeing 737-800,ORD,DCA,PZ8
2026-05-10,2 days ago,UA1892,Boeing 737-800,ORD,DCA,PZ2
2026-05-12,3 hours ago,UA861,Boeing 767-400ER,IAD,GRU,PZ1
2026-05-16,4 days ago,UA442,Boeing 737-800,CMH,ORD,PZ5
2026-06-13,3 days ago,UA3413,Embraer E175,IAD,LGA,PZ1
2026-05-05,4 days ago,UA3492,Embraer E175,CMH,ORD,PZ2
2026-06-04,1 day ago,UA2135,Boeing 737-800,ORD,DTW,PZ3
2026-12-13,3 days ago,UA6289,Embraer E175,MLM,IAH,PZ2
2026-06-04,1 day ago,UA5756,Embraer E175,ORD,DTW,PZ3
2026-05-17,1 day ago,UA1846,Boeing 737-800,LAX,SLC,PZ4
2026-05-11,4 hours ago,UA838,Boeing 777-300ER,NRT,SFO,PZ9
2026-06-05,1 day ago,UA1150,Boeing 737 MAX 9,ORD,DTW,PZ4
2026-12-24,3 days ago,UA6289,Embraer E175,MLM,IAH,PZ2
2026-07-25,1 day ago,UA1603,Boeing 737 MAX 8,SFO,ATL,PZ1
2026-05-24,1 day ago,UA6237,Embraer E175,IAH,AGU,PZ2
2026-05-17,7 hours ago,UA311,Boeing 757-200,DUB,IAD,PZ9
2026-12-10,3 days ago,UA6289,Embraer E175,MLM,IAH,PZ2
2026-07-04,3 hours ago,UA189,Boeing 777-300ER,SFO,MNL,PZ2
2026-05-10,1 day ago,UA6289,Embraer E175,MLM,IAH,PZ9
2026-09-19,1 day ago,UA5446,Embraer E175,ABQ,DEN,PZ2
2026-05-05,6 hours ago,UA17,Boeing 767-300,LHR,EWR,PZ9
2026-05-30,1 day ago,UA2753,Boeing 737-800,LAS,IAH,PZ1
2026-11-25,1 day ago,UA725,Airbus A319,ABQ,DEN,PZ1
2026-07-21,1 day ago,UA4652,Embraer E175,ABQ,DEN,PZ2
2026-05-21,1 day ago,UA6289,Embraer E175,MLM,IAH,PZ9
2027-01-21,13 hours ago,UA973,Boeing 787-10 Dreamliner,BRU,ORD,PZ5
2026-10-06,1 day ago,UA5446,Embraer E175,ABQ,DEN,PZ2
2026-05-06,11 hours ago,UA123,Boeing 787-9,LHR,EWR,PZ9
2026-06-18,3 days ago,UA6190,Embraer E175,DTW,IAD,PZ1
2027-02-02,1 day ago,UA725,Airbus A319,ABQ,DEN,PZ1
2026-12-09,3 days ago,UA6289,Embraer E175,MLM,IAH,PZ2
2026-07-26,4 days ago,UA1969,Boeing 737 MAX 9,MCI,EWR,PZ2
2026-12-08,1 day ago,UA5988,Embraer E175,ABQ,DEN,PZ2
2026-12-08,1 day ago,UA725,Airbus A319,ABQ,DEN,PZ1
2026-05-30,3 days ago,UA392,Boeing 737 MAX 9,EWR,PTY,PZ9
2026-12-02,3 days ago,UA6289,Embraer E175,MLM,IAH,PZ2
2026-05-08,1 day ago,UA654,Airbus A320,DCA,ORD,PZ3
2026-05-20,1 day ago,UA718,Airbus A320,MEX,SFO,PZ2
2026-05-19,1 day ago,UA822,Airbus A319,MEX,SFO,PZ7
2026-12-06,3 days ago,UA6289,Embraer E175,MLM,IAH,PZ2
2026-05-19,4 days ago,UA963,Boeing 767-300,BER,EWR,PZ9
2026-06-14,2 days ago,UA2647,Boeing 737 MAX 8,LAX,SFO,PZ1
2026-09-30,1 day ago,UA5446,Embraer E175,ABQ,DEN,PZ1
2026-08-29,1 day ago,UA5446,Embraer E175,ABQ,DEN,PZ2
2026-09-15,1 day ago,UA5446,Embraer E175,ABQ,DEN,PZ2
2026-05-15,1 day ago,UA2030,Boeing 737-900,RAP,DEN,PZ5
2026-05-11,1 day ago,UA1767,Boeing 737-800,RAP,DEN,PZ5
2026-05-23,4 days ago,UA822,Airbus A319,MEX,SFO,PZ8
2026-09-05,1 day ago,UA4628,Embraer E175,ABQ,DEN,PZ2
2026-09-05,1 day ago,UA5446,Embraer E175,ABQ,DEN,PZ2
2026-05-13,1 day ago,UA5884,Bombardier CRJ700,RAP,DEN,PZ2
2026-06-01,1 day ago,UA6289,Embraer E175,MLM,IAH,PZ9
2026-08-25,8 hours ago,UA973,Boeing 787-10 Dreamliner,BRU,ORD,PZ9
2026-05-09,2 days ago,UA2607,Boeing 737-900,MCO,EWR,PZ4
2026-05-08,1 day ago,UA6289,Embraer E175,MLM,IAH,PZ9
2026-05-19,4 days ago,UA3559,Embraer E175,YYZ,IAD,PZ2
2026-05-19,4 days ago,UA3466,Embraer E175,YYZ,IAD,PZ5
2026-05-05,3 days ago,UA4601,Bombardier CRJ550,STL,ORD,PZ2
2026-05-20,4 days ago,UA441,Airbus A319,DCA,ORD,PZ1
2026-05-18,6 hours ago,UA4798,Embraer E175,DEN,OMA,PZ2
2026-06-22,1 day ago,UA6289,Embraer E175,MLM,IAH,PZ4
2026-05-21,2 days ago,UA3423,Embraer E175,CVG,EWR,PZ5
2026-05-26,1 day ago,UA6154,Embraer E175,IAH,AGU,PZ1
2026-06-07,1 day ago,UA6154,Embraer E175,IAH,AGU,PZ5
2027-03-16,1 day ago,UA725,Airbus A319,ABQ,DEN,PZ2
2026-09-09,1 day ago,UA5446,Embraer E175,ABQ,DEN,PZ2
2026-06-21,1 day ago,UA6237,Embraer E175,IAH,AGU,PZ1
2026-07-20,1 day ago,UA5988,Embraer E175,ABQ,DEN,PZ1
2026-05-18,1 day ago,UA6237,Embraer E175,IAH,AGU,PZ3
2026-06-28,3 hours ago,UA3468,Embraer E175,CLT,EWR,PZ1
2026-10-15,1 day ago,UA5988,Embraer E175,ABQ,DEN,PZ1
2026-05-23,11 hours ago,UA2071,Boeing 737-700,ORD,TVC,PZ2
2026-05-23,11 hours ago,UA4449,Bombardier CRJ550,ORD,TVC,PZ1
2027-02-09,2 days ago,UA980,Boeing 767-300,ORD,DUB,PZ1
2026-05-17,4 days ago,UA1145,Boeing 737-900,SFO,CUN,PZ9
2026-06-27,3 hours ago,UA4680,Embraer E175,CLT,ORD,PZ2
2026-05-11,4 days ago,UA947,Boeing 767-300,AMS,IAD,PZ9
2026-05-10,11 hours ago,UA5370,Embraer E175,LAX,PHX,PZ1
2026-08-23,1 day ago,UA951,Boeing 777-300ER,BRU,IAD,PZ9
2026-07-07,1 day ago,UA2277,Boeing 737-900,ORD,IAD,PZ4
2026-05-10,3 hours ago,UA1995,Boeing 737 MAX 9,SFO,LAS,PZ3
2026-05-09,3 hours ago,UA751,Boeing 737 MAX 9,SFO,LAS,PZ3
2026-05-10,11 hours ago,UA5607,Embraer E175,LAX,PHX,PZ1
2026-05-26,4 days ago,UA4393,Bombardier CRJ550,CMH,ORD,PZ2
2026-05-16,1 day ago,UA6288,Embraer E175,IAH,MLM,PZ9
2026-05-13,4 hours ago,UA1268,Boeing 737-900,EWR,MCO,PZ4
2026-05-09,3 days ago,UA1764,Boeing 737 MAX 9,IAD,LAS,PZ8
2026-05-09,1 day ago,UA1032,Boeing 737 MAX 9,EWR,LAS,PZ3
2026-09-17,4 days ago,UA283,Boeing 737-900,EWR,MSP,PZ2
2026-05-21,4 days ago,UA3416,Embraer E175,CMH,EWR,PZ2
2026-05-08,15 hours ago,UA2725,Boeing 737-800,FLL,CLE,PZ7
2026-05-21,4 days ago,UA3467,Embraer E175,CMH,EWR,PZ1
2026-06-19,3 days ago,UA6190,Embraer E175,DTW,IAD,PZ1
2026-06-22,3 days ago,UA4055,Embraer E175,DTW,IAD,PZ1
2026-06-01,1 day ago,UA6267,Embraer E175,IAH,TAM,PZ3
2026-05-09,1 day ago,UA590,Boeing 737-800,BWI,ORD,PZ3
2026-08-14,3 days ago,UA6289,Embraer E175,MLM,IAH,PZ4
2026-05-16,4 days ago,UA3458,Embraer E175,CMH,EWR,PZ3
2026-07-21,1 day ago,UA3982,Embraer E175,IAH,ABQ,PZ1
2026-05-13,4 days ago,UA3458,Embraer E175,CMH,EWR,PZ2
2026-05-13,4 days ago,UA3596,Embraer E175,CMH,EWR,PZ5
2026-05-21,3 days ago,UA3413,Embraer E175,IAD,LGA,PZ3
2026-12-08,3 days ago,UA6289,Embraer E175,MLM,IAH,PZ2
2026-12-18,3 days ago,UA6289,Embraer E175,MLM,IAH,PZ2
2026-05-22,10 hours ago,UA6362,Embraer E175,DTW,IAD,PZ6
2027-02-17,13 hours ago,UA973,Boeing 787-10 Dreamliner,BRU,ORD,PZ6
2026-12-21,3 days ago,UA6289,Embraer E175,MLM,IAH,PZ2
2026-06-18,1 day ago,UA6289,Embraer E175,MLM,IAH,PZ6
2026-12-07,3 days ago,UA6289,Embraer E175,MLM,IAH,PZ2
2026-05-15,4 days ago,UA3418,Embraer E175,EWR,GSO,PZ4
2026-06-09,1 day ago,UA247,Airbus A319,MEM,ORD,PZ1
2026-05-16,1 day ago,UA2017,Boeing 737 MAX 9,LAS,IAH,PZ4
2026-06-12,3 days ago,UA4055,Embraer E175,DTW,IAD,PZ1
2026-06-11,3 days ago,UA6190,Embraer E175,DTW,IAD,PZ2
2026-06-11,3 days ago,UA6362,Embraer E175,DTW,IAD,PZ1
2026-05-23,3 days ago,UA3515,Embraer E175,IAD,YYZ,PZ1
2026-05-14,1 day ago,UA6289,Embraer E175,MLM,IAH,PZ9
2026-07-29,3 days ago,UA1058,Boeing 737 MAX 9,CUN,IAH,PZ9
2026-06-07,1 day ago,UA6289,Embraer E175,MLM,IAH,PZ6
2026-06-02,1 day ago,UA1767,Boeing 737 MAX 9,RAP,DEN,PZ2
2026-10-17,1 day ago,UA5446,Embraer E175,ABQ,DEN,PZ2
2026-05-11,1 day ago,UA5500,Embraer E175,RAP,ORD,PZ4
2026-06-02,1 day ago,UA6289,Embraer E175,MLM,IAH,PZ9
2026-06-04,1 day ago,UA6289,Embraer E175,MLM,IAH,PZ6
2026-05-22,1 day ago,UA6289,Embraer E175,MLM,IAH,PZ9
2026-06-10,1 day ago,UA6289,Embraer E175,MLM,IAH,PZ1
2026-06-17,1 day ago,UA6289,Embraer E175,MLM,IAH,PZ6
2026-07-21,1 day ago,UA1672,Boeing 737 MAX 9,LAS,ORD,PZ1
2026-05-23,1 day ago,UA6289,Embraer E175,MLM,IAH,PZ8
2026-05-28,1 day ago,UA1829,Airbus A320,RAP,DEN,PZ2
2026-05-25,1 day ago,UA1829,Airbus A320,RAP,DEN,PZ2
2026-08-22,4 days ago,UA1705,Boeing 737-700,ORD,DCA,PZ1
2026-08-09,3 days ago,UA30,Boeing 777-200,EWR,MUC,PZ9
2027-02-02,13 hours ago,UA973,Boeing 787-10 Dreamliner,BRU,ORD,PZ5
2026-05-20,1 day ago,UA6289,Embraer E175,MLM,IAH,PZ9
2026-05-05,1 day ago,UA6289,Embraer E175,MLM,IAH,PZ9
2026-08-04,17 hours ago,UA14,Boeing 777-200,EWR,LHR,PZ9
2026-05-27,1 day ago,UA1767,Boeing 737 MAX 9,RAP,DEN,PZ4
2026-06-21,1 day ago,UA6289,Embraer E175,MLM,IAH,PZ6
2026-06-28,1 day ago,UA6289,Embraer E175,MLM,IAH,PZ6
2026-08-18,1 day ago,UA1603,Boeing 737 MAX 8,SFO,ATL,PZ1
2026-05-23,1 day ago,UA1829,Airbus A320,RAP,DEN,PZ1
2026-05-23,1 day ago,UA5805,Bombardier CRJ550,RAP,DEN,PZ5
2026-05-12,1 day ago,UA5500,Embraer E175,RAP,ORD,PZ3
2026-09-02,1 day ago,UA5446,Embraer E175,ABQ,DEN,PZ2
2026-05-09,4 hours ago,UA779,Boeing 737 MAX 8,IAH,RDU,PZ6
2026-05-13,1 day ago,UA3451,Embraer E175,IND,EWR,PZ4
2026-06-25,1 day ago,UA6289,Embraer E175,MLM,IAH,PZ5
2026-05-13,1 day ago,UA5500,Embraer E175,RAP,ORD,PZ1
2026-05-18,1 day ago,UA5500,Embraer E175,RAP,ORD,PZ2
2027-02-16,13 hours ago,UA973,Boeing 787-10 Dreamliner,BRU,ORD,PZ6
2026-05-18,1 day ago,UA6289,Embraer E175,MLM,IAH,PZ9
2026-08-09,1 day ago,UA5988,Embraer E175,ABQ,DEN,PZ1
2026-05-16,1 day ago,UA2030,Boeing 737-900,RAP,DEN,PZ8
2026-05-06,1 day ago,UA2030,Boeing 737-900ER,RAP,DEN,PZ6
2026-05-11,1 day ago,UA6154,Embraer E175,IAH,AGU,PZ4
2026-05-06,1 day ago,UA5576,Embraer E175,RAP,DEN,PZ6
2026-05-25,1 day ago,UA6237,Embraer E175,IAH,AGU,PZ6
2026-08-25,1 day ago,UA5988,Embraer E175,ABQ,DEN,PZ2
2026-08-25,1 day ago,UA5446,Embraer E175,ABQ,DEN,PZ2
2026-05-15,1 day ago,UA6237,Embraer E175,IAH,AGU,PZ9
2026-07-13,12 hours ago,UA1185,Boeing 737-800,LAX,SJD,PZ1
2026-05-08,4 hours ago,UA153,Boeing 787-9 Dreamliner,SGN,LAX,PZ1
2026-08-15,1 day ago,UA4628,Embraer E175,ABQ,DEN,PZ1
2026-08-15,1 day ago,UA5446,Embraer E175,ABQ,DEN,PZ2
2026-05-26,1 day ago,UA6237,Embraer E175,IAH,AGU,PZ9
2026-09-14,1 day ago,UA5988,Embraer E175,ABQ,DEN,PZ1
2026-07-07,1 day ago,UA488,Boeing 737 MAX 8,BUR,SFO,PZ3
2026-05-15,5 hours ago,UA3656,Embraer E175,LGA,IAD,PZ3
2026-09-22,1 day ago,UA5988,Embraer E175,ABQ,DEN,PZ2
2026-09-22,1 day ago,UA5446,Embraer E175,ABQ,DEN,PZ2
2026-07-07,1 day ago,UA357,Airbus A320,BUR,SFO,PZ1
2026-05-10,1 day ago,UA6154,Embraer E175,IAH,AGU,PZ9
2026-07-21,1 day ago,UA659,Boeing 737-900,LAX,PHX,PZ4
2026-05-19,1 day ago,UA6237,Embraer E175,IAH,AGU,PZ9
2026-10-10,1 day ago,UA5988,Embraer E175,ABQ,DEN,PZ2
2026-06-14,15 hours ago,UA1896,Boeing 737-800,PDX,SFO,PZ1
2026-05-31,1 day ago,UA6154,Embraer E175,IAH,AGU,PZ9
2026-05-13,2 hours ago,UA3656,Embraer E175,LGA,IAD,PZ2
2026-08-08,1 day ago,UA4659,Embraer E175,ABQ,DEN,PZ2
2026-05-07,2 days ago,UA5800,Bombardier CRJ550,SCE,ORD,PZ3
2026-05-11,3 hours ago,UA994,Boeing 787-10 Dreamliner,EWR,BRU,PZ8
2026-05-21,2 days ago,UA2053,Airbus A319,ATL,EWR,PZ1
2026-10-14,1 day ago,UA5446,Embraer E175,ABQ,DEN,PZ2
2026-05-27,1 day ago,UA6154,Embraer E175,IAH,AGU,PZ9
2026-06-21,1 day ago,UA6267,Embraer E175,IAH,TAM,PZ5
2026-12-08,3 days ago,UA5073,Bombardier CRJ550,VCT,IAH,PZ9
2027-01-24,3 days ago,UA5073,Bombardier CRJ550,VCT,IAH,PZ8
2026-05-13,2 hours ago,UA189,Boeing 777-300ER,SFO,MNL,PZ9
2026-05-17,9 hours ago,UA945,Boeing 787-10 Dreamliner,FRA,ORD,PZ9
2026-10-28,1 day ago,UA5988,Embraer E175,ABQ,DEN,PZ1
2026-09-16,1 day ago,UA5446,Embraer E175,ABQ,DEN,PZ2
2026-05-05,4 hours ago,UA32,Boeing 787-9,LAX,NRT,PZ7
2026-12-21,3 days ago,UA5073,Bombardier CRJ550,VCT,IAH,PZ8
2027-01-23,1 day ago,UA1675,Boeing 737 MAX 8,IAH,MDE,PZ1
2026-06-09,1 day ago,UA6238,Embraer E175,AGU,IAH,PZ6
2027-01-01,3 days ago,UA5073,Bombardier CRJ550,VCT,IAH,PZ7
2026-05-09,2 days ago,UA2219,Boeing 737 MAX 9,SJU,EWR,PZ2
2026-11-28,3 days ago,UA5073,Bombardier CRJ550,VCT,IAH,PZ7
2026-07-05,1 day ago,UA4652,Embraer E175,ABQ,DEN,PZ1
2026-05-22,23 hours ago,UA3667,Embraer E175,EWR,CVG,PZ6
2026-11-20,3 days ago,UA5073,Bombardier CRJ550,VCT,IAH,PZ9
2026-11-10,3 days ago,UA5073,Bombardier CRJ550,VCT,IAH,PZ9
2026-09-05,2 days ago,UA4182,Bombardier CRJ550,LIT,ORD,PZ1
2027-01-06,3 days ago,UA5073,Bombardier CRJ550,VCT,IAH,PZ9
2026-05-07,2 days ago,UA2219,Boeing 737 MAX 9,SJU,EWR,PZ3
2026-09-17,7 hours ago,UA299,Boeing 737 MAX 9,ATL,EWR,PZ2
2026-10-03,1 day ago,UA5446,Embraer E175,ABQ,DEN,PZ2
2026-09-20,3 days ago,UA5073,Bombardier CRJ550,VCT,IAH,PZ9
2026-12-15,3 days ago,UA5073,Bombardier CRJ550,VCT,IAH,PZ9
2026-08-11,1 day ago,UA5487,Embraer E175,DEN,ABQ,PZ1
2026-07-30,1 day ago,UA659,Boeing 737-900,LAX,PHX,PZ2
2026-10-24,1 day ago,UA5487,Embraer E175,DEN,ABQ,PZ2
2026-05-12,3 hours ago,UA3618,Embraer E175,CLT,EWR,PZ4
2026-05-21,1 day ago,UA3446,Embraer E175,EWR,IND,PZ1
2026-09-20,1 day ago,UA5487,Embraer E175,DEN,ABQ,PZ1
2026-05-05,4 days ago,UA5349,Embraer E175,LAX,SMF,PZ5
2026-08-01,1 day ago,UA5487,Embraer E175,DEN,ABQ,PZ2
2026-08-15,6 hours ago,UA1366,Boeing 737-900,EWR,IAD,PZ1
2026-05-15,5 hours ago,UA1366,Boeing 737 MAX 8,EWR,IAD,PZ1
2026-07-28,1 day ago,UA1926,Boeing 737 MAX 8,PWM,IAD,PZ1
2026-08-17,1 day ago,UA4728,Embraer E175,DEN,ABQ,PZ1
2026-11-11,3 days ago,UA6268,Embraer E175,TAM,IAH,PZ2
2026-06-26,1 day ago,UA6268,Embraer E175,TAM,IAH,PZ6
2026-07-02,3 days ago,UA6268,Embraer E175,TAM,IAH,PZ5
2026-09-27,1 day ago,UA5487,Embraer E175,DEN,ABQ,PZ1
2026-07-10,1 day ago,UA691,Boeing 737-800,DEN,ABQ,PZ1
2026-05-19,4 days ago,UA3539,Embraer E175,IAD,YUL,PZ2
2026-05-18,4 days ago,UA3445,Embraer E175,IAD,YUL,PZ1
2026-05-27,4 days ago,UA3547,Embraer E175,IAD,YUL,PZ1
2026-06-08,3 hours ago,UA31,Boeing 767-300,MUC,EWR,PZ9
2026-05-30,4 days ago,UA212,Boeing 737 MAX 9,SFO,AUS,PZ5
2026-07-22,1 day ago,UA1077,Airbus A320,ORD,DCA,PZ1
2026-11-21,3 days ago,UA6268,Embraer E175,TAM,IAH,PZ2
2026-07-26,1 day ago,UA4652,Embraer E175,ABQ,DEN,PZ1
2026-06-03,1 day ago,UA6289,Embraer E175,MLM,IAH,PZ4
2026-05-21,1 day ago,UA5805,Bombardier CRJ550,RAP,DEN,PZ4
2026-05-26,1 day ago,UA6289,Embraer E175,MLM,IAH,PZ9
2026-05-10,1 day ago,UA1767,Boeing 737-800,RAP,DEN,PZ2
2026-09-26,1 day ago,UA5446,Embraer E175,ABQ,DEN,PZ2
2026-05-14,1 day ago,UA2030,Boeing 737-900,RAP,DEN,PZ8
2026-05-19,1 day ago,UA2030,Boeing 737-900,RAP,DEN,PZ6
2026-05-17,1 day ago,UA6289,Embraer E175,MLM,IAH,PZ9
2026-10-14,1 day ago,UA5988,Embraer E175,ABQ,DEN,PZ2
2026-05-27,1 day ago,UA6289,Embraer E175,MLM,IAH,PZ9
2026-07-06,1 day ago,UA4652,Embraer E175,ABQ,DEN,PZ1
2026-05-07,1 day ago,UA6289,Embraer E175,MLM,IAH,PZ7
2026-05-13,1 day ago,UA5788,Embraer E175,DEN,BOI,PZ4
2026-08-11,1 day ago,UA5446,Embraer E175,ABQ,DEN,PZ2
2026-06-05,1 day ago,UA6289,Embraer E175,MLM,IAH,PZ6
2026-05-28,1 day ago,UA6289,Embraer E175,MLM,IAH,PZ9
2026-05-07,1 day ago,UA5500,Embraer E175,RAP,ORD,PZ2
2027-02-18,13 hours ago,UA973,Boeing 787-10 Dreamliner,BRU,ORD,PZ4
2026-10-07,1 day ago,UA5446,Embraer E175,ABQ,DEN,PZ2
2026-08-04,4 days ago,UA3628,Embraer E175,MCI,IAD,PZ1
2026-06-02,1 day ago,UA6237,Embraer E175,IAH,AGU,PZ8
2026-05-24,8 hours ago,UA951,Boeing 777-300ER,BRU,IAD,PZ9
2026-09-18,3 days ago,UA5073,Bombardier CRJ550,IAH,VCT,PZ9
2026-05-13,1 day ago,UA6154,Embraer E175,IAH,AGU,PZ9
2026-05-09,2 hours ago,UA3535,Embraer E175,LGA,IAD,PZ3
2026-12-25,3 days ago,UA5073,Bombardier CRJ550,IAH,VCT,PZ8
2026-07-15,1 day ago,UA725,Boeing 737-800,ABQ,DEN,PZ3
2026-06-28,1 day ago,UA6267,Embraer E175,IAH,TAM,PZ1
2026-07-15,1 day ago,UA4652,Embraer E175,ABQ,DEN,PZ2
2026-05-17,1 day ago,UA6237,Embraer E175,IAH,AGU,PZ9
2026-12-05,3 days ago,UA5073,Bombardier CRJ550,IAH,VCT,PZ9
2026-09-01,1 day ago,UA621,Boeing 737 MAX 8,ABQ,DEN,PZ1
2026-09-01,1 day ago,UA5446,Embraer E175,ABQ,DEN,PZ2
2026-11-27,3 days ago,UA5073,Bombardier CRJ550,VCT,IAH,PZ8
2026-05-12,1 day ago,UA6237,Embraer E175,IAH,AGU,PZ9
2026-05-12,1 day ago,UA6154,Embraer E175,IAH,AGU,PZ9
2026-11-17,1 day ago,UA725,Airbus A319,ABQ,DEN,PZ2
2027-01-19,4 days ago,UA4034,Embraer E175,MCI,IAD,PZ1
2026-10-13,1 day ago,UA5988,Embraer E175,ABQ,DEN,PZ2
2026-10-13,1 day ago,UA5446,Embraer E175,ABQ,DEN,PZ1
2026-07-20,1 day ago,UA785,Airbus A319,ATL,ORD,PZ1
2026-11-22,3 days ago,UA5073,Bombardier CRJ550,VCT,IAH,PZ9
2026-07-17,1 day ago,UA725,Boeing 737-800,ABQ,DEN,PZ2
2026-08-18,1 day ago,UA5446,Embraer E175,ABQ,DEN,PZ2
2027-01-25,3 days ago,UA5073,Bombardier CRJ550,IAH,VCT,PZ9
2026-11-07,3 days ago,UA5073,Bombardier CRJ550,VCT,IAH,PZ9
2026-11-25,3 days ago,UA5073,Bombardier CRJ550,VCT,IAH,PZ9
2026-07-28,1 day ago,UA1481,Boeing 737-800,DEN,PHX,PZ2
2026-10-31,1 day ago,UA725,Airbus A319,ABQ,DEN,PZ2
2027-01-18,3 days ago,UA5073,Bombardier CRJ550,VCT,IAH,PZ9
2026-05-13,3 hours ago,UA819,Boeing 777-200,IAH,EZE,PZ9
2026-05-17,3 days ago,UA1366,Boeing 737 MAX 8,EWR,IAD,PZ1
2026-05-16,5 hours ago,UA1784,Boeing 737 MAX 9,EWR,IAD,PZ1
2026-09-06,2 days ago,UA5470,Embraer E175,ORD,GEG,PZ1
2026-11-26,4 hours ago,UA5623,Embraer E175,GEG,ORD,PZ1
2026-06-09,4 days ago,UA1973,Boeing 737-800,SFO,YVR,PZ4
2026-08-22,1 day ago,UA5988,Embraer E175,ABQ,DEN,PZ2
2026-08-22,1 day ago,UA4628,Embraer E175,ABQ,DEN,PZ1
2026-08-22,1 day ago,UA5446,Embraer E175,ABQ,DEN,PZ2
2026-07-07,1 day ago,UA4652,Embraer E175,ABQ,DEN,PZ2
2026-08-20,3 days ago,UA5073,Bombardier CRJ550,VCT,IAH,PZ9
2026-05-15,3 days ago,UA5994,Embraer E175,SBA,LAX,PZ4
2026-06-02,1 day ago,UA925,Boeing 777-200,LHR,IAD,PZ9
2026-09-10,1 day ago,UA5988,Embraer E175,ABQ,DEN,PZ1
2026-09-10,1 day ago,UA5446,Embraer E175,ABQ,DEN,PZ1
2026-08-19,1 day ago,UA5988,Embraer E175,ABQ,DEN,PZ1
2026-08-24,3 days ago,UA5073,Bombardier CRJ550,VCT,IAH,PZ9
2026-06-02,1 day ago,UA2682,Airbus A320,DFW,IAH,PZ2
2026-05-21,5 hours ago,UA1784,Boeing 737 MAX 9,EWR,IAD,PZ5
2026-07-04,3 days ago,UA6268,Embraer E175,TAM,IAH,PZ3
2026-05-23,1 day ago,UA301,Boeing 737 MAX 8,SFO,DEN,PZ4
2026-09-05,1 day ago,UA5487,Embraer E175,DEN,ABQ,PZ2
2027-01-26,4 hours ago,UA109,Boeing 787-8 Dreamliner,MUC,IAD,PZ2
2026-07-24,4 days ago,UA2244,Boeing 737-900,IAD,SAV,PZ1
2026-08-15,1 day ago,UA4718,Embraer E175,DEN,ABQ,PZ1
2027-03-24,4 hours ago,UA109,Boeing 787-8 Dreamliner,MUC,IAD,PZ2
2026-08-20,1 day ago,UA5487,Embraer E175,DEN,ABQ,PZ1
2026-06-03,2 days ago,UA3652,Embraer E175,DTW,EWR,PZ2
2027-02-24,4 hours ago,UA109,Boeing 787-8 Dreamliner,MUC,IAD,PZ4
2027-02-02,4 hours ago,UA109,Boeing 787-8 Dreamliner,MUC,IAD,PZ3
2026-05-25,1 day ago,UA2739,Airbus A319,IAD,ATL,PZ3
2026-05-18,2 hours ago,UA905,Boeing 777-200,LHR,EWR,PZ9
2026-10-31,3 days ago,UA6268,Embraer E175,TAM,IAH,PZ2
2026-12-09,3 days ago,UA6268,Embraer E175,TAM,IAH,PZ2
2026-07-28,1 day ago,UA484,Boeing 737 MAX 8,DEN,ABQ,PZ1
2026-07-28,1 day ago,UA5487,Embraer E175,DEN,ABQ,PZ2
2026-06-24,3 days ago,UA2292,Airbus A321neo,DEN,MCO,PZ1
2026-09-09,3 days ago,UA6268,Embraer E175,TAM,IAH,PZ2
2026-10-11,3 days ago,UA6268,Embraer E175,TAM,IAH,PZ2
2026-05-05,1 day ago,UA4446,Bombardier CRJ550,DCA,EWR,PZ1
2026-11-20,3 days ago,UA6268,Embraer E175,TAM,IAH,PZ2
2026-06-14,1 day ago,UA6268,Embraer E175,TAM,IAH,PZ6
2026-09-24,3 days ago,UA6268,Embraer E175,TAM,IAH,PZ5
2026-05-28,1 day ago,UA6268,Embraer E175,TAM,IAH,PZ9
2026-07-18,1 day ago,UA5487,Embraer E175,DEN,ABQ,PZ2
2026-12-10,3 days ago,UA6268,Embraer E175,TAM,IAH,PZ2
2026-12-08,3 days ago,UA6268,Embraer E175,TAM,IAH,PZ2
2026-09-23,1 day ago,UA5487,Embraer E175,DEN,ABQ,PZ1
2026-06-02,1 day ago,UA6268,Embraer E175,TAM,IAH,PZ9
2026-05-15,1 day ago,UA6268,Embraer E175,TAM,IAH,PZ9
2026-05-30,2 days ago,UA4049,Embraer E175,GSP,IAH,PZ1
2026-06-05,1 day ago,UA6268,Embraer E175,TAM,IAH,PZ6
2026-07-26,3 days ago,UA2009,Boeing 737 MAX 9,IAH,LIR,PZ8
2026-12-03,3 days ago,UA6268,Embraer E175,TAM,IAH,PZ2
2026-08-27,3 days ago,UA6268,Embraer E175,TAM,IAH,PZ3
2026-05-05,1 day ago,UA6268,Embraer E175,TAM,IAH,PZ5
2026-10-17,3 days ago,UA6268,Embraer E175,TAM,IAH,PZ2
2026-05-12,2 days ago,UA6127,Embraer E175,IAH,GSP,PZ3
2026-12-02,3 days ago,UA6268,Embraer E175,TAM,IAH,PZ2
2026-07-21,1 day ago,UA484,Boeing 737 MAX 8,DEN,ABQ,PZ3
2026-12-05,3 days ago,UA6268,Embraer E175,TAM,IAH,PZ2
2026-06-16,2 days ago,UA6140,Embraer E175,IAH,GSP,PZ1
2026-12-21,4 days ago,UA43,Boeing 777-300ER,FRA,EWR,PZ1
2026-08-29,1 day ago,UA4718,Embraer E175,DEN,ABQ,PZ1
2026-08-29,1 day ago,UA4728,Embraer E175,DEN,ABQ,PZ2
2026-09-19,1 day ago,UA4718,Embraer E175,DEN,ABQ,PZ1
2026-09-16,1 day ago,UA5487,Embraer E175,DEN,ABQ,PZ1
2026-11-18,3 days ago,UA5319,Embraer E175,ACA,IAH,PZ2
2026-05-15,5 hours ago,UA1572,Boeing 737-900,LAX,DEN,PZ2
2026-07-19,3 days ago,UA3517,Embraer E175,EWR,CLT,PZ1
2026-05-06,3 days ago,UA963,Boeing 767-300,BER,EWR,PZ9
2026-05-11,4 days ago,UA1572,Boeing 737-900,LAX,DEN,PZ5
2026-05-16,23 hours ago,UA947,Boeing 767-300,AMS,IAD,PZ9
2026-05-18,4 days ago,UA1572,Boeing 737-900,LAX,DEN,PZ3
2026-05-20,4 days ago,UA1686,Airbus A321neo,LAX,DEN,PZ1
2026-05-20,4 days ago,UA2610,Boeing 737-900,LAX,DEN,PZ1
2026-05-12,2 days ago,UA1572,Boeing 737 MAX 8,LAX,DEN,PZ6
2026-06-28,3 days ago,UA659,Boeing 737-900,LAX,PHX,PZ2
2026-12-20,3 days ago,UA5319,Embraer E175,ACA,IAH,PZ2
2026-11-07,1 day ago,UA5487,Embraer E175,DEN,ABQ,PZ1
2026-07-21,12 hours ago,UA838,Boeing 737-800,KHH,NRT,PZ2
2026-08-03,1 day ago,UA5988,Embraer E175,ABQ,DEN,PZ1
2026-07-13,1 day ago,UA725,Boeing 737-800,ABQ,DEN,PZ1
2026-09-05,1 day ago,UA2384,Boeing 737 MAX 9,SFO,PDX,PZ2
2026-05-08,1 day ago,UA6078,Bombardier CRJ550,VCT,IAH,PZ9
2026-05-07,4 hours ago,UA412,Airbus A319,SFO,MEX,PZ5
2026-05-18,2 days ago,UA838,Boeing 737-800,KHH,NRT,PZ7
2026-05-10,1 day ago,UA817,Airbus A320,SFO,MEX,PZ7
2026-07-10,1 day ago,UA4652,Embraer E175,ABQ,DEN,PZ1
2026-09-15,3 days ago,UA5073,Bombardier CRJ550,VCT,IAH,PZ9
2026-05-25,19 hours ago,UA838,Boeing 737-800,KHH,NRT,PZ6
2026-05-21,1 day ago,UA1030,Boeing 737 MAX 9,IAH,ATL,PZ4
2026-10-24,1 day ago,UA5446,Embraer E175,ABQ,DEN,PZ2
2026-08-06,8 hours ago,UA950,Boeing 777-300ER,IAD,BRU,PZ9
2027-01-08,3 days ago,UA5073,Bombardier CRJ550,VCT,IAH,PZ8
2026-09-11,3 days ago,UA5073,Bombardier CRJ550,VCT,IAH,PZ9
2026-12-09,3 days ago,UA5073,Bombardier CRJ550,VCT,IAH,PZ9
2026-06-16,3 days ago,UA5647,Embraer E175,SBA,LAX,PZ2
2026-09-24,1 day ago,UA5446,Embraer E175,ABQ,DEN,PZ1
2026-08-26,3 days ago,UA5073,Bombardier CRJ550,VCT,IAH,PZ9
2026-07-18,4 days ago,UA3628,Embraer E175,MCI,IAD,PZ1
2026-06-11,4 days ago,UA1734,Boeing 737 MAX 9,BOS,IAD,PZ5
2026-12-23,3 days ago,UA5073,Bombardier CRJ550,VCT,IAH,PZ8
2026-08-13,1 day ago,UA5993,Embraer E175,PVD,ORD,PZ1
2027-01-03,3 days ago,UA5073,Bombardier CRJ550,VCT,IAH,PZ7
2026-09-17,3 days ago,UA5073,Bombardier CRJ550,VCT,IAH,PZ9
2026-08-05,2 days ago,UA2029,Airbus A319,SEA,SFO,PZ2
2026-06-02,3 days ago,UA1734,Boeing 737 MAX 9,BOS,IAD,PZ2
2026-09-14,3 days ago,UA5073,Bombardier CRJ550,VCT,IAH,PZ9
2026-09-23,3 days ago,UA5073,Bombardier CRJ550,VCT,IAH,PZ9
2026-06-01,1 day ago,UA539,Boeing 737-800,DFW,IAH,PZ1
2026-12-11,3 days ago,UA5073,Bombardier CRJ550,VCT,IAH,PZ9
2026-06-01,1 day ago,UA2114,Boeing 737 MAX 9,DFW,IAH,PZ5
2027-01-07,3 days ago,UA5073,Bombardier CRJ550,VCT,IAH,PZ8
2026-12-26,3 days ago,UA5073,Bombardier CRJ550,VCT,IAH,PZ7
2026-06-06,3 days ago,UA1734,Boeing 737 MAX 9,BOS,IAD,PZ1
2026-06-03,1 day ago,UA2670,Boeing 737 MAX 9,DFW,IAH,PZ2
2026-08-27,3 days ago,UA5073,Bombardier CRJ550,VCT,IAH,PZ9
2026-06-09,4 days ago,UA1734,Boeing 737 MAX 9,BOS,IAD,PZ1
2026-06-10,4 days ago,UA1734,Boeing 737 MAX 9,BOS,IAD,PZ2
2026-12-17,3 days ago,UA5073,Bombardier CRJ550,VCT,IAH,PZ8
2026-11-13,3 days ago,UA5073,Bombardier CRJ550,VCT,IAH,PZ9
2026-07-04,5 hours ago,UA2666,Airbus A321neo,ORD,DEN,PZ2
2026-11-02,3 days ago,UA5073,Bombardier CRJ550,VCT,IAH,PZ9
2026-12-16,3 days ago,UA5073,Bombardier CRJ550,VCT,IAH,PZ8
2026-05-11,1 day ago,UA820,Boeing 787-9 Dreamliner,HKG,BKK,PZ9
2026-05-13,16 hours ago,UA1734,Boeing 737 MAX 9,BOS,IAD,PZ1
2026-05-11,2 days ago,UA2069,Boeing 737-800,IAH,CVG,PZ4
2026-08-16,3 days ago,UA5073,Bombardier CRJ550,VCT,IAH,PZ9
2026-06-06,1 day ago,UA1205,Boeing 737-900,RDU,EWR,PZ1
2026-06-04,2 days ago,UA2069,Boeing 737-800,IAH,CVG,PZ4
2027-01-04,3 days ago,UA5073,Bombardier CRJ550,VCT,IAH,PZ7
2026-05-06,2 days ago,UA6312,Embraer E175,IAH,CVG,PZ4
2026-05-17,2 days ago,UA818,Boeing 777-200,EZE,IAH,PZ9
2026-06-14,2 days ago,UA6312,Embraer E175,IAH,CVG,PZ3
2026-10-03,1 day ago,UA5487,Embraer E175,DEN,ABQ,PZ2
2026-10-25,3 days ago,UA5073,Bombardier CRJ550,VCT,IAH,PZ9
2026-08-29,3 days ago,UA5073,Bombardier CRJ550,VCT,IAH,PZ9
2026-05-30,2 days ago,UA1543,Boeing 737 MAX 9,EWR,SJU,PZ3
2026-05-08,2 days ago,UA1117,Airbus A320,IAH,DFW,PZ1
2026-09-11,9 hours ago,UA3477,Embraer E175,EWR,PIT,PZ1
2026-07-20,1 day ago,UA691,Boeing 737-800,DEN,ABQ,PZ1
2026-05-29,1 day ago,UA1635,Airbus A319,IAD,ATL,PZ1
2026-10-16,3 days ago,UA6268,Embraer E175,TAM,IAH,PZ2
2026-08-01,2 days ago,UA2616,Boeing 737 MAX 8,ORD,RDU,PZ3
2026-08-01,2 days ago,UA5926,Embraer E175,ORD,RDU,PZ1
2026-05-26,1 day ago,UA1635,Airbus A319,IAD,ATL,PZ2
2026-06-30,2 days ago,UA2442,Boeing 737-800,CVG,IAH,PZ3
2026-05-19,1 day ago,UA2081,Boeing 737-900,IAD,ATL,PZ9
2026-08-13,3 days ago,UA6268,Embraer E175,TAM,IAH,PZ5
2026-07-21,3 days ago,UA2100,Boeing 737 MAX 9,SEA,EWR,PZ2
2026-08-22,1 day ago,UA5487,Embraer E175,DEN,ABQ,PZ2
2026-08-22,1 day ago,UA4718,Embraer E175,DEN,ABQ,PZ2
2026-07-20,1 day ago,UA4760,Embraer E175,DEN,ABQ,PZ1
2026-12-04,3 days ago,UA6268,Embraer E175,TAM,IAH,PZ2
2026-07-10,1 day ago,UA2179,Boeing 737-900,SFO,LAX,PZ1
2026-07-04,1 day ago,UA3402,Embraer E175,EWR,MCI,PZ2
2026-11-06,3 days ago,UA6268,Embraer E175,TAM,IAH,PZ2
2026-06-13,1 day ago,UA6268,Embraer E175,TAM,IAH,PZ5
2026-10-29,3 days ago,UA6268,Embraer E175,TAM,IAH,PZ2
2026-06-24,1 day ago,UA6268,Embraer E175,TAM,IAH,PZ6
2026-05-12,1 day ago,UA6268,Embraer E175,TAM,IAH,PZ8
2026-10-15,3 days ago,UA6268,Embraer E175,TAM,IAH,PZ2
2026-07-09,3 days ago,UA6268,Embraer E175,TAM,IAH,PZ3
2026-10-20,1 day ago,UA5487,Embraer E175,DEN,ABQ,PZ1
2026-11-07,3 days ago,UA6268,Embraer E175,TAM,IAH,PZ2
2027-01-24,3 days ago,UA6268,Embraer E175,TAM,IAH,PZ2
2026-05-06,2 hours ago,UA938,Boeing 767-300,ORD,LHR,PZ6
2026-05-12,4 days ago,UA2427,Boeing 737-800,ORD,EUG,PZ2
2026-05-14,1 day ago,UA6268,Embraer E175,TAM,IAH,PZ9
2026-08-18,4 days ago,UA1218,Boeing 737-900,SEA,DEN,PZ2
2026-10-21,3 days ago,UA6268,Embraer E175,TAM,IAH,PZ2
2026-06-25,1 day ago,UA6268,Embraer E175,TAM,IAH,PZ4
2026-09-20,3 days ago,UA6268,Embraer E175,TAM,IAH,PZ5
2027-01-14,3 days ago,UA5073,Bombardier CRJ550,IAH,VCT,PZ8
2026-05-10,4 days ago,UA2427,Boeing 737-800,ORD,EUG,PZ2
2026-09-22,3 days ago,UA5073,Bombardier CRJ550,IAH,VCT,PZ8
2026-09-26,3 days ago,UA6268,Embraer E175,TAM,IAH,PZ5
2026-05-12,1 day ago,UA386,Boeing 767-400ER,DBV,EWR,PZ9
2026-06-30,6 hours ago,UA1663,Boeing 737 MAX 9,IAH,PHL,PZ2
2026-12-23,3 days ago,UA6268,Embraer E175,TAM,IAH,PZ2
2026-12-12,3 days ago,UA6268,Embraer E175,TAM,IAH,PZ2
2026-10-03,3 days ago,UA6268,Embraer E175,TAM,IAH,PZ2
2026-11-14,3 days ago,UA6268,Embraer E175,TAM,IAH,PZ2
2026-09-14,1 day ago,UA4718,Embraer E175,DEN,ABQ,PZ1
2026-05-30,3 days ago,UA571,Boeing 737-800,SFO,SNA,PZ3
2026-10-09,3 days ago,UA6268,Embraer E175,TAM,IAH,PZ1
2026-05-30,4 days ago,UA2144,Airbus A319,EUG,ORD,PZ3
2026-07-18,6 hours ago,UA1273,Boeing 737-900,DFW,SFO,PZ2
2026-07-01,2 days ago,UA1476,Airbus A320,OMA,ORD,PZ2
2026-07-21,2 days ago,UA1695,Boeing 737-900,DFW,ORD,PZ3
2026-11-06,3 days ago,UA5073,Bombardier CRJ550,IAH,VCT,PZ9
2026-12-25,3 days ago,UA5319,Embraer E175,ACA,IAH,PZ2
2026-05-23,4 days ago,UA2755,Airbus A321neo,LAX,DEN,PZ4
2026-06-11,7 hours ago,UA988,Boeing 777-300ER,FRA,IAD,PZ9
2026-08-27,4 days ago,UA945,Boeing 787-10 Dreamliner,FRA,ORD,PZ9
2026-05-25,1 day ago,UA928,Boeing 767-300,LHR,ORD,PZ9
2026-05-16,4 days ago,UA1572,Boeing 737-900,LAX,DEN,PZ5
2027-01-18,3 days ago,UA5073,Bombardier CRJ550,IAH,VCT,PZ9
2026-06-02,1 day ago,UA6238,Embraer E175,AGU,IAH,PZ9
2026-05-28,15 hours ago,UA925,Boeing 777-200,LHR,IAD,PZ9
2026-06-25,1 day ago,UA6238,Embraer E175,AGU,IAH,PZ6
2026-10-30,3 days ago,UA5073,Bombardier CRJ550,IAH,VCT,PZ9
2026-08-25,3 days ago,UA5073,Bombardier CRJ550,IAH,VCT,PZ9
2026-05-29,1 day ago,UA5073,Bombardier CRJ550,IAH,VCT,PZ9
2026-11-17,3 days ago,UA5073,Bombardier CRJ550,IAH,VCT,PZ9
2026-11-29,3 days ago,UA5073,Bombardier CRJ550,IAH,VCT,PZ7
2026-06-24,1 day ago,UA6238,Embraer E175,AGU,IAH,PZ3
2026-08-11,3 days ago,UA5073,Bombardier CRJ550,IAH,VCT,PZ9
2026-11-07,3 days ago,UA5073,Bombardier CRJ550,IAH,VCT,PZ9
2026-06-02,1 day ago,UA1829,Boeing 737 MAX 8,IAH,MIA,PZ4
2026-12-14,3 days ago,UA5073,Bombardier CRJ550,IAH,VCT,PZ9
2026-08-15,3 days ago,UA5073,Bombardier CRJ550,IAH,VCT,PZ9
2026-11-05,3 days ago,UA5073,Bombardier CRJ550,IAH,VCT,PZ9
2026-11-23,3 days ago,UA5073,Bombardier CRJ550,IAH,VCT,PZ9
2026-12-11,3 days ago,UA5073,Bombardier CRJ550,IAH,VCT,PZ9
2026-09-06,3 hours ago,UA4763,Embraer E175,SLC,SFO,PZ1
2026-10-28,3 days ago,UA5073,Bombardier CRJ550,IAH,VCT,PZ9
2026-08-12,3 days ago,UA5073,Bombardier CRJ550,IAH,VCT,PZ9
2027-01-19,3 days ago,UA5073,Bombardier CRJ550,IAH,VCT,PZ9
2026-07-02,1 day ago,UA5408,Embraer E175,SLC,LAX,PZ1
2026-05-30,1 day ago,UA6153,Embraer E175,AGU,IAH,PZ9
2026-11-28,3 days ago,UA5073,Bombardier CRJ550,IAH,VCT,PZ8
2026-12-01,3 days ago,UA5073,Bombardier CRJ550,IAH,VCT,PZ9
2026-08-08,1 day ago,UA3481,Embraer E175,EWR,CMH,PZ1
2026-05-07,1 day ago,UA5457,Embraer E175,SLC,SFO,PZ4
2026-05-20,1 day ago,UA6238,Embraer E175,AGU,IAH,PZ9
2026-05-20,1 day ago,UA6153,Embraer E175,AGU,IAH,PZ9
2026-09-23,3 days ago,UA5073,Bombardier CRJ550,IAH,VCT,PZ9
2026-05-16,2 days ago,UA2863,Boeing 737-900,IAH,MIA,PZ4
2026-12-03,3 days ago,UA5073,Bombardier CRJ550,IAH,VCT,PZ8
2026-11-03,3 days ago,UA5073,Bombardier CRJ550,IAH,VCT,PZ9
2026-12-28,3 days ago,UA5073,Bombardier CRJ550,IAH,VCT,PZ7
2026-06-07,1 day ago,UA6238,Embraer E175,AGU,IAH,PZ6
2026-06-07,1 day ago,UA6153,Embraer E175,AGU,IAH,PZ6
2026-08-31,3 days ago,UA5073,Bombardier CRJ550,IAH,VCT,PZ9
2026-05-13,1 day ago,UA6153,Embraer E175,AGU,IAH,PZ7
2026-06-05,1 day ago,UA6238,Embraer E175,AGU,IAH,PZ6
2026-12-16,3 days ago,UA5073,Bombardier CRJ550,IAH,VCT,PZ8
2026-10-26,3 days ago,UA5073,Bombardier CRJ550,IAH,VCT,PZ7
2026-08-16,3 days ago,UA5073,Bombardier CRJ550,IAH,VCT,PZ9
2026-10-27,3 days ago,UA5073,Bombardier CRJ550,IAH,VCT,PZ9
2027-01-17,3 days ago,UA5073,Bombardier CRJ550,IAH,VCT,PZ9
2026-08-17,3 days ago,UA5073,Bombardier CRJ550,IAH,VCT,PZ9
2026-05-26,1 day ago,UA6153,Embraer E175,AGU,IAH,PZ9
2026-12-30,3 days ago,UA5073,Bombardier CRJ550,IAH,VCT,PZ8
2026-11-14,3 days ago,UA5073,Bombardier CRJ550,IAH,VCT,PZ9
2026-05-30,3 days ago,UA6052,Embraer E175,PSP,SFO,PZ3
2026-05-06,1 day ago,UA6238,Embraer E175,AGU,IAH,PZ9
2026-06-07,4 days ago,UA660,Boeing 737-800,PHL,ORD,PZ2
2026-05-08,1 day ago,UA6238,Embraer E175,AGU,IAH,PZ9
2026-09-11,3 days ago,UA5073,Bombardier CRJ550,IAH,VCT,PZ9
2026-12-21,3 days ago,UA5073,Bombardier CRJ550,IAH,VCT,PZ8
2026-12-07,3 days ago,UA5073,Bombardier CRJ550,IAH,VCT,PZ9
2026-12-27,3 days ago,UA5073,Bombardier CRJ550,IAH,VCT,PZ8
2026-12-02,3 days ago,UA5073,Bombardier CRJ550,IAH,VCT,PZ9
2026-05-12,4 days ago,UA442,Boeing 737-700,CMH,ORD,PZ3
2026-05-17,1 day ago,UA6078,Bombardier CRJ550,VCT,IAH,PZ9
2026-12-24,4 days ago,UA2019,Boeing 737-900,LAX,SFO,PZ1
2026-09-02,1 day ago,UA959,Boeing 767-300,LHR,ORD,PZ9
2026-05-09,1 day ago,UA3487,Embraer E175,GSP,EWR,PZ6
2026-05-20,1 day ago,UA6078,Bombardier CRJ550,VCT,IAH,PZ9
2026-09-06,1 day ago,UA3718,Embraer E175,GRR,EWR,PZ1
2026-12-11,3 days ago,UA6268,Embraer E175,TAM,IAH,PZ2
2026-06-17,2 days ago,UA6139,Embraer E175,IAH,GSP,PZ1
2026-12-07,3 days ago,UA6268,Embraer E175,TAM,IAH,PZ2
2026-05-07,1 day ago,UA2865,Boeing 737-700,ORD,BNA,PZ2
2026-06-06,1 day ago,UA1448,Boeing 737-900,IAH,LAS,PZ1
2026-06-07,2 days ago,UA6140,Embraer E175,IAH,GSP,PZ1
2026-06-19,1 day ago,UA6268,Embraer E175,TAM,IAH,PZ5
2026-06-01,2 days ago,UA6140,Embraer E175,IAH,GSP,PZ1
2026-06-15,2 days ago,UA6140,Embraer E175,IAH,GSP,PZ3
2026-06-11,1 day ago,UA6268,Embraer E175,TAM,IAH,PZ6
2026-06-17,2 days ago,UA4049,Embraer E175,GSP,IAH,PZ1
2026-10-17,1 day ago,UA4728,Embraer E175,DEN,ABQ,PZ1
2026-07-08,1 day ago,UA4761,Embraer E175,DEN,ABQ,PZ1
2026-07-08,1 day ago,UA4760,Embraer E175,DEN,ABQ,PZ2
2026-09-18,3 days ago,UA6268,Embraer E175,TAM,IAH,PZ5
2026-12-06,3 days ago,UA6268,Embraer E175,TAM,IAH,PZ2
2026-05-19,4 days ago,UA2610,Boeing 737 MAX 9,LAX,DEN,PZ3
2026-05-19,4 days ago,UA1572,Boeing 737 MAX 8,LAX,DEN,PZ3
2026-05-28,3 days ago,UA2041,Airbus A320,MSP,DEN,PZ2
2026-05-19,4 days ago,UA703,Boeing 737-900,LAX,DEN,PZ2
2026-11-18,3 days ago,UA5073,Bombardier CRJ550,IAH,VCT,PZ9
2026-05-18,3 days ago,UA5440,Embraer E175,SFO,SNA,PZ3
2026-09-25,2 days ago,UA5753,Embraer E175,SFO,SLC,PZ1
2026-05-21,2 hours ago,UA643,Boeing 737 MAX 8,SFO,SNA,PZ2
2026-05-19,4 hours ago,UA844,Boeing 787-10 Dreamliner,GRU,ORD,PZ3
2026-10-20,1 day ago,UA2682,Boeing 737 MAX 8,DFW,IAH,PZ1
2026-05-19,4 days ago,UA2144,Boeing 737-800,EUG,ORD,PZ5
2026-06-01,1 day ago,UA5753,Embraer E175,SFO,SLC,PZ1
2026-08-04,1 day ago,UA659,Boeing 737-900,LAX,PHX,PZ4
2026-10-20,1 day ago,UA773,Boeing 737-800,DFW,DEN,PZ1
2026-06-16,20 hours ago,UA2409,Boeing 737 MAX 9,SFO,LAX,PZ6
2026-07-07,4 days ago,UA2127,Boeing 737 MAX 8,SFO,LAX,PZ3
2026-06-24,2 days ago,UA5876,Embraer E175,OAX,IAH,PZ6
2026-06-23,2 days ago,UA5876,Embraer E175,OAX,IAH,PZ6
2026-06-02,1 day ago,UA2017,Boeing 737-800,SFO,SLC,PZ3
2026-07-13,4 days ago,UA1198,Boeing 737-900,ORD,CUN,PZ7
2026-12-18,3 days ago,UA5319,Embraer E175,ACA,IAH,PZ1
2026-11-13,3 days ago,UA5073,Bombardier CRJ550,IAH,VCT,PZ9
2026-12-19,3 days ago,UA6221,Embraer E175,ACA,IAH,PZ1
2026-11-25,2 days ago,UA627,Boeing 767-300,RAK,EWR,PZ1
2026-05-05,8 hours ago,UA889,Boeing 777-222ER,PEK,SFO,PZ5
2026-06-16,4 days ago,UA2824,Airbus A319,PHL,ORD,PZ1
2026-11-24,3 days ago,UA5073,Bombardier CRJ550,IAH,VCT,PZ8
2026-08-29,3 days ago,UA5073,Bombardier CRJ550,IAH,VCT,PZ9
2026-08-22,3 days ago,UA5073,Bombardier CRJ550,IAH,VCT,PZ9
2026-06-15,4 days ago,UA1209,Boeing 737-800,PHL,ORD,PZ2
2026-12-31,3 days ago,UA5073,Bombardier CRJ550,IAH,VCT,PZ8
2026-08-28,3 days ago,UA5073,Bombardier CRJ550,IAH,VCT,PZ9
2026-09-10,3 days ago,UA5073,Bombardier CRJ550,IAH,VCT,PZ9
2026-12-10,3 days ago,UA5073,Bombardier CRJ550,IAH,VCT,PZ8
2026-12-15,3 days ago,UA5073,Bombardier CRJ550,IAH,VCT,PZ9
2026-11-02,3 days ago,UA5073,Bombardier CRJ550,IAH,VCT,PZ9
2026-08-29,3 days ago,UA5590,Embraer E175,LAX,MTJ,PZ2
2026-05-28,2 hours ago,UA127,Boeing 767-300,FCO,IAD,PZ9
2026-09-21,3 days ago,UA5073,Bombardier CRJ550,IAH,VCT,PZ9
2026-05-15,1 day ago,UA6238,Embraer E175,AGU,IAH,PZ9
2026-05-15,1 day ago,UA6153,Embraer E175,AGU,IAH,PZ9
2026-07-04,1 day ago,UA1163,Boeing 737 MAX 9,IAH,MBJ,PZ7
2026-11-09,3 days ago,UA5073,Bombardier CRJ550,IAH,VCT,PZ9
2026-06-19,1 day ago,UA6238,Embraer E175,AGU,IAH,PZ6
2026-05-24,1 day ago,UA6153,Embraer E175,AGU,IAH,PZ7
2026-06-06,1 day ago,UA6153,Embraer E175,AGU,IAH,PZ6
2027-01-22,3 days ago,UA5073,Bombardier CRJ550,IAH,VCT,PZ8
2026-05-27,4 days ago,UA1979,Boeing 737 MAX 9,EWR,TPA,PZ2
2026-05-22,1 day ago,UA6238,Embraer E175,AGU,IAH,PZ9
2026-05-22,1 day ago,UA6153,Embraer E175,AGU,IAH,PZ9
2027-01-11,3 days ago,UA5073,Bombardier CRJ550,IAH,VCT,PZ9
2026-05-14,1 day ago,UA6153,Embraer E175,AGU,IAH,PZ9
2026-08-20,3 days ago,UA5073,Bombardier CRJ550,IAH,VCT,PZ9
2027-01-02,3 days ago,UA5073,Bombardier CRJ550,IAH,VCT,PZ7
2027-01-10,3 days ago,UA5073,Bombardier CRJ550,IAH,VCT,PZ8
2026-05-25,3 days ago,UA4191,Bombardier CRJ550,EWR,CAE,PZ3
2027-01-04,3 days ago,UA5073,Bombardier CRJ550,IAH,VCT,PZ8
2026-06-09,1 day ago,UA2017,Boeing 737-800,SFO,SLC,PZ3
2026-10-03,1 day ago,UA637,Boeing 737 MAX 9,IAD,AUS,PZ2
2026-05-27,4 days ago,UA1904,Boeing 737-900,EWR,TPA,PZ1
2027-01-01,3 days ago,UA5073,Bombardier CRJ550,IAH,VCT,PZ8
2026-06-12,3 days ago,UA4191,Bombardier CRJ550,EWR,CAE,PZ2
2027-01-16,3 days ago,UA5073,Bombardier CRJ550,IAH,VCT,PZ8
2026-12-12,3 days ago,UA5073,Bombardier CRJ550,IAH,VCT,PZ9
2026-05-16,2 days ago,UA1401,Boeing 737-800,PHX,SFO,PZ4
2026-06-09,15 hours ago,UA123,Boeing 787-9 Dreamliner,LHR,EWR,PZ9
2026-05-07,1 day ago,UA6238,Embraer E175,AGU,IAH,PZ7
2026-05-23,10 hours ago,UA2132,Boeing 737 MAX 8,SMF,EWR,PZ2
2026-06-05,3 days ago,UA4191,Bombardier CRJ550,EWR,CAE,PZ3
2026-06-04,3 days ago,UA4191,Bombardier CRJ550,EWR,CAE,PZ2
2026-06-19,3 days ago,UA4191,Bombardier CRJ550,EWR,CAE,PZ1
2027-01-23,3 days ago,UA5073,Bombardier CRJ550,IAH,VCT,PZ8
2026-09-12,3 days ago,UA5073,Bombardier CRJ550,IAH,VCT,PZ9
2026-12-13,3 days ago,UA5073,Bombardier CRJ550,IAH,VCT,PZ8
2026-09-19,3 days ago,UA5073,Bombardier CRJ550,IAH,VCT,PZ9
2026-09-05,3 days ago,UA5073,Bombardier CRJ550,IAH,VCT,PZ9
2026-12-24,3 days ago,UA5073,Bombardier CRJ550,IAH,VCT,PZ8
2026-09-13,3 days ago,UA5073,Bombardier CRJ550,IAH,VCT,PZ9
2026-05-08,1 day ago,UA651,Airbus A321neo,EWR,ORD,PZ3
2027-03-26,13 hours ago,UA933,Boeing 777-200,FRA,IAD,PZ4
2026-05-12,2 days ago,UA1128,Boeing 737-900,EWR,MIA,PZ8
2026-05-12,4 days ago,UA2207,Boeing 737-900,PHL,ORD,PZ3
2026-05-16,3 hours ago,UA1007,Boeing 737-800,SFO,SEA,PZ1
2026-06-13,1 day ago,UA3637,Embraer E175,YYZ,IAD,PZ3
2026-05-14,1 day ago,UA5073,Bombardier CRJ550,IAH,VCT,PZ9
2026-09-09,1 day ago,UA3718,Embraer E175,GRR,EWR,PZ2
2026-08-27,1 day ago,UA3718,Embraer E175,GRR,EWR,PZ1
2026-05-20,1 day ago,UA5073,Bombardier CRJ550,IAH,VCT,PZ9
2026-05-18,1 day ago,UA5073,Bombardier CRJ550,IAH,VCT,PZ9
2026-05-24,1 day ago,UA5073,Bombardier CRJ550,IAH,VCT,PZ9
2026-06-08,1 day ago,UA3718,Embraer E175,GRR,EWR,PZ1
2026-08-05,1 day ago,UA3718,Embraer E175,GRR,EWR,PZ2
2026-07-11,1 day ago,UA3501,Embraer E175,GRR,EWR,PZ2
2026-09-15,1 day ago,UA3718,Embraer E175,GRR,EWR,PZ2
2026-05-10,1 day ago,UA660,Boeing 737 MAX 8,PHL,ORD,PZ5
2026-05-07,1 day ago,UA6078,Bombardier CRJ550,VCT,IAH,PZ9
2026-07-25,9 hours ago,UA123,Boeing 787-9 Dreamliner,LHR,EWR,PZ9
2026-06-10,8 hours ago,UA4398,Bombardier CRJ550,EWR,YOW,PZ1
2026-05-21,1 day ago,UA5073,Bombardier CRJ550,IAH,VCT,PZ9
2026-05-31,3 days ago,UA1189,Boeing 737-800,SFO,SJD,PZ5
2026-05-28,1 day ago,UA5073,Bombardier CRJ550,IAH,VCT,PZ9
2026-05-13,1 day ago,UA5073,Bombardier CRJ550,IAH,VCT,PZ9
2026-05-12,4 days ago,UA660,Boeing 737 MAX 8,PHL,ORD,PZ6
2026-05-11,4 days ago,UA2655,Boeing 737-800,PHL,ORD,PZ2
2026-07-28,4 hours ago,UA16,Boeing 767-300,EWR,LHR,PZ9
2026-07-28,4 hours ago,UA904,Boeing 767-300,EWR,LHR,PZ9
2027-01-30,3 days ago,UA873,Boeing 737 MAX 8,GUM,NRT,PZ1
2026-06-13,1 day ago,UA2785,Boeing 737-900,EWR,MIA,PZ4
2027-02-24,1 day ago,UA152,Boeing 787-9 Dreamliner,HKG,SGN,PZ9
2026-06-10,1 day ago,UA6221,Embraer E175,ACA,IAH,PZ6
2027-02-26,1 day ago,UA152,Boeing 787-9 Dreamliner,HKG,SGN,PZ9
2026-08-01,4 days ago,UA1998,Boeing 737-700,IAD,MSP,PZ1
2026-05-10,2 days ago,UA2861,Airbus A320,DEN,MSP,PZ4
2026-06-03,1 day ago,UA6221,Embraer E175,ACA,IAH,PZ6
2027-02-28,1 day ago,UA152,Boeing 787-9 Dreamliner,HKG,SGN,PZ9
2027-03-02,1 day ago,UA152,Boeing 787-9 Dreamliner,HKG,SGN,PZ9
2027-02-27,1 day ago,UA152,Boeing 787-9 Dreamliner,HKG,SGN,PZ9
2027-02-22,1 day ago,UA152,Boeing 787-9 Dreamliner,HKG,SGN,PZ9
2026-08-01,4 days ago,UA3995,Embraer E175,IAD,DTW,PZ2
2026-08-01,4 days ago,UA3495,Embraer E175,IAD,DTW,PZ2
2026-05-10,1 day ago,UA3487,Embraer E175,GSP,EWR,PZ3
2026-05-09,3 days ago,UA1171,Boeing 737 MAX 9,AUA,IAH,PZ5
2026-06-28,16 hours ago,UA873,Boeing 737-800,GUM,NRT,PZ5
2026-05-11,1 day ago,UA1405,Boeing 737-800,BZE,IAH,PZ6
2027-03-09,4 days ago,UA3436,Embraer E175,EWR,MCI,PZ2
2027-03-09,4 days ago,UA3604,Embraer E175,EWR,MCI,PZ2
2027-03-09,4 days ago,UA3588,Embraer E175,EWR,MCI,PZ2
2027-02-14,4 days ago,UA3436,Embraer E175,EWR,MCI,PZ1
2027-02-14,4 days ago,UA3604,Embraer E175,EWR,MCI,PZ1
2027-02-14,4 days ago,UA3588,Embraer E175,EWR,MCI,PZ1
2027-01-17,4 days ago,UA3604,Embraer E175,EWR,MCI,PZ1
2026-08-26,4 days ago,UA1399,Boeing 737 MAX 9,EWR,MCI,PZ4
2026-08-26,1 day ago,UA331,Boeing 767-400ER,CDG,IAD,PZ9
2026-12-09,4 days ago,UA3604,Embraer E175,EWR,MCI,PZ2
2026-05-22,23 hours ago,UA2677,Boeing 737 MAX 8,EWR,IAD,PZ1
2027-01-21,4 days ago,UA3436,Embraer E175,EWR,MCI,PZ1
2027-02-28,4 days ago,UA3604,Embraer E175,EWR,MCI,PZ1
2026-07-16,1 day ago,UA2487,Boeing 737-800,PHX,LAX,PZ1
2026-07-14,1 day ago,UA6019,Embraer E175,YYZ,ORD,PZ2
2026-08-21,4 days ago,UA1399,Boeing 737 MAX 9,EWR,MCI,PZ2
2026-11-01,3 hours ago,UA5970,Embraer E175,SLC,SFO,PZ1
2026-11-26,4 days ago,UA3604,Embraer E175,EWR,MCI,PZ1
2027-03-16,4 days ago,UA3588,Embraer E175,EWR,MCI,PZ2
2026-05-06,7 hours ago,UA34,Boeing 777-222B,KIX,SFO,PZ9
2026-08-20,4 days ago,UA1399,Boeing 737 MAX 9,EWR,MCI,PZ2
2027-03-06,4 days ago,UA3436,Embraer E175,EWR,MCI,PZ2
2026-06-14,9 hours ago,UA958,Boeing 767-300,LHR,ORD,PZ9
2026-07-23,4 days ago,UA1399,Boeing 737 MAX 8,EWR,MCI,PZ2
2026-05-23,1 day ago,UA2806,Airbus A321neo,ORD,DEN,PZ2
2027-02-13,4 days ago,UA3604,Embraer E175,EWR,MCI,PZ2
2026-05-22,16 hours ago,UA1626,Boeing 737 MAX 9,EWR,SAN,PZ4
2026-08-22,3 days ago,UA1619,Boeing 737 MAX 9,IAH,CUN,PZ4
2026-05-08,1 day ago,UA3445,Embraer E175,IAD,YUL,PZ4
2026-07-07,4 days ago,UA1399,Boeing 737 MAX 9,EWR,MCI,PZ4
2027-02-17,4 days ago,UA3436,Embraer E175,EWR,MCI,PZ2
2027-02-17,4 days ago,UA3604,Embraer E175,EWR,MCI,PZ2
2027-02-17,4 days ago,UA3588,Embraer E175,EWR,MCI,PZ1
2026-07-04,5 hours ago,UA123,Boeing 787-9 Dreamliner,LHR,EWR,PZ9
2027-02-21,4 days ago,UA3604,Embraer E175,EWR,MCI,PZ1
2027-03-05,4 days ago,UA3604,Embraer E175,EWR,MCI,PZ1
2027-03-05,4 days ago,UA3588,Embraer E175,EWR,MCI,PZ1
2027-03-05,4 days ago,UA3436,Embraer E175,EWR,MCI,PZ1
2027-01-07,4 days ago,UA3588,Embraer E175,EWR,MCI,PZ1
2026-05-06,9 hours ago,UA906,Boeing 787-10 Dreamliner,FRA,ORD,PZ9
2026-08-27,4 days ago,UA1399,Boeing 737 MAX 9,EWR,MCI,PZ1
2026-05-12,4 days ago,UA2144,Boeing 737-800,EUG,ORD,PZ5
2026-05-21,3 hours ago,UA1289,Boeing 737 MAX 9,CHS,EWR,PZ4
2026-05-10,20 hours ago,UA150,Boeing 737-800,KIX,GUM,PZ4
2026-05-06,4 days ago,UA2144,Boeing 737-800,EUG,ORD,PZ7
2026-09-29,1 day ago,UA5487,Embraer E175,DEN,ABQ,PZ1
2026-06-04,3 days ago,UA947,Boeing 767-300,AMS,IAD,PZ9
2026-05-11,7 hours ago,UA34,Boeing 777-200,KIX,SFO,PZ9
2026-05-11,1 day ago,UA5073,Bombardier CRJ550,IAH,VCT,PZ8
2026-06-04,3 days ago,UA1795,Boeing 737-900,MSP,IAH,PZ2
2026-07-14,4 days ago,UA1695,Boeing 737-900,DFW,ORD,PZ4
2026-05-19,2 days ago,UA1164,Boeing 737-900,SFO,LAX,PZ1
2026-09-01,1 day ago,UA959,Boeing 767-300,LHR,ORD,PZ9
2026-06-06,4 days ago,UA2144,Airbus A319,EUG,ORD,PZ3
2026-08-27,3 days ago,UA5073,Bombardier CRJ550,IAH,VCT,PZ9
2026-10-31,3 days ago,UA5073,Bombardier CRJ550,IAH,VCT,PZ9
2026-11-30,3 days ago,UA5073,Bombardier CRJ550,IAH,VCT,PZ8
2026-05-10,7 hours ago,UA950,Boeing 777-300ER,IAD,BRU,PZ1
2026-06-08,1 day ago,UA6238,Embraer E175,AGU,IAH,PZ6
2026-06-01,1 day ago,UA6153,Embraer E175,AGU,IAH,PZ7
2026-11-12,3 days ago,UA5073,Bombardier CRJ550,IAH,VCT,PZ9
2026-12-08,3 days ago,UA5073,Bombardier CRJ550,IAH,VCT,PZ9
2026-12-26,3 days ago,UA5073,Bombardier CRJ550,IAH,VCT,PZ5
2026-09-14,3 days ago,UA5073,Bombardier CRJ550,IAH,VCT,PZ9
2026-05-14,1 day ago,UA6078,Bombardier CRJ550,VCT,IAH,PZ9
2027-01-20,3 days ago,UA5073,Bombardier CRJ550,IAH,VCT,PZ9
2026-09-17,3 days ago,UA5073,Bombardier CRJ550,IAH,VCT,PZ9
2026-05-11,1 day ago,UA6078,Bombardier CRJ550,VCT,IAH,PZ9
2026-05-18,1 day ago,UA6078,Bombardier CRJ550,VCT,IAH,PZ9
2026-05-06,1 day ago,UA6078,Bombardier CRJ550,VCT,IAH,PZ9
2026-05-10,1 day ago,UA6078,Bombardier CRJ550,VCT,IAH,PZ9
2027-01-24,3 days ago,UA5073,Bombardier CRJ550,IAH,VCT,PZ8
2026-05-30,2 days ago,UA1572,Boeing 737-900,SFO,IND,PZ1
2026-06-29,1 day ago,UA1399,Boeing 737 MAX 8,EWR,MCI,PZ2
2026-05-15,1 day ago,UA6078,Bombardier CRJ550,VCT,IAH,PZ9
2026-05-05,1 day ago,UA1420,Boeing 737-900ER,IAH,PDX,PZ5
2026-05-13,1 day ago,UA6078,Bombardier CRJ550,VCT,IAH,PZ9
2026-05-19,10 hours ago,UA41,Boeing 777-300ER,FCO,EWR,PZ9
2026-05-09,2 days ago,UA6272,Embraer E175,IAH,MZT,PZ9
2026-07-30,1 day ago,UA3718,Embraer E175,GRR,EWR,PZ1
2026-05-10,1 day ago,UA5073,Bombardier CRJ550,IAH,VCT,PZ9
2026-07-30,1 day ago,UA3501,Embraer E175,GRR,EWR,PZ1
2026-07-30,1 day ago,UA3557,Embraer E175,GRR,EWR,PZ1
2026-07-27,1 day ago,UA3718,Embraer E175,GRR,EWR,PZ1
2027-02-13,4 days ago,UA3436,Embraer E175,EWR,MCI,PZ2
2026-07-21,1 day ago,UA3557,Embraer E175,GRR,EWR,PZ1
2026-07-29,1 day ago,UA3718,Embraer E175,GRR,EWR,PZ2
2026-07-28,1 day ago,UA3718,Embraer E175,GRR,EWR,PZ2
2026-07-09,1 day ago,UA3718,Embraer E175,GRR,EWR,PZ1
2026-07-14,1 day ago,UA3718,Embraer E175,GRR,EWR,PZ2
2026-05-22,4 days ago,UA1272,Boeing 737 MAX 8,MEX,SFO,PZ5
2026-07-22,1 day ago,UA3501,Embraer E175,GRR,EWR,PZ2
2026-07-23,1 day ago,UA3557,Embraer E175,GRR,EWR,PZ1
2026-07-06,1 day ago,UA3718,Embraer E175,GRR,EWR,PZ1
2026-07-07,1 day ago,UA3718,Embraer E175,GRR,EWR,PZ1
2026-07-03,1 day ago,UA3718,Embraer E175,GRR,EWR,PZ1
2026-06-30,1 day ago,UA3718,Embraer E175,GRR,EWR,PZ2
2026-07-02,1 day ago,UA3557,Embraer E175,GRR,EWR,PZ1
2026-05-08,1 day ago,UA5073,Bombardier CRJ550,IAH,VCT,PZ9
2026-07-21,3 hours ago,UA932,Boeing 777-200,IAD,FRA,PZ9
2026-05-07,1 day ago,UA5073,Bombardier CRJ550,IAH,VCT,PZ9
2026-09-18,1 day ago,UA873,Boeing 737 MAX 8,GUM,NRT,PZ3
2026-12-22,2 days ago,UA2056,Boeing 737-900,LAX,SFO,PZ3
2026-05-19,16 hours ago,UA22,Boeing 777-200,DUB,EWR,PZ9
2026-06-17,1 day ago,UA6221,Embraer E175,ACA,IAH,PZ6
2026-05-15,5 hours ago,UA2647,Boeing 737 MAX 9,LAX,SFO,PZ4
2026-05-16,1 day ago,UA6221,Embraer E175,ACA,IAH,PZ7
2026-05-27,1 day ago,UA6221,Embraer E175,ACA,IAH,PZ9
2026-05-23,1 day ago,UA6221,Embraer E175,ACA,IAH,PZ9
2026-05-08,4 hours ago,UA4076,Embraer E175,IAH,ICT,PZ2
2026-05-10,1 day ago,UA5282,Embraer E175,BJX,IAH,PZ9
2026-05-06,7 hours ago,UA962,Boeing 767-300,EWR,BER,PZ2
2026-07-22,1 day ago,UA190,Boeing 777-300ER,MNL,SFO,PZ1
2026-05-16,2 days ago,UA2850,Boeing 737-800,PDX,SFO,PZ3
2026-08-20,1 day ago,UA958,Boeing 767-300,LHR,ORD,PZ9
2026-12-02,1 day ago,UA951,Boeing 777-300ER,BRU,IAD,PZ5
2026-11-19,1 day ago,UA951,Boeing 777-300ER,BRU,IAD,PZ4
2026-11-25,1 day ago,UA951,Boeing 777-300ER,BRU,IAD,PZ8
2026-12-26,1 day ago,UA951,Boeing 777-300ER,BRU,IAD,PZ9
2026-11-24,1 day ago,UA951,Boeing 777-300ER,BRU,IAD,PZ3
2026-12-03,1 day ago,UA951,Boeing 777-300ER,BRU,IAD,PZ2
2026-12-23,1 day ago,UA951,Boeing 777-300ER,BRU,IAD,PZ7
2027-01-13,1 day ago,UA951,Boeing 777-300ER,BRU,IAD,PZ8
2026-05-28,8 hours ago,UA951,Boeing 777-300ER,BRU,IAD,PZ9
2026-11-26,1 day ago,UA951,Boeing 777-300ER,BRU,IAD,PZ6
2026-12-21,1 day ago,UA951,Boeing 777-300ER,BRU,IAD,PZ1
2026-05-12,1 day ago,UA499,Boeing 737-800,SEA,SFO,PZ6
2026-06-06,2 hours ago,UA1885,Airbus A319,SFO,SEA,PZ1
2026-05-13,16 hours ago,UA1273,Boeing 737-900,EWR,TPA,PZ2
2026-05-09,4 hours ago,UA1139,Boeing 737 MAX 9,EWR,TPA,PZ6
2026-05-30,3 days ago,UA5730,Embraer E175,DEN,JAC,PZ2
2026-10-05,4 days ago,UA1399,Boeing 737 MAX 8,EWR,MCI,PZ1
2026-08-08,4 days ago,UA1399,Boeing 737 MAX 9,EWR,MCI,PZ4
2026-09-29,4 days ago,UA1399,Boeing 737 MAX 8,EWR,MCI,PZ2
2027-03-01,4 days ago,UA3475,Embraer E175,MCI,EWR,PZ1
2026-05-23,5 hours ago,UA1385,Boeing 737 MAX 9,IAD,LAX,PZ4
2026-09-12,2 days ago,UA3436,Embraer E175,EWR,MCI,PZ2
2026-11-18,4 days ago,UA3604,Embraer E175,EWR,MCI,PZ2
2026-07-02,1 day ago,UA1085,Airbus A319,MEX,IAH,PZ6
2026-07-02,1 day ago,UA428,Airbus A319,MEX,IAH,PZ3
2026-05-12,1 day ago,UA448,Boeing 737-800,ORD,YYZ,PZ2
2027-01-27,4 days ago,UA3604,Embraer E175,EWR,MCI,PZ2
2026-05-13,3 hours ago,UA71,Boeing 767-400ER,AMS,EWR,PZ9
2026-05-16,10 hours ago,UA963,Boeing 767-300,BER,EWR,PZ9
2027-01-26,4 days ago,UA3436,Embraer E175,EWR,MCI,PZ2
2027-01-26,4 days ago,UA3588,Embraer E175,EWR,MCI,PZ2
2026-09-03,2 days ago,UA1399,Boeing 737 MAX 9,EWR,MCI,PZ2
2026-09-03,1 day ago,UA951,Boeing 777-300ER,BRU,IAD,PZ9
2027-02-06,4 days ago,UA3604,Embraer E175,EWR,MCI,PZ2
2026-08-22,4 days ago,UA1399,Boeing 737 MAX 9,EWR,MCI,PZ4
2027-02-27,4 days ago,UA3436,Embraer E175,EWR,MCI,PZ2
2027-02-27,4 days ago,UA3604,Embraer E175,EWR,MCI,PZ2
2027-03-06,4 days ago,UA3604,Embraer E175,EWR,MCI,PZ2
2026-08-10,11 hours ago,UA929,Boeing 767-300,ORD,LHR,PZ9
2026-06-09,1 day ago,UA273,Boeing 767-300,NCE,EWR,PZ9
2027-01-31,4 days ago,UA3604,Embraer E175,EWR,MCI,PZ1
2026-07-03,1 day ago,UA1085,Airbus A319,MEX,IAH,PZ5
2027-03-06,4 days ago,UA3419,Embraer E175,MCI,EWR,PZ2
2027-03-06,4 days ago,UA3475,Embraer E175,MCI,EWR,PZ1
2026-05-16,9 hours ago,UA945,Boeing 787-10 Dreamliner,FRA,ORD,PZ9
2026-07-28,1 day ago,UA2244,Airbus A320,IAD,SAV,PZ2
2026-09-22,3 days ago,UA200,Boeing 777-300ER,GUM,HNL,PZ3
2026-12-25,1 day ago,UA958,Boeing 767-300,LHR,ORD,PZ4
2027-01-29,4 days ago,UA3419,Embraer E175,MCI,EWR,PZ1
2027-01-29,4 days ago,UA3475,Embraer E175,MCI,EWR,PZ1
2027-01-29,4 days ago,UA3503,Embraer E175,MCI,EWR,PZ1
2026-07-20,1 day ago,UA2244,Boeing 737-800,IAD,SAV,PZ2
2026-07-29,1 day ago,UA2244,Boeing 737-800,IAD,SAV,PZ3
2027-03-06,4 days ago,UA3503,Embraer E175,MCI,EWR,PZ2
2026-05-21,1 day ago,UA2647,Boeing 737 MAX 8,LAX,SFO,PZ2
2027-03-01,4 days ago,UA3503,Embraer E175,MCI,EWR,PZ1
2026-07-18,1 day ago,UA2244,Boeing 737-700,IAD,SAV,PZ1
2026-09-15,3 days ago,UA200,Boeing 777-300ER,GUM,HNL,PZ4
2026-07-27,1 day ago,UA2244,Boeing 737-800,IAD,SAV,PZ2
2027-02-24,4 days ago,UA3419,Embraer E175,MCI,EWR,PZ2
2026-07-17,1 day ago,UA2244,Boeing 737-900,IAD,SAV,PZ1
2026-07-22,1 day ago,UA2244,Boeing 737-800,IAD,SAV,PZ1
2027-02-24,4 days ago,UA3475,Embraer E175,MCI,EWR,PZ2
2027-02-24,4 days ago,UA3503,Embraer E175,MCI,EWR,PZ2
2027-02-26,4 days ago,UA3419,Embraer E175,MCI,EWR,PZ1
2027-02-26,4 days ago,UA3475,Embraer E175,MCI,EWR,PZ1
2026-05-07,9 hours ago,UA1762,Boeing 737-700W,CLT,IAD,PZ3
2027-02-26,4 days ago,UA3503,Embraer E175,MCI,EWR,PZ1
2026-06-14,2 hours ago,UA2805,Airbus A320,ORD,MSP,PZ2
2026-12-24,4 days ago,UA3503,Embraer E175,MCI,EWR,PZ1
2026-12-24,4 days ago,UA3419,Embraer E175,MCI,EWR,PZ1
2027-02-07,4 days ago,UA3503,Embraer E175,MCI,EWR,PZ1
2027-01-06,4 days ago,UA3419,Embraer E175,MCI,EWR,PZ2
2026-10-19,1 day ago,UA3427,Embraer E175,IND,EWR,PZ1
2026-09-24,4 days ago,UA1969,Boeing 737 MAX 8,MCI,EWR,PZ1
2026-05-11,3 hours ago,UA861,Boeing 767-400ER,IAD,GRU,PZ9
2027-02-10,4 days ago,UA3419,Embraer E175,MCI,EWR,PZ2
2026-09-29,1 day ago,UA3625,Embraer E175,GRR,EWR,PZ2
2026-05-10,1 day ago,UA1811,Boeing 737-900,PHL,ORD,PZ5
2026-09-25,3 days ago,UA2318,Boeing 737 MAX 9,PHX,LAX,PZ2
2026-05-19,1 day ago,UA546,Airbus A321neo,EWR,ORD,PZ7
2026-09-12,1 day ago,UA3625,Embraer E175,GRR,EWR,PZ2
2026-08-31,1 day ago,UA3718,Embraer E175,GRR,EWR,PZ1
2026-05-10,2 days ago,UA1569,Boeing 737 MAX 8,IAH,BZE,PZ6
2026-05-07,1 day ago,UA837,Boeing 737-800,NRT,KHH,PZ9
2026-05-09,1 day ago,UA651,Airbus A321neo,EWR,ORD,PZ1
2026-08-21,1 day ago,UA3718,Embraer E175,GRR,EWR,PZ1
2026-05-20,4 days ago,UA1206,Boeing 737-900,EWR,ORD,PZ1
2026-05-11,9 hours ago,UA1206,Boeing 737 MAX 9,EWR,ORD,PZ2
2026-08-26,6 hours ago,UA925,Boeing 777-200,LHR,IAD,PZ9
2026-08-13,1 day ago,UA3625,Embraer E175,GRR,EWR,PZ1
2026-08-11,6 hours ago,UA3557,Embraer E175,GRR,EWR,PZ1
2026-08-08,1 day ago,UA3501,Embraer E175,GRR,EWR,PZ2
2026-07-15,3 days ago,UA2403,Boeing 737-900,LAX,IAH,PZ1
2026-05-13,3 days ago,UA963,Boeing 767-300,BER,EWR,PZ9
2026-05-23,1 day ago,UA2357,Boeing 737-800,LGA,ORD,PZ2
2026-05-23,1 day ago,UA623,Boeing 737-800,LGA,ORD,PZ1
2026-05-09,1 day ago,UA5875,Embraer E175,IAH,OAX,PZ9
2026-06-06,4 days ago,UA822,Airbus A319,MEX,SFO,PZ6
2026-12-01,13 hours ago,UA973,Boeing 787-10 Dreamliner,BRU,ORD,PZ4
2026-06-09,4 hours ago,UA718,Airbus A320,MEX,SFO,PZ4
2026-06-01,1 day ago,UA925,Boeing 777-200,LHR,IAD,PZ6
2026-09-13,8 hours ago,UA4763,Embraer E175,SLC,SFO,PZ1
2026-08-08,2 hours ago,UA1708,Airbus A320,SFO,SEA,PZ1
2026-05-10,13 hours ago,UA2145,Airbus A321neo,ORD,EWR,PZ7
2026-05-08,1 day ago,UA1085,Airbus A319,MEX,IAH,PZ9
2026-05-22,3 days ago,UA1171,Boeing 737 MAX 9,AUA,IAH,PZ8
2026-06-17,5 hours ago,UA135,Boeing 767-300,ZRH,EWR,PZ9
2026-06-15,20 hours ago,UA958,Boeing 767-300,LHR,ORD,PZ9
2026-05-29,1 day ago,UA958,Boeing 767-300,LHR,ORD,PZ9
2026-05-10,1 day ago,UA1201,Boeing 737-700,QRO,IAH,PZ1
2026-08-28,1 day ago,UA809,Boeing 777-300ER,SFO,MNL,PZ2
2026-05-08,4 hours ago,UA6128,Embraer E175,ICT,IAH,PZ4
2026-08-08,15 hours ago,UA380,Boeing 767-300,EWR,BRI,PZ9
2026-06-29,3 hours ago,UA2053,Airbus A319,ATL,EWR,PZ1
2026-05-15,4 hours ago,UA12,Boeing 767-300,ZRH,ORD,PZ9
2026-06-04,1 day ago,UA2865,Boeing 737 MAX 9,ORD,MSP,PZ4
2026-10-19,4 days ago,UA1399,Boeing 737 MAX 8,EWR,MCI,PZ1
2026-07-02,3 hours ago,UA3430,Embraer E175,BUF,IAD,PZ1
2026-05-22,1 day ago,UA6053,Bombardier CRJ550,ORD,MKE,PZ5
2026-05-22,1 day ago,UA5362,Embraer E175,ORD,MKE,PZ6
2026-09-09,2 days ago,UA1399,Boeing 737 MAX 9,EWR,MCI,PZ3
2027-02-19,4 days ago,UA3475,Embraer E175,MCI,EWR,PZ1
2026-07-11,4 days ago,UA837,Boeing 737-800,NRT,KHH,PZ4
2026-07-17,4 days ago,UA1399,Boeing 737 MAX 8,EWR,MCI,PZ2
2026-06-27,4 days ago,UA3481,Embraer E175,EWR,CMH,PZ2
2026-07-07,19 hours ago,UA838,Boeing 737-800,KHH,NRT,PZ2
2026-05-08,6 hours ago,UA1907,Boeing 737-800,ORD,BNA,PZ5
2026-05-09,6 hours ago,UA2414,Boeing 737-900,ORD,BNA,PZ4
2026-09-06,21 hours ago,UA1896,Boeing 737 MAX 8,PDX,SFO,PZ1
2027-01-15,4 days ago,UA3604,Embraer E175,EWR,MCI,PZ1
2027-01-15,4 days ago,UA3588,Embraer E175,EWR,MCI,PZ1
2026-05-09,2 days ago,UA1543,Boeing 737 MAX 9,EWR,SJU,PZ2
2027-01-15,4 days ago,UA3436,Embraer E175,EWR,MCI,PZ1
2026-07-14,1 day ago,UA1334,Boeing 737-900,YYZ,ORD,PZ9
2026-08-25,8 hours ago,UA958,Boeing 767-300,LHR,ORD,PZ9
2026-11-29,7 hours ago,UA1569,Boeing 737-800,IAH,BZE,PZ1
2026-05-09,1 day ago,UA1514,Boeing 737 MAX 9,EWR,PUJ,PZ5
2027-03-04,4 days ago,UA3588,Embraer E175,EWR,MCI,PZ1
2026-08-27,1 day ago,UA322,Boeing 767-300,VCE,IAD,PZ9
2026-05-23,1 day ago,UA2410,Boeing 737 MAX 9,IAD,SLC,PZ3
2026-05-31,7 hours ago,UA381,Boeing 767-300,BRI,EWR,PZ9
2026-05-16,1 day ago,UA921,Boeing 767-300,LHR,EWR,PZ9
2027-03-02,4 days ago,UA3588,Embraer E175,EWR,MCI,PZ2
2026-07-01,2 days ago,UA2427,Boeing 737 MAX 9,OMA,ORD,PZ2
2026-05-08,3 days ago,UA4186,Bombardier CRJ550,GSO,IAD,PZ2
2026-08-21,3 days ago,UA1014,Boeing 737-900,IAH,CUN,PZ6
2026-11-11,4 days ago,UA3604,Embraer E175,EWR,MCI,PZ2
2026-08-17,3 days ago,UA1018,Boeing 737-900,IAH,CUN,PZ8
2026-05-09,4 hours ago,UA2361,Airbus A321neo,ORD,LAX,PZ2
2026-05-25,4 days ago,UA1689,Boeing 737-900,ORD,IAD,PZ2
2026-05-30,3 hours ago,UA2839,Boeing 737 MAX 8,SFO,LAS,PZ1
2026-08-27,10 hours ago,UA22,Boeing 777-200,DUB,EWR,PZ9
2027-03-07,4 days ago,UA3604,Embraer E175,EWR,MCI,PZ1
2026-08-13,4 days ago,UA1399,Boeing 737 MAX 9,EWR,MCI,PZ2
2026-05-11,15 hours ago,UA914,Boeing 777-200,CDG,IAD,PZ9
2026-05-05,2 days ago,UA7,Boeing 737 MAX 8,NRT,UBN,PZ9
2026-12-30,4 days ago,UA3604,Embraer E175,EWR,MCI,PZ2
2026-12-25,4 days ago,UA3604,Embraer E175,EWR,MCI,PZ1
2026-10-20,4 days ago,UA1399,Boeing 737 MAX 8,EWR,MCI,PZ1
2026-05-06,1 day ago,UA1360,Boeing 737 Max 9,IAH,LAS,PZ6
2026-05-10,4 days ago,UA951,Boeing 777-300ER,BRU,IAD,PZ9
2026-08-03,4 days ago,UA1399,Boeing 737 MAX 8,EWR,MCI,PZ2
2026-07-21,1 day ago,UA2244,Airbus A320,IAD,SAV,PZ2
2026-06-03,3 days ago,UA1051,Boeing 737-900,CUN,IAH,PZ4
2026-11-26,4 days ago,UA3475,Embraer E175,MCI,EWR,PZ1
2026-06-28,1 day ago,UA951,Boeing 777-300ER,BRU,IAD,PZ9
2026-05-14,3 days ago,UA1123,Boeing 737 MAX 9,CUN,IAH,PZ9
2027-01-27,4 days ago,UA3419,Embraer E175,MCI,EWR,PZ2
2027-01-27,4 days ago,UA3475,Embraer E175,MCI,EWR,PZ2
2027-01-27,4 days ago,UA3503,Embraer E175,MCI,EWR,PZ2
2027-02-20,4 days ago,UA3419,Embraer E175,MCI,EWR,PZ2
2027-02-20,4 days ago,UA3475,Embraer E175,MCI,EWR,PZ2
2026-05-30,3 days ago,UA153,Boeing 787-9 Dreamliner,SGN,HKG,PZ9
2027-02-20,4 days ago,UA3503,Embraer E175,MCI,EWR,PZ2
2026-05-20,3 days ago,UA1059,Boeing 737-900,CUN,IAH,PZ3
2026-07-22,4 days ago,UA1969,Boeing 737 MAX 9,MCI,EWR,PZ3
2026-05-21,2 days ago,UA2169,Boeing 737-900,FLL,IAD,PZ4
2026-06-21,1 day ago,UA1517,Airbus A319,DFW,ORD,PZ1
2027-01-31,4 days ago,UA3475,Embraer E175,MCI,EWR,PZ1
2027-01-31,4 days ago,UA3503,Embraer E175,MCI,EWR,PZ1
2026-05-05,10 hours ago,UA119,Boeing 757-200W,EDI,ORD,PZ1
2026-08-19,4 days ago,UA1969,Boeing 737 MAX 9,MCI,EWR,PZ2
2026-06-30,4 days ago,UA1969,Boeing 737 MAX 8,MCI,EWR,PZ2
2026-11-07,4 days ago,UA3475,Embraer E175,MCI,EWR,PZ2
2026-11-07,4 days ago,UA3503,Embraer E175,MCI,EWR,PZ2
2027-01-07,4 days ago,UA3475,Embraer E175,MCI,EWR,PZ1
2027-01-07,4 days ago,UA3503,Embraer E175,MCI,EWR,PZ1
2026-09-09,1 day ago,UA951,Boeing 777-300ER,BRU,IAD,PZ9
2027-02-15,3 days ago,UA972,Boeing 787-10 Dreamliner,ORD,BRU,PZ3
2026-05-13,4 hours ago,UA845,Boeing 787-10 Dreamliner,ORD,GRU,PZ9
2026-05-12,1 day ago,UA733,Boeing 737 MAX 8,RNO,LAX,PZ6
2027-02-19,4 days ago,UA3503,Embraer E175,MCI,EWR,PZ1
2027-02-10,4 days ago,UA3475,Embraer E175,MCI,EWR,PZ2
2027-02-10,4 days ago,UA3503,Embraer E175,MCI,EWR,PZ2
2026-05-24,3 hours ago,UA938,Boeing 767-300,ORD,LHR,PZ6
2027-01-20,4 days ago,UA3419,Embraer E175,MCI,EWR,PZ2
2027-01-20,4 days ago,UA3475,Embraer E175,MCI,EWR,PZ2
2027-01-20,4 days ago,UA3503,Embraer E175,MCI,EWR,PZ2
2026-05-07,11 hours ago,UA78,Boeing 787-9,NRT,EWR,PZ4
2026-09-05,1 day ago,UA1381,Boeing 737-800,IAH,ABQ,PZ2
2027-01-08,4 days ago,UA3503,Embraer E175,MCI,EWR,PZ1
2027-01-15,4 days ago,UA3503,Embraer E175,MCI,EWR,PZ1
2026-12-30,4 days ago,UA3503,Embraer E175,MCI,EWR,PZ2
2026-12-30,4 days ago,UA3475,Embraer E175,MCI,EWR,PZ2
2026-08-22,4 days ago,UA1969,Boeing 737 MAX 9,MCI,EWR,PZ4
2027-03-10,4 days ago,UA3419,Embraer E175,MCI,EWR,PZ2
2026-05-08,2 hours ago,UA817,Airbus A320,SFO,MEX,PZ5
2027-02-25,4 days ago,UA3419,Embraer E175,MCI,EWR,PZ1
2026-08-04,3 hours ago,UA941,Boeing 767-300,LHR,EWR,PZ9
2026-06-24,1 day ago,UA4572,Bombardier CRJ550,EWR,DCA,PZ1
2026-08-01,4 days ago,UA1399,Boeing 737 MAX 9,EWR,MCI,PZ2
2026-09-01,2 days ago,UA1399,Boeing 737 MAX 9,EWR,MCI,PZ4
2026-08-18,4 days ago,UA1399,Boeing 737 MAX 9,EWR,MCI,PZ4
2026-05-12,4 hours ago,UA838,Boeing 777-300ER,NRT,SFO,PZ9
2026-08-07,18 hours ago,UA543,Airbus A319,SFO,SLC,PZ1
2027-01-10,4 days ago,UA3436,Embraer E175,EWR,MCI,PZ1
2026-10-13,4 days ago,UA1399,Boeing 737 MAX 8,EWR,MCI,PZ3
2026-05-06,1 day ago,UA61,Boeing 787-9,MEL,SFO,PZ4
2026-10-17,4 days ago,UA1924,Boeing 737-900,DEN,IAD,PZ1
2027-03-02,4 days ago,UA3604,Embraer E175,EWR,MCI,PZ2
2026-05-10,2 hours ago,UA1789,Boeing 737-900,RDU,IAD,PZ1
2026-05-22,2 days ago,UA2403,Boeing 737-900,LAX,IAH,PZ2
2026-11-25,4 days ago,UA3475,Embraer E175,MCI,EWR,PZ2
2026-05-09,2 days ago,UA1753,Boeing 737 MAX 8,RDU,EWR,PZ3
2027-03-17,4 days ago,UA3503,Embraer E175,MCI,EWR,PZ2
2026-05-26,3 hours ago,UA1048,Boeing 737-800,CLT,ORD,PZ1
2026-05-27,3 days ago,UA1059,Boeing 737-900,CUN,IAH,PZ3
2027-02-12,4 days ago,UA3419,Embraer E175,MCI,EWR,PZ1
2027-02-12,4 days ago,UA3475,Embraer E175,MCI,EWR,PZ1
2027-02-12,4 days ago,UA3503,Embraer E175,MCI,EWR,PZ1
2026-07-21,3 days ago,UA1550,Boeing 737 MAX 8,LAX,SEA,PZ3
2026-08-21,13 hours ago,UA973,Boeing 787-10 Dreamliner,BRU,ORD,PZ9
2026-05-18,3 hours ago,UA5992,Embraer E175,CLT,ORD,PZ1
2026-06-19,2 days ago,UA2442,Boeing 737-800,CVG,IAH,PZ2
2026-05-23,1 day ago,UA5362,Embraer E175,ORD,MKE,PZ1
2026-05-23,1 day ago,UA6053,Bombardier CRJ550,ORD,MKE,PZ4
2027-03-28,4 days ago,UA3503,Embraer E175,MCI,EWR,PZ1
2026-06-16,18 hours ago,UA1179,Boeing 737-800,IAH,AUS,PZ1
2026-09-12,2 days ago,UA1969,Boeing 737 MAX 9,MCI,EWR,PZ4
2026-05-05,6 hours ago,UA147,Boeing 767-300,LHR,EWR,PZ9
2026-08-13,3 days ago,UA1056,Boeing 737-900,CUN,IAH,PZ8
2026-05-28,4 hours ago,UA905,Boeing 777-200,LHR,EWR,PZ9
2026-05-15,1 day ago,UA1206,Boeing 737 MAX 9,EWR,ORD,PZ3
2026-06-18,3 days ago,UA1059,Boeing 737-900,CUN,IAH,PZ3
2026-05-28,4 hours ago,UA921,Boeing 767-300,LHR,EWR,PZ9
2027-01-16,4 days ago,UA3503,Embraer E175,MCI,EWR,PZ2
2026-05-07,4 hours ago,UA115,Boeing 787-9,SFO,PPT,PZ9
2026-11-10,4 days ago,UA3475,Embraer E175,MCI,EWR,PZ2
2026-07-31,3 days ago,UA1059,Boeing 737-900,CUN,IAH,PZ8
2027-03-27,4 days ago,UA3419,Embraer E175,MCI,EWR,PZ2
2026-07-18,3 days ago,UA1059,Boeing 737-900,CUN,IAH,PZ2
2027-03-27,4 days ago,UA3475,Embraer E175,MCI,EWR,PZ2
2027-03-27,4 days ago,UA3503,Embraer E175,MCI,EWR,PZ2
2026-05-24,3 hours ago,UA115,Boeing 787-9 Dreamliner,SFO,PPT,PZ1
2026-07-24,3 days ago,UA1123,Boeing 737 MAX 9,CUN,IAH,PZ7
2026-07-15,3 days ago,UA1059,Boeing 737-900,CUN,IAH,PZ8
2026-07-09,3 days ago,UA1059,Boeing 737-900,CUN,IAH,PZ4
2027-01-01,4 days ago,UA3419,Embraer E175,MCI,EWR,PZ1
2026-05-07,23 hours ago,UA273,Boeing 767-300,NCE,EWR,PZ9
2026-07-08,3 days ago,UA1059,Boeing 737-900,CUN,IAH,PZ5
2027-01-01,4 days ago,UA3475,Embraer E175,MCI,EWR,PZ1
2027-01-01,4 days ago,UA3503,Embraer E175,MCI,EWR,PZ1
2026-08-21,4 days ago,UA1969,Boeing 737 MAX 9,MCI,EWR,PZ2
2026-06-24,3 days ago,UA1019,Boeing 737 MAX 9,CUN,IAH,PZ4
2026-05-19,2 hours ago,UA26,Boeing 787-9 Dreamliner,LHR,DEN,PZ4
2026-05-06,2 hours ago,UA882,Boeing 787-10 Dreamliner,HND,ORD,PZ9
2027-03-10,4 days ago,UA3503,Embraer E175,MCI,EWR,PZ2
2027-03-10,4 days ago,UA3475,Embraer E175,MCI,EWR,PZ2
2026-05-10,6 hours ago,UA2174,Boeing 737-800,SFO,BUR,PZ7
2027-03-22,4 days ago,UA3419,Embraer E175,MCI,EWR,PZ1
2027-03-22,4 days ago,UA3475,Embraer E175,MCI,EWR,PZ1
2027-03-22,4 days ago,UA3503,Embraer E175,MCI,EWR,PZ1
2027-01-09,4 days ago,UA3419,Embraer E175,MCI,EWR,PZ2
2027-01-26,4 days ago,UA3419,Embraer E175,MCI,EWR,PZ2
2027-01-26,4 days ago,UA3475,Embraer E175,MCI,EWR,PZ2
2026-06-17,1 day ago,UA147,Boeing 767-300,LHR,EWR,PZ9
2027-01-26,4 days ago,UA3503,Embraer E175,MCI,EWR,PZ2
2026-06-30,2 days ago,UA456,Boeing 737 MAX 8,DEN,AUS,PZ2
2026-05-27,1 day ago,UA181,Boeing 787-9 Dreamliner,FRA,DEN,PZ1
2026-05-10,2 hours ago,UA3656,Embraer E175,LGA,IAD,PZ5
2026-05-29,10 hours ago,UA115,Boeing 787-9 Dreamliner,SFO,PPT,PZ1
2027-03-29,4 days ago,UA3419,Embraer E175,MCI,EWR,PZ1
2027-03-29,4 days ago,UA3475,Embraer E175,MCI,EWR,PZ1
2026-08-31,2 days ago,UA1969,Boeing 737 MAX 9,MCI,EWR,PZ2
2027-03-29,4 days ago,UA3503,Embraer E175,MCI,EWR,PZ1
2027-02-18,4 days ago,UA3419,Embraer E175,MCI,EWR,PZ1
2027-02-18,4 days ago,UA3475,Embraer E175,MCI,EWR,PZ1
2027-02-18,4 days ago,UA3503,Embraer E175,MCI,EWR,PZ1
2026-07-21,2 days ago,UA456,Boeing 737 MAX 8,DEN,AUS,PZ2
2026-08-29,3 days ago,UA166,Boeing 737-800,TPE,GUM,PZ1
2026-12-05,4 days ago,UA3475,Embraer E175,MCI,EWR,PZ2
2026-12-05,4 days ago,UA3503,Embraer E175,MCI,EWR,PZ2
2027-02-23,4 days ago,UA3419,Embraer E175,MCI,EWR,PZ2
2026-05-05,3 hours ago,UA2608,Boeing 737 Max 9,EWR,CHS,PZ2
2027-01-17,4 days ago,UA3419,Embraer E175,MCI,EWR,PZ1
2027-02-23,4 days ago,UA3475,Embraer E175,MCI,EWR,PZ2
2027-02-23,4 days ago,UA3503,Embraer E175,MCI,EWR,PZ2
2026-05-17,2 days ago,UA3491,Embraer E175,ORD,GRR,PZ5
2027-01-22,4 days ago,UA3419,Embraer E175,MCI,EWR,PZ1
2027-01-22,4 days ago,UA3475,Embraer E175,MCI,EWR,PZ1
2027-01-22,4 days ago,UA3503,Embraer E175,MCI,EWR,PZ1
2026-06-01,5 hours ago,UA963,Boeing 767-300,BER,EWR,PZ6
2027-02-09,4 days ago,UA3475,Embraer E175,MCI,EWR,PZ2
2027-02-09,4 days ago,UA3503,Embraer E175,MCI,EWR,PZ2
2026-08-21,1 day ago,UA2496,Boeing 737-800,ORD,YYZ,PZ2
2026-08-08,4 days ago,UA3475,Embraer E175,MCI,EWR,PZ1
2026-08-23,4 days ago,UA1969,Boeing 737 MAX 9,MCI,EWR,PZ1
2027-01-17,4 days ago,UA3475,Embraer E175,MCI,EWR,PZ1
2026-06-16,4 hours ago,UA921,Boeing 767-300,LHR,EWR,PZ9
2027-02-13,4 days ago,UA3419,Embraer E175,MCI,EWR,PZ2
2027-02-13,4 days ago,UA3475,Embraer E175,MCI,EWR,PZ2
2027-02-13,4 days ago,UA3503,Embraer E175,MCI,EWR,PZ2
2027-02-22,4 days ago,UA3419,Embraer E175,MCI,EWR,PZ1
2027-02-22,4 days ago,UA3475,Embraer E175,MCI,EWR,PZ1
2027-02-22,4 days ago,UA3503,Embraer E175,MCI,EWR,PZ1
2026-12-25,4 days ago,UA3419,Embraer E175,MCI,EWR,PZ1
2026-12-25,4 days ago,UA3475,Embraer E175,MCI,EWR,PZ1
2026-10-07,4 days ago,UA1969,Boeing 737 MAX 8,MCI,EWR,PZ2
2026-09-05,1 day ago,UA166,Boeing 737-800,TPE,GUM,PZ1
2027-02-06,4 days ago,UA3475,Embraer E175,MCI,EWR,PZ2
2027-02-06,4 days ago,UA3503,Embraer E175,MCI,EWR,PZ2
2027-02-11,4 days ago,UA3419,Embraer E175,MCI,EWR,PZ1
2026-06-03,10 hours ago,UA3612,Embraer E175,IAD,YOW,PZ1
2026-05-16,3 days ago,UA392,Boeing 737 MAX 9,EWR,PTY,PZ9
2026-06-19,4 days ago,UA5676,Embraer E175,SEA,SFO,PZ1
2026-10-07,1 day ago,UA2122,Boeing 737 MAX 9,DFW,EWR,PZ1
2026-05-09,1 day ago,UA755,Boeing 737 MAX 9,IAD,BOS,PZ2
2026-05-08,7 hours ago,UA2160,Boeing 737 MAX 8,ORD,DCA,PZ5
2026-06-30,1 day ago,UA1247,Boeing 737-900,DEN,PDX,PZ1
2026-07-13,3 hours ago,UA189,Boeing 777-300ER,SFO,MNL,PZ7
2026-06-10,4 hours ago,UA135,Boeing 767-300,ZRH,EWR,PZ9
2026-08-25,1 day ago,UA957,Boeing 767-300,GVA,EWR,PZ9
2027-03-29,1 day ago,UA945,Boeing 787-10 Dreamliner,FRA,ORD,PZ5
2026-05-05,3 hours ago,UA925,Boeing 767-300,LHR,IAD,PZ9
2026-06-12,7 hours ago,UA951,Boeing 777-300ER,BRU,IAD,PZ9
2026-12-15,1 day ago,UA3609,Embraer E175,EWR,SDF,PZ2
2026-08-29,4 days ago,UA1709,Boeing 737 MAX 9,BNA,IAD,PZ3
2026-05-29,1 day ago,UA2829,Boeing 737-800,ORD,BWI,PZ4
2026-05-27,1 day ago,UA2653,Boeing 737 MAX 9,ORD,BWI,PZ3
2026-05-21,3 days ago,UA1113,Boeing 737-800,GRR,ORD,PZ2
2026-08-25,4 days ago,UA1709,Boeing 737 MAX 9,BNA,IAD,PZ3
2026-05-13,3 days ago,UA1090,Airbus A319,IAH,MEX,PZ7
2026-06-17,11 hours ago,UA341,Airbus A321neo,ORD,SEA,PZ1
2026-06-03,10 hours ago,UA2611,Boeing 737-800,SFO,BUR,PZ1
2026-06-19,11 hours ago,UA1850,Boeing 737-900,ORD,OMA,PZ1
2026-07-04,3 days ago,UA1406,Boeing 737-900,IAD,RSW,PZ4
2026-05-08,1 day ago,UA429,Airbus A319,IAH,MEX,PZ2
2027-03-25,3 hours ago,UA958,Boeing 767-300,LHR,ORD,PZ4
2026-08-23,4 days ago,UA1709,Boeing 737 MAX 9,BNA,IAD,PZ2
2026-07-01,4 days ago,UA1709,Boeing 737 MAX 9,BNA,IAD,PZ3
2026-07-03,4 days ago,UA1709,Boeing 737 MAX 9,BNA,IAD,PZ1
2026-07-10,4 days ago,UA1709,Boeing 737 MAX 9,BNA,IAD,PZ2
2026-06-27,1 day ago,UA5430,Embraer E175,SFO,SLC,PZ1
2026-05-13,3 hours ago,UA311,Boeing 757-200,DUB,IAD,PZ6
2026-05-19,4 days ago,UA2667,Airbus A321neo,IAD,DEN,PZ2
2026-09-05,4 days ago,UA1709,Boeing 737 MAX 9,BNA,IAD,PZ3
2026-09-28,22 hours ago,UA1185,Boeing 737-800,LAX,SJD,PZ1
2026-07-05,4 days ago,UA1709,Boeing 737 MAX 9,BNA,IAD,PZ2
2026-06-09,5 hours ago,UA1465,Boeing 737 MAX 9,EWR,PLS,PZ5
2027-03-27,19 hours ago,UA42,Boeing 777-300ER,EWR,FRA,PZ3
2026-06-19,2 days ago,UA2826,Boeing 737-900,ONT,ORD,PZ2
2026-08-15,4 days ago,UA1709,Boeing 737 MAX 9,BNA,IAD,PZ2
2026-06-07,4 days ago,UA6207,Embraer E175,IAH,SLC,PZ2
2026-08-19,22 hours ago,UA32,Boeing 787-9 Dreamliner,LAX,NRT,PZ3
2026-05-12,1 day ago,UA783,Boeing 737 MAX 8,DEN,MEX,PZ1
2026-06-25,3 days ago,UA4799,Bombardier CRJ550,DEN,BIS,PZ1
2026-05-08,4 days ago,UA3692,Embraer E175,EWR,CMH,PZ3
2026-05-08,4 hours ago,UA5738,Embraer E175,DEN,ICT,PZ3
2026-06-07,4 days ago,UA6005,Embraer E175,ORD,MCI,PZ3
2026-06-07,4 days ago,UA4681,Embraer E175,ORD,MCI,PZ3
2026-05-05,2 days ago,UA3493,Embraer E175,EWR,GSP,PZ3
2026-05-13,19 hours ago,UA190,Boeing 777-300ER,MNL,SFO,PZ9
2026-07-22,2 days ago,UA1246,Boeing 737-900,MSP,EWR,PZ4
2026-06-19,4 hours ago,UA2645,Boeing 737-900,MSP,EWR,PZ2
2026-07-04,2 days ago,UA1246,Boeing 737 MAX 9,MSP,EWR,PZ4
2026-07-16,2 days ago,UA1246,Boeing 737-900,MSP,EWR,PZ2
2026-07-31,2 days ago,UA1246,Boeing 737-900,MSP,EWR,PZ2
2027-03-29,19 hours ago,UA1980,Boeing 737-900,SFO,SAN,PZ1
2026-07-14,2 days ago,UA1246,Boeing 737-900,MSP,EWR,PZ3
2026-05-24,1 day ago,UA1061,Boeing 737 MAX 8,DCA,ORD,PZ2
2026-07-15,2 days ago,UA1246,Boeing 737-900,MSP,EWR,PZ3
2026-05-24,6 hours ago,UA284,Boeing 737 MAX 9,BNA,EWR,PZ1
2026-05-08,2 hours ago,UA38,Boeing 787-10 Dreamliner,HND,LAX,PZ9
2026-05-09,20 hours ago,UA150,Boeing 737-800,KIX,GUM,PZ9
2026-05-05,1 day ago,UA59,Boeing 777-200ER,FRA,SFO,PZ2
2026-05-09,2 days ago,UA827,Boeing 737-800,NRT,GUM,PZ9
2026-05-08,20 hours ago,UA150,Boeing 737-800,KIX,GUM,PZ9
2026-09-13,4 days ago,UA3632,Embraer E175,ORD,BNA,PZ1
2026-05-08,4 hours ago,UA115,Boeing 787-9 Dreamliner,SFO,PPT,PZ9
2026-08-29,4 days ago,UA1845,Airbus A319,ORD,BNA,PZ2
2026-08-29,4 days ago,UA2784,Boeing 737-900,ORD,BNA,PZ2
2026-08-29,4 days ago,UA335,Boeing 737-700,ORD,BNA,PZ2
2026-08-29,4 days ago,UA3632,Embraer E175,ORD,BNA,PZ2
2026-08-25,7 hours ago,UA988,Boeing 777-300ER,FRA,IAD,PZ9
2026-09-20,4 days ago,UA3632,Embraer E175,ORD,BNA,PZ1
2026-11-01,3 hours ago,UA4763,Embraer E175,SLC,SFO,PZ1
2026-05-09,1 day ago,UA1355,Boeing 737-800,BNA,ORD,PZ6
2026-08-08,4 days ago,UA2175,Boeing 737-900,ORD,BNA,PZ3
2026-08-08,4 days ago,UA2063,Boeing 737-700,ORD,BNA,PZ2
2026-07-27,1 day ago,UA4058,Embraer E175,DTW,IAD,PZ1
2026-05-05,1 day ago,UA43,Boeing 777-300ER,FRA,EWR,PZ9
2026-07-29,4 days ago,UA2414,Boeing 737 MAX 9,ORD,BNA,PZ4
2026-05-12,1 day ago,UA5788,Embraer E175,DEN,BOI,PZ4
2027-01-23,4 days ago,UA3503,Embraer E175,MCI,EWR,PZ2
2027-01-24,4 days ago,UA3503,Embraer E175,MCI,EWR,PZ1
2026-05-20,4 hours ago,UA99,Boeing 787-9 Dreamliner,MEL,LAX,PZ5
2026-05-22,3 days ago,UA1123,Boeing 737 MAX 9,CUN,IAH,PZ9
2026-07-25,4 hours ago,UA4178,Bombardier CRJ550,ORD,SDF,PZ1
2026-05-16,4 days ago,UA2655,Airbus A319,PHL,ORD,PZ5
2027-03-09,4 days ago,UA3419,Embraer E175,MCI,EWR,PZ2
2027-03-09,4 days ago,UA3475,Embraer E175,MCI,EWR,PZ2
2027-03-09,4 days ago,UA3503,Embraer E175,MCI,EWR,PZ2
2026-12-22,4 days ago,UA3419,Embraer E175,MCI,EWR,PZ2
2026-12-22,4 days ago,UA3475,Embraer E175,MCI,EWR,PZ2
2026-12-22,4 days ago,UA3503,Embraer E175,MCI,EWR,PZ1
2026-05-22,1 day ago,UA1710,Boeing 737-900,ORD,SLC,PZ3
2027-01-12,4 days ago,UA3475,Embraer E175,MCI,EWR,PZ2
2026-07-16,4 days ago,UA1635,Boeing 737 MAX 8,SEA,LAX,PZ2
2026-12-15,4 days ago,UA3475,Embraer E175,MCI,EWR,PZ2
2026-08-05,4 hours ago,UA4178,Bombardier CRJ550,ORD,SDF,PZ1
2026-08-02,4 hours ago,UA3659,Embraer E175,ORD,SDF,PZ1
2027-01-18,4 days ago,UA3503,Embraer E175,MCI,EWR,PZ1
2026-07-27,4 hours ago,UA3598,Embraer E175,ORD,SDF,PZ1
2026-07-27,4 hours ago,UA3659,Embraer E175,ORD,SDF,PZ1
2027-03-03,4 days ago,UA3419,Embraer E175,MCI,EWR,PZ2
2027-03-03,4 days ago,UA3503,Embraer E175,MCI,EWR,PZ2
2026-06-12,22 hours ago,UA838,Boeing 737-800,KHH,NRT,PZ5
2026-07-29,4 hours ago,UA4178,Bombardier CRJ550,ORD,SDF,PZ2
2026-07-28,4 hours ago,UA4178,Bombardier CRJ550,ORD,SDF,PZ2
2026-07-28,4 hours ago,UA3659,Embraer E175,ORD,SDF,PZ1
2026-07-25,4 hours ago,UA4559,Bombardier CRJ550,ORD,SDF,PZ1
2026-07-28,4 hours ago,UA4519,Bombardier CRJ550,ORD,SDF,PZ2
2027-01-21,4 days ago,UA5292,Embraer E175,ORD,MTY,PZ2
2027-02-07,3 days ago,UA1904,Boeing 737 MAX 8,EWR,POS,PZ3
2026-12-31,3 days ago,UA944,Boeing 787-10 Dreamliner,ORD,FRA,PZ1
2026-12-31,4 days ago,UA5292,Embraer E175,ORD,MTY,PZ2
2026-07-28,4 days ago,UA1969,Boeing 737 MAX 8,MCI,EWR,PZ3
2027-02-03,4 days ago,UA3419,Embraer E175,MCI,EWR,PZ2
2026-06-16,19 hours ago,UA43,Boeing 777-300ER,FRA,EWR,PZ1
2026-05-15,9 hours ago,UA906,Boeing 787-10 Dreamliner,FRA,ORD,PZ9
2027-02-01,4 days ago,UA3419,Embraer E175,MCI,EWR,PZ1
2027-02-01,4 days ago,UA3475,Embraer E175,MCI,EWR,PZ1
2027-03-19,4 days ago,UA3475,Embraer E175,MCI,EWR,PZ1
2027-03-19,4 days ago,UA3503,Embraer E175,MCI,EWR,PZ1
2026-07-14,1 day ago,UA3690,Embraer E175,ORD,EYW,PZ1
2027-03-16,4 days ago,UA3475,Embraer E175,MCI,EWR,PZ1
2027-03-16,4 days ago,UA3503,Embraer E175,MCI,EWR,PZ1
2027-02-03,4 days ago,UA3475,Embraer E175,MCI,EWR,PZ2
2027-02-03,4 days ago,UA3503,Embraer E175,MCI,EWR,PZ2
2027-02-01,4 days ago,UA3503,Embraer E175,MCI,EWR,PZ1
2026-05-07,5 hours ago,UA842,Boeing 787-9,SYD,LAX,PZ3
2027-02-08,1 day ago,UA907,Boeing 787-10 Dreamliner,ORD,FRA,PZ3
2026-06-07,2 days ago,UA2148,Boeing 737 MAX 9,ORD,CVG,PZ2
2026-06-11,1 day ago,UA5239,Bombardier CRJ550,FAR,DEN,PZ3
2027-03-24,2 hours ago,UA973,Boeing 787-10 Dreamliner,BRU,ORD,PZ5
2027-03-23,13 hours ago,UA973,Boeing 787-10 Dreamliner,BRU,ORD,PZ6
2027-03-23,1 day ago,UA958,Boeing 767-300,LHR,ORD,PZ3
2026-09-17,1 day ago,UA5471,Embraer E175,GEG,SFO,PZ1
2026-09-15,1 day ago,UA5471,Embraer E175,GEG,SFO,PZ2
2026-08-05,4 days ago,UA2125,Boeing 737 MAX 9,BNA,IAD,PZ4
2026-05-20,4 days ago,UA495,Boeing 737-900,IAD,DEN,PZ6
2026-05-09,1 day ago,UA536,Boeing 737 MAX 9,EWR,CLE,PZ7
2026-05-09,1 day ago,UA2398,Boeing 737 MAX 9,EWR,CLE,PZ8
2026-09-27,22 hours ago,UA1185,Boeing 737-800,LAX,SJD,PZ6
2026-07-11,3 days ago,UA2191,Boeing 737-900,LAX,YVR,PZ7
2026-05-13,4 days ago,UA1504,Boeing 737-900,ORD,MIA,PZ8
2026-05-26,2 days ago,UA917,Boeing 777-200,SFO,AKL,PZ5
2026-08-14,4 days ago,UA1709,Boeing 737 MAX 9,BNA,IAD,PZ2
2026-06-04,4 days ago,UA1641,Airbus A319,MCI,ORD,PZ1
2026-06-04,4 days ago,UA5309,Embraer E175,MCI,ORD,PZ1
2026-07-04,4 days ago,UA2125,Boeing 737 MAX 9,BNA,IAD,PZ3
2026-05-07,4 days ago,UA26,Boeing 787-9 Dreamliner,LHR,DEN,PZ6
2026-05-27,4 days ago,UA2180,Boeing 737 MAX 8,ORD,MIA,PZ2
2026-07-04,4 days ago,UA1460,Airbus A319,BNA,IAD,PZ1
2026-05-19,1 day ago,UA873,Boeing 737-800,GUM,NRT,PZ5
2026-05-21,3 days ago,UA3718,Embraer E175,GRR,EWR,PZ6
2026-07-14,3 days ago,UA798,Boeing 737 MAX 8,CLT,EWR,PZ3
2026-07-24,2 days ago,UA1331,Boeing 737 MAX 9,EWR,MSP,PZ2
2026-08-11,1 day ago,UA958,Boeing 767-300,LHR,ORD,PZ9
2026-05-18,3 days ago,UA499,Boeing 737-800,SEA,SFO,PZ4
2026-08-14,3 days ago,UA1331,Boeing 737 MAX 9,EWR,MSP,PZ2
2026-09-11,9 hours ago,UA1331,Boeing 737 MAX 9,EWR,MSP,PZ2
2026-05-14,1 day ago,UA601,Boeing 737 MAX 9,CLE,EWR,PZ1
2026-06-14,1 day ago,UA2239,Boeing 737-900,DEN,DFW,PZ3
2026-05-06,2 hours ago,UA35,Boeing 777-222ER,SFO,KIX,PZ2
2026-11-26,13 hours ago,UA973,Boeing 787-10 Dreamliner,BRU,ORD,PZ8
2026-11-19,13 hours ago,UA973,Boeing 787-10 Dreamliner,BRU,ORD,PZ6
2026-08-09,6 hours ago,UA972,Boeing 787-10 Dreamliner,ORD,BRU,PZ9
2026-05-16,4 days ago,UA1950,Boeing 737-800,IAH,MFE,PZ9
2026-08-18,4 days ago,UA1366,Boeing 737 MAX 8,IAD,BNA,PZ1
2026-07-31,4 days ago,UA3529,Embraer E175,EWR,BUF,PZ1
2026-05-09,1 day ago,UA1708,Boeing 737-800,IAH,LGA,PZ1
2026-07-05,4 days ago,UA2175,Airbus A319,ORD,BNA,PZ1
2026-06-16,2 days ago,UA3608,Embraer E175,EWR,MSN,PZ2
2026-08-26,4 days ago,UA1366,Boeing 737 MAX 8,IAD,BNA,PZ1
2026-08-10,8 hours ago,UA950,Boeing 777-300ER,IAD,BRU,PZ9
2026-05-24,1 day ago,UA153,Boeing 787-9 Dreamliner,SGN,HKG,PZ9
2026-07-14,2 days ago,UA1210,Boeing 737 MAX 9,PHX,ORD,PZ2
2026-06-02,1 day ago,UA963,Boeing 767-300,BER,EWR,PZ9
2026-05-21,1 day ago,UA4777,Embraer E175,DSM,DEN,PZ5
2026-10-31,8 hours ago,UA1097,Boeing 737-900,MCO,ORD,PZ1
2026-05-25,19 hours ago,UA1020,Boeing 737 MAX 9,IAH,CUN,PZ9
2026-08-07,4 days ago,UA3995,Embraer E175,IAD,DTW,PZ1
2026-05-25,2 days ago,UA1334,Boeing 737-900,YYZ,ORD,PZ3
2026-08-29,2 days ago,UA1275,Airbus A321neo,LAX,DEN,PZ2
2026-06-09,4 days ago,UA2207,Boeing 737-900,PHL,ORD,PZ1
2026-06-09,4 days ago,UA2824,Airbus A319,PHL,ORD,PZ2
2026-07-01,3 hours ago,UA3504,Embraer E175,EWR,CLT,PZ1
2026-06-06,10 hours ago,UA1874,Airbus A321neo,IAH,DEN,PZ4
2026-08-24,4 hours ago,UA123,Boeing 787-9 Dreamliner,LHR,EWR,PZ9
2026-05-23,3 hours ago,UA1149,Boeing 737 MAX 8,EWR,CLT,PZ7
2026-06-06,3 hours ago,UA1149,Boeing 737 MAX 8,EWR,CLT,PZ2
2026-07-18,3 days ago,UA2104,Boeing 737 MAX 8,EWR,CLT,PZ3
2026-06-19,3 hours ago,UA1149,Boeing 737 MAX 8,EWR,CLT,PZ2
2026-07-29,1 day ago,UA3500,Embraer E175,DTW,IAD,PZ2
2026-06-16,23 hours ago,UA1353,Boeing 737 MAX 8,LAX,SEA,PZ3
2026-09-01,1 day ago,UA951,Boeing 777-300ER,BRU,IAD,PZ9
2026-09-03,3 days ago,UA1059,Boeing 737-900,CUN,IAH,PZ8
2026-06-09,5 hours ago,UA2338,Boeing 737-800,MSN,DEN,PZ1
2026-06-08,5 hours ago,UA5545,Embraer E175,MSN,DEN,PZ2
2026-07-21,4 days ago,UA1705,Boeing 737-800,ORD,BNA,PZ1
2026-07-21,4 days ago,UA2414,Boeing 737 MAX 9,ORD,BNA,PZ4
2026-07-21,4 days ago,UA3634,Embraer E175,ORD,BNA,PZ2
2026-06-03,5 hours ago,UA5545,Embraer E175,MSN,DEN,PZ1
2026-05-29,5 hours ago,UA5567,Embraer E175,MSN,DEN,PZ1
2027-03-24,1 day ago,UA21,Boeing 767-300,AMS,IAH,PZ1
2026-06-04,1 day ago,UA2232,Boeing 737-900,ORD,MSP,PZ5
2026-10-09,1 day ago,UA3594,Embraer E175,SDF,EWR,PZ1
2026-07-01,1 day ago,UA1139,Boeing 737 MAX 8,EWR,LAS,PZ1
2026-06-23,3 hours ago,UA2355,Boeing 737 MAX 9,EWR,CHS,PZ2
2026-05-14,3 days ago,UA307,Boeing 737-900,MSP,ORD,PZ4
2026-06-05,1 day ago,UA5408,Embraer E175,LAX,SMF,PZ2
2026-07-25,4 days ago,UA546,Boeing 737 MAX 9,SAV,EWR,PZ4
2026-05-12,1 day ago,UA273,Boeing 767-300,NCE,EWR,PZ9
2026-05-22,2 hours ago,UA4604,Bombardier CRJ550,RIC,EWR,PZ1
2026-05-17,1 day ago,UA3656,Embraer E175,LGA,IAD,PZ1
2026-05-13,3 days ago,UA3703,Embraer E175,EWR,PIT,PZ4
2026-05-17,9 hours ago,UA552,Boeing 737 MAX 9,SFO,ONT,PZ7
2026-06-05,1 day ago,UA2128,Boeing 737-800,LAX,MRY,PZ2
2026-06-05,1 day ago,UA5458,Embraer E175,LAX,PHX,PZ1
2026-08-17,1 day ago,UA16,Boeing 767-300,EWR,LHR,PZ9
2026-06-17,8 hours ago,UA3515,Embraer E175,IAD,YYZ,PZ3
2026-06-19,3 days ago,UA838,Boeing 737-800,KHH,NRT,PZ1
2026-06-29,1 day ago,UA3467,Embraer E175,CMH,EWR,PZ1
2026-05-18,2 days ago,UA3559,Embraer E175,YYZ,IAD,PZ1
2026-05-24,16 hours ago,UA2438,Boeing 737 MAX 9,EWR,IAH,PZ5
2026-05-20,4 days ago,UA3636,Embraer E175,YYZ,IAD,PZ3
2026-05-27,3 days ago,UA3636,Embraer E175,YYZ,IAD,PZ1
2026-08-15,4 hours ago,UA921,Boeing 767-300,LHR,EWR,PZ9
2026-07-21,3 hours ago,UA871,Boeing 777-300ER,SFO,TPE,PZ2
2026-05-10,10 hours ago,UA488,Boeing 737-800,BUR,SFO,PZ3
2026-08-09,4 days ago,UA1709,Boeing 737 MAX 9,BNA,IAD,PZ1
2026-05-23,1 day ago,UA1610,Airbus A321neo,EWR,ORD,PZ3
2026-05-13,1 day ago,UA22,Boeing 777-200,DUB,EWR,PZ9
2026-07-18,5 hours ago,UA1148,Boeing 737-900,SMF,ORD,PZ2
2026-09-11,4 days ago,UA5457,Embraer E175,MCI,ORD,PZ1
2026-09-09,4 days ago,UA5457,Embraer E175,MCI,ORD,PZ1
2026-05-09,4 hours ago,UA356,Airbus A319,ORD,ATL,PZ1
2026-08-02,4 days ago,UA1709,Boeing 737 MAX 9,BNA,IAD,PZ1
2026-06-12,1 day ago,UA5522,Embraer E175,SMF,LAX,PZ2
2026-05-05,1 day ago,UA4489,Bombardier CRJ550,IAD,CAE,PZ1
2026-05-08,1 day ago,UA1338,Airbus A321neo,IAH,ORD,PZ7
2026-05-09,12 hours ago,UA2667,Airbus A321neo,IAD,DEN,PZ5
2026-05-22,10 hours ago,UA1763,Boeing 757-300,SFO,ORD,PZ2
2026-08-01,4 days ago,UA1460,Airbus A319,BNA,IAD,PZ1
2026-05-07,3 hours ago,UA38,Boeing 787-10 Dreamliner,HND,LAX,PZ7
2026-06-03,3 hours ago,UA22,Boeing 777-200,DUB,EWR,PZ9
2026-05-23,2 days ago,UA267,Boeing 737-800,SFO,BOI,PZ3
2026-06-10,7 hours ago,UA726,Boeing 737-700,SLC,IAD,PZ1
2026-05-23,1 day ago,UA2074,Boeing 737 MAX 8,MIA,IAH,PZ5
2027-01-02,3 days ago,UA1619,Boeing 737-900,IAH,CUN,PZ4
2027-01-02,3 days ago,UA1020,Boeing 737-900,IAH,CUN,PZ1
2026-06-02,1 day ago,UA947,Boeing 767-300,AMS,IAD,PZ2
2026-05-25,4 hours ago,UA3470,Embraer E175,MKE,EWR,PZ3
2026-08-19,4 days ago,UA1366,Boeing 737 MAX 8,IAD,BNA,PZ1
2026-09-02,4 days ago,UA1366,Boeing 737 MAX 8,IAD,BNA,PZ1
2026-05-19,1 day ago,UA821,Boeing 787-9 Dreamliner,BKK,HKG,PZ9
2026-05-17,3 hours ago,UA3421,Embraer E175,EWR,CLT,PZ4
2026-09-08,4 days ago,UA1366,Boeing 737 MAX 8,IAD,BNA,PZ1
2026-06-03,1 day ago,UA947,Boeing 767-300,AMS,IAD,PZ9
2026-11-07,4 days ago,UA2771,Boeing 737-800,CLT,ORD,PZ3
2026-05-23,3 hours ago,UA2059,Boeing 737 MAX 9,ORD,PHX,PZ6
2026-07-01,4 days ago,UA1366,Airbus A320,IAD,BNA,PZ1
2026-07-01,4 days ago,UA213,Boeing 737-800,IAD,BNA,PZ1
2026-07-31,2 days ago,UA3995,Embraer E175,IAD,DTW,PZ1
2026-06-23,4 hours ago,UA123,Boeing 787-9 Dreamliner,LHR,EWR,PZ9
2026-08-19,1 day ago,UA4754,Embraer E175,DTW,ORD,PZ2
2026-09-10,15 hours ago,UA6168,Embraer E175,DTW,IAD,PZ1
2026-06-11,3 days ago,UA4055,Embraer E175,DTW,IAD,PZ1
2026-05-27,5 hours ago,UA299,Airbus A319,ATL,EWR,PZ1
2026-06-17,3 days ago,UA3500,Embraer E175,DTW,IAD,PZ2
2026-06-24,3 days ago,UA3500,Embraer E175,DTW,IAD,PZ2
2026-06-18,3 days ago,UA4055,Embraer E175,DTW,IAD,PZ1
2026-05-15,3 days ago,UA4032,Embraer E175,CLT,IAD,PZ5
2026-05-13,18 hours ago,UA1112,Boeing 737 MAX 9,SFO,MCO,PZ1
2026-05-22,1 day ago,UA243,Boeing 767-300,NCE,IAD,PZ9
2026-08-01,3 days ago,UA2610,Airbus A321neo,LAX,DEN,PZ2
2026-09-13,1 day ago,UA810,Boeing 777-300ER,MNL,SFO,PZ1
2026-07-12,4 days ago,UA2175,Airbus A319,ORD,BNA,PZ1
2026-07-12,4 days ago,UA3634,Embraer E175,ORD,BNA,PZ1
2026-08-26,1 day ago,UA810,Boeing 777-300ER,MNL,SFO,PZ2
2026-07-23,1 day ago,UA2771,Boeing 737-800,CLT,ORD,PZ1
2026-06-03,4 days ago,UA303,Boeing 737-900,ORD,BWI,PZ2
2026-06-09,17 hours ago,UA31,Boeing 767-300,MUC,EWR,PZ9
2026-06-01,4 hours ago,UA123,Boeing 787-9 Dreamliner,LHR,EWR,PZ9
2026-06-01,4 hours ago,UA17,Boeing 767-300,LHR,EWR,PZ9
2026-07-12,1 day ago,UA1145,Boeing 737-900,SFO,CUN,PZ8
2026-06-03,1 day ago,UA1565,Boeing 737-800,DEN,DFW,PZ3
2026-06-30,4 days ago,UA1705,Boeing 737-800,ORD,BNA,PZ3
2026-06-30,4 days ago,UA2414,Boeing 737 MAX 9,ORD,BNA,PZ4
2026-05-16,4 days ago,UA1742,Boeing 737 MAX 9,IAD,RSW,PZ1
2026-05-22,3 hours ago,UA798,Boeing 737 MAX 8,CLT,EWR,PZ1
2026-08-11,2 days ago,UA904,Boeing 767-300,EWR,LHR,PZ9
2026-11-03,3 days ago,UA798,Airbus A319,CLT,EWR,PZ1
2026-10-06,3 days ago,UA798,Boeing 737 MAX 8,CLT,EWR,PZ1
2026-06-07,3 hours ago,UA798,Boeing 737 MAX 8,CLT,EWR,PZ2
2026-06-09,3 hours ago,UA798,Boeing 737 MAX 8,CLT,EWR,PZ3
2026-07-26,3 days ago,UA798,Boeing 737 MAX 8,CLT,EWR,PZ1
2026-05-16,11 hours ago,UA2303,Boeing 737-900,SFO,LAX,PZ4
2026-08-20,7 hours ago,UA988,Boeing 777-300ER,FRA,IAD,PZ9
2026-09-29,3 days ago,UA798,Boeing 737 MAX 8,CLT,EWR,PZ2
2026-06-03,1 day ago,UA4567,Bombardier CRJ550,STL,ORD,PZ3
2026-06-03,1 day ago,UA4411,Bombardier CRJ550,STL,ORD,PZ3
2026-05-13,3 hours ago,UA2151,Boeing 737 MAX 8,CLT,EWR,PZ5
2026-10-13,3 days ago,UA798,Boeing 737 MAX 8,CLT,EWR,PZ2
2026-06-16,8 hours ago,UA12,Boeing 767-300,ZRH,ORD,PZ9
2027-03-12,1 day ago,UA2496,Boeing 737-800,ORD,YYZ,PZ2
2026-08-05,4 days ago,UA5509,Embraer E175,ORD,BNA,PZ2
2026-08-02,4 days ago,UA1969,Boeing 737 MAX 9,MCI,EWR,PZ2
2026-07-27,3 days ago,UA798,Boeing 737 MAX 8,CLT,EWR,PZ1
2026-12-21,3 days ago,UA642,Airbus A319,CLT,EWR,PZ1
2026-05-23,1 day ago,UA3451,Embraer E175,IND,EWR,PZ1
2026-07-15,2 days ago,UA1210,Boeing 737 MAX 9,PHX,ORD,PZ2
2026-06-09,3 days ago,UA947,Boeing 767-300,AMS,IAD,PZ9
2026-08-11,4 days ago,UA341,Boeing 737-900,ORD,SEA,PZ2
2026-06-16,2 days ago,UA958,Boeing 767-300,LHR,ORD,PZ9
2026-05-15,1 day ago,UA1846,Boeing 737-800,LAX,SLC,PZ5
2026-06-07,2 days ago,UA381,Boeing 767-300,BRI,EWR,PZ9
2026-05-25,1 day ago,UA1343,Boeing 737-900,SFO,SAN,PZ1
2026-05-20,1 day ago,UA945,Boeing 787-10 Dreamliner,FRA,ORD,PZ9
2026-05-15,1 day ago,UA4056,Embraer E175,MSP,IAH,PZ3
2026-08-25,4 days ago,UA2414,Boeing 737-800,ORD,BNA,PZ1
2026-08-09,6 hours ago,UA3501,Embraer E175,GRR,EWR,PZ1
2026-08-25,4 days ago,UA3632,Embraer E175,ORD,BNA,PZ2
2026-05-12,1 day ago,UA820,Boeing 787-9 Dreamliner,HKG,BKK,PZ9
2026-05-21,3 hours ago,UA5339,Embraer E175,SNA,SFO,PZ1
2026-05-10,1 day ago,UA2300,Airbus A320,ORD,BNA,PZ5
2026-06-28,3 days ago,UA1020,Boeing 737 MAX 9,IAH,CUN,PZ9
2026-09-08,4 days ago,UA3632,Embraer E175,ORD,BNA,PZ2
2026-05-23,4 days ago,UA2129,Boeing 737-900,SAN,IAD,PZ1
2026-05-10,6 hours ago,UA2115,Boeing 737-800,SFO,BUR,PZ3
2026-05-18,2 hours ago,UA941,Boeing 767-300,LHR,EWR,PZ9
2026-06-05,1 day ago,UA5430,Embraer E175,LAX,SMF,PZ2
2027-02-23,4 hours ago,UA980,Boeing 767-300,ORD,DUB,PZ4
2026-08-17,1 day ago,UA950,Boeing 777-300ER,IAD,BRU,PZ9
2026-09-03,9 hours ago,UA311,Boeing 757-200,DUB,IAD,PZ9
2026-07-07,4 days ago,UA2828,Boeing 737-900,SAV,EWR,PZ1
2026-08-28,4 days ago,UA546,Boeing 737 MAX 9,SAV,EWR,PZ2
2026-05-29,1 day ago,UA1336,Boeing 737 MAX 8,ORD,AUS,PZ2
2026-05-15,3 days ago,UA2363,Airbus A320,SFO,BUR,PZ1
2026-05-16,2 hours ago,UA4744,Bombardier CRJ550,BHM,ORD,PZ5
2026-07-05,4 days ago,UA6207,Embraer E175,IAH,SLC,PZ1
2026-05-12,4 days ago,UA426,Airbus A320,DTW,ORD,PZ5
2026-05-09,3 hours ago,UA3421,Embraer E175,EWR,CLT,PZ5
2026-09-28,4 days ago,UA2828,Boeing 737-900,SAV,EWR,PZ2
2026-05-17,2 days ago,UA1966,Boeing 737-900,IAH,MIA,PZ2
2026-05-08,1 day ago,UA1355,Boeing 737-800,BNA,ORD,PZ3
2026-05-25,4 days ago,UA488,Boeing 737 MAX 8,BUR,SFO,PZ3
2026-09-02,4 days ago,UA546,Boeing 737 MAX 9,SAV,EWR,PZ3
2027-03-22,2 hours ago,UA164,Boeing 777-300ER,EWR,DXB,PZ8
2026-05-16,2 days ago,UA1829,Boeing 737-800,IAH,MIA,PZ3
2026-05-08,1 day ago,UA4647,Embraer E175,BNA,ORD,PZ1
2026-05-19,2 days ago,UA755,Boeing 737 MAX 9,IAD,BOS,PZ4
2026-05-11,9 hours ago,UA795,Airbus A321neo,ORD,EWR,PZ2
2026-05-12,1 day ago,UA2145,Airbus A321neo,ORD,EWR,PZ2
2026-09-30,4 days ago,UA546,Boeing 737 MAX 9,SAV,EWR,PZ2
2026-06-18,19 hours ago,UA838,Boeing 737-800,KHH,NRT,PZ1
2026-07-15,1 day ago,UA1287,Airbus A319,EWR,ATL,PZ1
2026-07-21,1 day ago,UA5456,Embraer E175,LAX,AUS,PZ2
2026-05-13,3 days ago,UA153,Boeing 787-9 Dreamliner,SGN,HKG,PZ9
2026-05-17,1 day ago,UA320,Boeing 737-900,DEN,IAH,PZ1
2026-07-24,3 days ago,UA641,Boeing 737-700,ATL,IAD,PZ1
2026-10-31,3 days ago,UA641,Airbus A319,ATL,IAD,PZ2
2026-06-06,23 hours ago,UA2611,Boeing 737-800,SFO,BUR,PZ6
2026-07-30,3 days ago,UA1635,Boeing 737 MAX 8,IAD,ATL,PZ1
2026-07-22,4 days ago,UA2828,Boeing 737-900,SAV,EWR,PZ4
2026-05-28,4 hours ago,UA17,Boeing 767-300,LHR,EWR,PZ9
2026-10-20,3 days ago,UA1831,Boeing 737-800,ATL,IAD,PZ3
2026-06-19,4 days ago,UA1114,Boeing 737 MAX 8,DTW,IAH,PZ1
2026-07-25,3 days ago,UA641,Boeing 737-700,ATL,IAD,PZ2
2026-11-10,3 days ago,UA641,Airbus A319,ATL,IAD,PZ2
2026-08-04,1 day ago,UA641,Boeing 737-700,ATL,IAD,PZ2
2026-06-19,4 days ago,UA4032,Embraer E175,DTW,IAH,PZ1
2026-05-10,1 day ago,UA435,Boeing 737 MAX 8,SAN,SFO,PZ2
2026-05-20,7 hours ago,UA1730,Boeing 737-900,SEA,LAX,PZ5
2026-05-20,4 days ago,UA1591,Boeing 737 MAX 8,IAH,ATL,PZ3
2026-05-05,2 days ago,UA1635,Boeing 737 Max 8,IAD,ATL,PZ6
2026-11-01,3 days ago,UA641,Airbus A319,ATL,IAD,PZ1
2026-05-28,1 day ago,UA1635,Boeing 737 MAX 8,IAD,ATL,PZ3
2026-05-19,1 day ago,UA1831,Boeing 737-800,ATL,IAD,PZ3
2026-11-24,3 days ago,UA641,Airbus A319,ATL,IAD,PZ1
2026-08-22,1 day ago,UA1027,Airbus A320,SFO,MCI,PZ2
2026-12-21,3 days ago,UA641,Airbus A319,ATL,IAD,PZ1
2026-11-17,3 days ago,UA641,Airbus A319,ATL,IAD,PZ2
2026-09-22,3 days ago,UA632,Boeing 737-700,ATL,IAD,PZ1
2026-05-24,4 days ago,UA2110,Boeing 737-800,IAH,ATL,PZ3
2026-05-24,4 days ago,UA4079,Embraer E175,IAH,ATL,PZ1
2026-05-10,22 hours ago,UA5579,Embraer E175,SFO,SEA,PZ2
2026-07-28,3 days ago,UA641,Boeing 737-700,ATL,IAD,PZ2
2026-08-06,4 days ago,UA2828,Boeing 737-900,SAV,EWR,PZ2
2026-08-09,3 days ago,UA641,Boeing 737-700,ATL,IAD,PZ1
2026-06-06,19 hours ago,UA2127,Boeing 737-800,SFO,LAX,PZ2
2026-06-14,2 days ago,UA1635,Boeing 737 MAX 8,IAD,ATL,PZ2
2026-05-19,1 day ago,UA1635,Boeing 737 MAX 8,IAD,ATL,PZ9
2026-05-11,4 hours ago,UA6,Boeing 787-9 Dreamliner,NRT,IAH,PZ9
2026-05-18,1 day ago,UA1635,Boeing 737 MAX 8,IAD,ATL,PZ7
2026-06-11,2 days ago,UA1635,Boeing 737 MAX 8,IAD,ATL,PZ1
2026-08-25,3 days ago,UA2739,Boeing 737 MAX 8,IAD,ATL,PZ2
2026-09-07,3 days ago,UA2739,Boeing 737 MAX 8,IAD,ATL,PZ1
2026-05-31,1 day ago,UA1635,Boeing 737 MAX 8,IAD,ATL,PZ4
2026-10-21,3 days ago,UA2739,Boeing 737 MAX 9,IAD,ATL,PZ3
2026-05-06,4 days ago,UA2363,Airbus A320,SFO,BUR,PZ4
2026-05-22,1 day ago,UA1635,Airbus A319,IAD,ATL,PZ5
2026-09-09,3 days ago,UA2739,Boeing 737 MAX 8,IAD,ATL,PZ3
2026-10-20,3 days ago,UA2739,Boeing 737 MAX 9,IAD,ATL,PZ3
2026-05-16,1 day ago,UA1635,Airbus A319,IAD,ATL,PZ4
2026-11-18,3 days ago,UA1635,Airbus A319,IAD,ATL,PZ1
2026-06-01,1 day ago,UA1635,Boeing 737 MAX 8,IAD,ATL,PZ4
2026-08-26,3 days ago,UA2739,Boeing 737 MAX 8,IAD,ATL,PZ2
2026-09-02,3 days ago,UA2739,Boeing 737 MAX 8,IAD,ATL,PZ2
2026-10-07,3 days ago,UA2739,Boeing 737 MAX 9,IAD,ATL,PZ1
2026-10-13,3 days ago,UA2739,Boeing 737 MAX 9,IAD,ATL,PZ3
2026-07-11,3 days ago,UA1635,Boeing 737 MAX 8,IAD,ATL,PZ1
2026-08-25,22 hours ago,UA32,Boeing 787-9 Dreamliner,LAX,NRT,PZ1
2027-01-20,4 days ago,UA988,Boeing 777-300ER,FRA,IAD,PZ7
2026-08-09,4 days ago,UA2828,Boeing 737 MAX 9,SAV,EWR,PZ2
2026-05-31,2 days ago,UA488,Boeing 737 MAX 8,BUR,SFO,PZ1
2026-05-06,8 hours ago,UA969,Boeing 777-222ER,AMS,SFO,PZ9
2026-09-19,1 day ago,UA1780,Boeing 737 MAX 8,RNO,LAX,PZ1
2026-05-06,1 day ago,UA135,Boeing 767-300,ZRH,EWR,PZ9
2026-06-06,1 day ago,UA2072,Boeing 737-700,SLC,ORD,PZ2
2026-05-22,23 hours ago,UA782,Boeing 737-900,EWR,MSP,PZ6
2026-07-21,4 days ago,UA2828,Boeing 737-900,SAV,EWR,PZ4
2026-07-06,4 days ago,UA2828,Boeing 737-900,SAV,EWR,PZ2
2026-06-17,1 day ago,UA1331,Boeing 737 MAX 9,EWR,DFW,PZ1
2026-05-30,1 day ago,UA3541,Embraer E175,EWR,MSP,PZ2
2026-05-26,19 hours ago,UA1020,Boeing 737 MAX 9,IAH,CUN,PZ9
2026-06-30,1 day ago,UA4504,Bombardier CRJ550,ROC,IAD,PZ1
2026-05-09,3 days ago,UA3424,Embraer E175,EWR,MSP,PZ6
2026-05-25,8 hours ago,UA12,Boeing 767-300,ZRH,ORD,PZ9
2026-05-14,6 hours ago,UA488,Boeing 737-800,BUR,SFO,PZ2
2026-07-01,1 day ago,UA4504,Bombardier CRJ550,ROC,IAD,PZ1
2026-07-01,1 day ago,UA4578,Bombardier CRJ550,ROC,IAD,PZ1
2026-07-29,1 day ago,UA3694,Embraer E175,SDF,EWR,PZ1
2026-05-11,1 day ago,UA5676,Embraer E175,SEA,SFO,PZ3
2026-05-30,3 hours ago,UA3468,Embraer E175,CLT,EWR,PZ2
2026-08-18,4 days ago,UA2828,Airbus A319,SAV,EWR,PZ1
2026-05-05,9 hours ago,UA950,Boeing 777-300ER,IAD,BRU,PZ4
2026-06-02,1 day ago,UA810,Boeing 777-300ER,MNL,SFO,PZ4
2026-06-09,2 hours ago,UA1032,Boeing 737-900,DFW,EWR,PZ2
2026-07-06,4 days ago,UA3652,Embraer E175,DTW,EWR,PZ1
2026-07-15,4 days ago,UA2828,Boeing 737-900,SAV,EWR,PZ3
2026-06-17,3 hours ago,UA3662,Embraer E175,ORD,CLT,PZ2
2026-07-06,4 days ago,UA4754,Embraer E175,DTW,ORD,PZ1
2026-05-05,1 day ago,UA402,Boeing 737 Max 9,EWR,TPA,PZ4
2026-05-05,1 day ago,UA1139,Boeing 737 Max 9,EWR,TPA,PZ7
2026-05-06,2 hours ago,UA809,Boeing 777-300ER,SFO,MNL,PZ2
2026-05-05,4 days ago,UA201,Boeing 777-300ER,HNL,GUM,PZ9
2027-03-29,23 hours ago,UA164,Boeing 777-300ER,EWR,DXB,PZ5
2026-06-13,4 hours ago,UA2669,Boeing 737-900,IAD,EWR,PZ3
2026-05-16,2 days ago,UA787,Boeing 737-900,IAH,ORD,PZ6
2026-07-08,2 days ago,UA6245,Embraer E175,MTY,IAH,PZ5
2026-09-19,2 days ago,UA1853,Boeing 737-700,MTY,IAH,PZ5
2026-09-19,2 days ago,UA6144,Embraer E175,MTY,IAH,PZ4
2026-08-18,2 days ago,UA1853,Boeing 737-700,MTY,IAH,PZ4
2026-08-18,2 days ago,UA5243,Embraer E175,MTY,IAH,PZ4
2026-09-26,2 days ago,UA1853,Boeing 737-700,MTY,IAH,PZ5
2026-09-26,2 days ago,UA6245,Embraer E175,MTY,IAH,PZ5
2026-09-26,2 days ago,UA6144,Embraer E175,MTY,IAH,PZ4
2026-12-24,2 days ago,UA5243,Embraer E175,MTY,IAH,PZ2
2026-07-21,1 day ago,UA3690,Embraer E175,ORD,EYW,PZ1
2026-06-11,2 days ago,UA951,Boeing 777-300ER,BRU,IAD,PZ8
2026-12-15,2 days ago,UA1853,Boeing 737-700,MTY,IAH,PZ2
2027-01-23,2 days ago,UA1853,Boeing 737-700,MTY,IAH,PZ2
2026-08-11,2 days ago,UA2037,Boeing 737-700,MTY,IAH,PZ4
2026-11-21,2 days ago,UA1853,Boeing 737-700,MTY,IAH,PZ2
2026-09-05,2 days ago,UA1853,Boeing 737-700,MTY,IAH,PZ1
2026-07-29,2 days ago,UA1853,Boeing 737-700,MTY,IAH,PZ2
2026-12-19,2 days ago,UA1853,Boeing 737-700,MTY,IAH,PZ2
2026-10-06,2 days ago,UA6245,Embraer E175,MTY,IAH,PZ2
2026-10-29,2 days ago,UA5243,Embraer E175,MTY,IAH,PZ2
2026-07-06,1 day ago,UA1407,Airbus A319,EWR,MYR,PZ1
2026-09-21,2 days ago,UA5243,Embraer E175,MTY,IAH,PZ5
2026-05-15,11 hours ago,UA1338,Airbus A321neo,IAH,ORD,PZ5
2026-07-14,1 day ago,UA1407,Boeing 737 MAX 8,EWR,MYR,PZ3
2026-05-08,7 hours ago,UA586,Boeing 737 MAX 8,ORD,LGA,PZ2
2026-06-20,3 days ago,UA152,Boeing 787-9 Dreamliner,HKG,SGN,PZ9
2026-05-26,3 hours ago,UA3440,Embraer E175,CLT,ORD,PZ2
2026-05-20,2 days ago,UA787,Boeing 737 MAX 9,IAH,ORD,PZ6
2026-05-15,3 hours ago,UA2635,Boeing 737-900,ORD,CLT,PZ6
2027-02-17,2 days ago,UA31,Boeing 767-300,MUC,EWR,PZ2
2026-05-08,4 hours ago,UA6179,Embraer E175,IAH,TUL,PZ2
2026-05-28,4 hours ago,UA941,Boeing 767-300,LHR,EWR,PZ9
2026-06-16,1 day ago,UA1979,Boeing 737 MAX 9,EWR,TPA,PZ3
2026-05-08,21 hours ago,UA2332,Airbus A320,SFO,AUS,PZ2
2026-06-30,1 day ago,UA1399,Boeing 737 MAX 9,EWR,MCI,PZ4
2026-05-08,2 hours ago,UA412,Airbus A319,SFO,MEX,PZ4
2026-12-08,1 day ago,UA3609,Embraer E175,EWR,SDF,PZ2
2026-12-31,1 day ago,UA3609,Embraer E175,EWR,SDF,PZ1
2026-05-31,17 hours ago,UA4763,Embraer E175,SLC,SFO,PZ1
2026-09-05,9 hours ago,UA1874,Airbus A321neo,IAH,DEN,PZ2
2026-12-31,1 day ago,UA3599,Embraer E175,EWR,SDF,PZ1
2026-12-30,1 day ago,UA3599,Embraer E175,EWR,SDF,PZ1
2026-12-25,1 day ago,UA3609,Embraer E175,EWR,SDF,PZ1
2026-12-05,1 day ago,UA3609,Embraer E175,EWR,SDF,PZ2
2026-05-06,20 hours ago,UA958,Boeing 767-300,LHR,ORD,PZ9
2026-05-09,4 hours ago,UA958,Boeing 767-300,LHR,ORD,PZ9
2026-08-08,2 days ago,UA2104,Boeing 737 MAX 8,EWR,CLT,PZ3
2026-10-11,4 days ago,UA4667,Embraer E175,ORD,BNA,PZ1
2026-06-23,3 hours ago,UA798,Boeing 737 MAX 8,CLT,EWR,PZ3
2026-06-03,1 day ago,UA4423,Bombardier CRJ550,STL,ORD,PZ2
2026-05-11,2 days ago,UA1112,Boeing 737 MAX 9,SFO,MCO,PZ2
2026-08-09,13 hours ago,UA798,Boeing 737 MAX 8,CLT,EWR,PZ1
2026-05-28,1 day ago,UA957,Boeing 767-300,GVA,EWR,PZ9
2026-12-23,21 hours ago,UA988,Boeing 777-300ER,FRA,IAD,PZ5
2026-09-09,1 day ago,UA933,Boeing 777-200,FRA,IAD,PZ9
2026-05-26,2 hours ago,UA63,Boeing 787-9 Dreamliner,GRU,IAH,PZ9
2026-09-12,3 days ago,UA2611,Boeing 737-900,MCO,IAH,PZ1
2026-05-16,1 day ago,UA1730,Boeing 737-900,SEA,LAX,PZ9
2027-03-16,1 day ago,UA959,Boeing 767-300,LHR,ORD,PZ4
2026-05-16,1 day ago,UA5657,Embraer E175,SEA,LAX,PZ7
2027-01-18,1 day ago,UA1675,Boeing 737 MAX 8,IAH,MDE,PZ3
2026-07-02,8 hours ago,UA2175,Boeing 737-800,ORD,BNA,PZ2
2026-05-23,1 day ago,UA5390,Embraer E175,SMF,LAX,PZ3
2026-06-20,5 hours ago,UA1439,Airbus A319,IAH,DFW,PZ2
2026-05-06,5 hours ago,UA949,Boeing 777-222B,LHR,SFO,PZ6
2026-05-16,2 days ago,UA2209,Boeing 737-900,PHX,SFO,PZ4
2026-05-10,4 hours ago,UA33,Boeing 787-9 Dreamliner,NRT,LAX,PZ9
2026-06-16,1 day ago,UA4581,Bombardier CRJ550,ORD,STL,PZ3
2026-07-03,19 hours ago,UA921,Boeing 767-300,LHR,EWR,PZ9
2026-06-16,1 day ago,UA4613,Bombardier CRJ550,ORD,STL,PZ3
2026-06-16,1 day ago,UA5958,Bombardier CRJ550,ORD,STL,PZ3
2026-05-16,1 day ago,UA1782,Boeing 737-900,BOI,DEN,PZ1
2026-10-21,4 days ago,UA2828,Boeing 737-900,SAV,EWR,PZ2
2026-08-18,4 days ago,UA123,Boeing 787-9 Dreamliner,LHR,EWR,PZ9
2026-07-18,4 days ago,UA1969,Boeing 737 MAX 8,MCI,EWR,PZ3
2026-05-08,11 hours ago,UA1097,Airbus A320,SFO,BUR,PZ3
2026-06-03,1 day ago,UA1008,Boeing 737-900,STL,ORD,PZ3
2026-06-09,4 days ago,UA951,Boeing 777-300ER,BRU,IAD,PZ9
2026-12-15,3 hours ago,UA2733,Boeing 737-900,SEA,ORD,PZ2
2026-05-21,2 days ago,UA4604,Bombardier CRJ550,RIC,EWR,PZ1
2026-06-23,4 days ago,UA1114,Boeing 737 MAX 8,DTW,IAH,PZ1
2026-05-19,5 hours ago,UA842,Boeing 787-9 Dreamliner,SYD,LAX,PZ9
2026-06-24,3 days ago,UA2110,Boeing 737-800,IAH,ATL,PZ1
2026-06-03,8 hours ago,UA939,Boeing 787-9 Dreamliner,LHR,SFO,PZ9
2026-09-09,4 days ago,UA546,Boeing 737 MAX 9,SAV,EWR,PZ3
2026-07-15,4 days ago,UA2050,Boeing 737-800,IAH,ATL,PZ1
2026-12-15,4 days ago,UA1288,Boeing 737-800,ATL,ORD,PZ3
2026-06-22,1 day ago,UA951,Boeing 777-300ER,BRU,IAD,PZ9
2026-05-11,4 days ago,UA4191,Bombardier CRJ550,EWR,RIC,PZ3
2026-05-15,2 days ago,UA4191,Bombardier CRJ550,EWR,RIC,PZ2
2026-08-29,3 days ago,UA632,Boeing 737-700,ATL,IAD,PZ1
2026-12-21,3 days ago,UA632,Airbus A319,ATL,IAD,PZ1
2026-05-20,4 days ago,UA4176,Bombardier CRJ550,EWR,RIC,PZ1
2026-05-18,4 days ago,UA1145,Boeing 737-900,SFO,CUN,PZ7
2026-05-07,3 days ago,UA2363,Airbus A320,SFO,BUR,PZ1
2026-05-13,4 days ago,UA4396,Bombardier CRJ550,EWR,RIC,PZ4
2026-10-20,1 day ago,UA2830,Boeing 737 MAX 9,SAN,SFO,PZ1
2027-01-21,4 days ago,UA988,Boeing 777-300ER,FRA,IAD,PZ3
2026-05-17,2 days ago,UA5361,Embraer E175,SFO,BUR,PZ4
2026-05-17,2 days ago,UA5653,Embraer E175,SFO,BUR,PZ5
2026-06-09,Just now,UA2247,Boeing 737-900,ORD,YYZ,PZ5
2026-08-23,4 hours ago,UA123,Boeing 787-9 Dreamliner,LHR,EWR,PZ9
2026-05-16,4 days ago,UA951,Boeing 777-300ER,BRU,IAD,PZ9
2026-06-26,Just now,UA5836,Embraer E175,ORD,YYZ,PZ1
2026-05-09,1 day ago,UA5401,Embraer E175,ORD,MCI,PZ2
2026-06-01,2 days ago,UA1543,Boeing 737 MAX 9,EWR,SJU,PZ9
2026-06-19,3 days ago,UA2247,Boeing 737-900,ORD,YYZ,PZ5
2026-05-09,1 day ago,UA3657,Embraer E175,ORD,MCI,PZ1
2026-09-10,4 days ago,UA139,Boeing 757-200,KEF,EWR,PZ8
2026-07-03,10 hours ago,UA139,Boeing 757-200,KEF,EWR,PZ7
2026-05-08,10 hours ago,UA556,Airbus A319,ATL,EWR,PZ2
2026-05-30,1 day ago,UA1364,Boeing 737 MAX 9,EWR,FLL,PZ2
2026-05-05,3 days ago,UA626,Airbus A320,SFO,BUR,PZ3
2026-07-27,4 days ago,UA2828,Boeing 737-900,SAV,EWR,PZ2
2026-05-23,3 days ago,UA442,Boeing 737 MAX 8,SFO,BUR,PZ6
2026-10-13,4 days ago,UA2828,Boeing 737-900,SAV,EWR,PZ2
2026-05-08,11 hours ago,UA3680,Embraer E175,EWR,MSP,PZ4
2026-08-29,1 day ago,UA951,Boeing 777-300ER,BRU,IAD,PZ9
2026-09-03,1 day ago,UA945,Boeing 787-10 Dreamliner,FRA,ORD,PZ9
2026-08-19,4 days ago,UA546,Boeing 737 MAX 9,SAV,EWR,PZ3
2026-11-14,2 days ago,UA1853,Boeing 737-700,MTY,IAH,PZ2
2026-07-15,2 days ago,UA5243,Embraer E175,MTY,IAH,PZ3
2026-05-07,4 days ago,UA488,Boeing 737-800,BUR,SFO,PZ2
2026-05-06,2 hours ago,UA189,Boeing 777-300ER,SFO,MNL,PZ9
2026-05-14,3 days ago,UA152,Boeing 787-9 Dreamliner,HKG,SGN,PZ9
2026-05-07,2 hours ago,UA809,Boeing 777-300ER,SFO,MNL,PZ9
2026-06-13,4 days ago,UA1508,Airbus A320,BUR,SFO,PZ4
2026-05-16,9 hours ago,UA5676,Embraer E175,SEA,SFO,PZ5
2026-05-16,1 day ago,UA5659,Embraer E175,SEA,LAX,PZ1
2026-05-09,3 days ago,UA152,Boeing 787-9 Dreamliner,HKG,SGN,PZ9
2026-05-21,4 days ago,UA2805,Airbus A320,ORD,MSP,PZ1
2026-05-11,3 days ago,UA152,Boeing 787-9 Dreamliner,HKG,SGN,PZ9
2026-08-03,4 days ago,UA2291,Boeing 737-900,EWR,SAV,PZ1
2026-05-08,11 hours ago,UA2174,Boeing 737-800,SFO,BUR,PZ6
2026-08-11,4 days ago,UA1636,Boeing 737 MAX 9,EWR,SAV,PZ1
2026-06-19,3 days ago,UA152,Boeing 787-9 Dreamliner,HKG,SGN,PZ9
2026-08-04,7 hours ago,UA32,Boeing 787-9 Dreamliner,LAX,NRT,PZ6
2026-05-22,4 hours ago,UA2609,Boeing 737-900,ORD,PBI,PZ4
2026-05-16,1 day ago,UA546,Airbus A321neo,EWR,ORD,PZ3
2026-05-08,11 hours ago,UA5653,Embraer E175,SFO,BUR,PZ6
2027-03-03,4 days ago,UA354,Boeing 737-800,CMH,LAX,PZ3
2026-05-16,1 day ago,UA123,Boeing 787-9 Dreamliner,LHR,EWR,PZ9
2026-10-10,4 days ago,UA2645,Boeing 737-900,EWR,SAV,PZ3
2026-05-07,3 days ago,UA152,Boeing 787-9 Dreamliner,HKG,SGN,PZ9
2026-05-31,1 day ago,UA1600,Boeing 737-800,IAH,TQO,PZ9
2026-05-24,3 hours ago,UA918,Boeing 777-200,IAD,LHR,PZ9
2026-05-06,11 hours ago,UA858,Boeing 777-300ER,PVG,SFO,PZ1
2026-05-20,4 days ago,UA2232,Boeing 737-800,ORD,MSP,PZ6
2026-06-05,23 hours ago,UA32,Boeing 737-800,NRT,CEB,PZ2
2026-08-11,11 hours ago,UA42,Boeing 777-300ER,EWR,FRA,PZ9
2026-06-02,4 hours ago,UA15,Boeing 767-300,LHR,EWR,PZ9
2026-05-30,4 hours ago,UA17,Boeing 767-300,LHR,EWR,PZ9
2026-05-30,4 hours ago,UA921,Boeing 767-300,LHR,EWR,PZ4
2026-05-20,4 days ago,UA5405,Embraer E175,ORD,MSP,PZ6
2026-05-20,4 days ago,UA1935,Airbus A319,ORD,MSP,PZ1
2026-05-11,7 hours ago,UA20,Boeing 767-300,IAH,AMS,PZ1
2026-07-30,4 days ago,UA2291,Boeing 737-900,EWR,SAV,PZ2
2026-08-27,1 day ago,UA905,Boeing 777-200,LHR,EWR,PZ9
2026-10-06,4 days ago,UA2645,Boeing 737-900,EWR,SAV,PZ3
2026-05-09,2 hours ago,UA33,Boeing 787-9 Dreamliner,NRT,LAX,PZ7
2026-10-17,4 days ago,UA2645,Boeing 737-900,EWR,SAV,PZ3
2026-06-02,1 day ago,UA988,Boeing 777-300ER,FRA,IAD,PZ9
2026-05-21,7 hours ago,UA1708,Airbus A320,SFO,SEA,PZ3
2026-05-25,17 hours ago,UA1259,Airbus A319,SEA,SFO,PZ2
2026-07-18,4 days ago,UA2291,Boeing 737 MAX 9,EWR,SAV,PZ3
2026-06-16,12 hours ago,UA1800,Boeing 737 MAX 9,ORD,BOS,PZ5
2026-05-09,4 days ago,UA1145,Boeing 737-900,SFO,CUN,PZ9
2026-12-22,1 day ago,UA958,Boeing 767-300,LHR,ORD,PZ4
2026-12-17,1 day ago,UA958,Boeing 767-300,LHR,ORD,PZ3
2026-06-02,21 hours ago,UA957,Boeing 767-300,GVA,EWR,PZ9
2026-07-07,2 days ago,UA758,Boeing 737 MAX 9,JAX,EWR,PZ2
2026-05-18,6 hours ago,UA33,Boeing 787-9 Dreamliner,NRT,LAX,PZ2
2026-05-11,1 day ago,UA1033,Boeing 737-900,PTY,IAH,PZ2
2026-06-15,11 hours ago,UA3578,Embraer E175,GSP,EWR,PZ3
2026-11-24,3 days ago,UA933,Boeing 777-200,FRA,IAD,PZ2
2026-05-13,4 days ago,UA660,Boeing 737 MAX 8,PHL,ORD,PZ2
2026-05-29,6 hours ago,UA995,Boeing 787-10 Dreamliner,BRU,EWR,PZ9
2026-07-25,4 hours ago,UA5382,Embraer E175,LIT,ORD,PZ2
2027-01-27,4 days ago,UA988,Boeing 777-300ER,FRA,IAD,PZ7
2026-11-25,3 days ago,UA988,Boeing 777-300ER,FRA,IAD,PZ6
2026-09-02,1 day ago,UA933,Boeing 777-200,FRA,IAD,PZ9
2027-01-14,4 days ago,UA988,Boeing 777-300ER,FRA,IAD,PZ1
2026-06-01,3 days ago,UA1896,Boeing 737-800,PDX,SFO,PZ1
2026-10-04,4 days ago,UA2645,Boeing 737-900,EWR,SAV,PZ1
2026-05-05,13 hours ago,UA190,Boeing 777-300ER,MNL,SFO,PZ1
2026-05-17,4 days ago,UA1979,Boeing 737 MAX 8,EWR,TPA,PZ1
2027-02-10,2 days ago,UA17,Boeing 777-200,LHR,EWR,PZ4
2027-02-10,2 days ago,UA147,Boeing 767-300,LHR,EWR,PZ2
2027-02-10,2 days ago,UA941,Boeing 767-300,LHR,EWR,PZ2
2026-05-13,1 day ago,UA31,Boeing 767-400ER,MUC,EWR,PZ5
2026-05-05,4 hours ago,UA930,Boeing 777-222B,SFO,LHR,PZ9
2026-05-12,16 hours ago,UA1309,Boeing 737-900,EWR,TPA,PZ2
2026-05-28,2 days ago,UA594,Boeing 737-800,LAX,SAN,PZ2
2026-06-09,15 hours ago,UA2133,Boeing 737-900,EWR,TPA,PZ4
2026-05-31,1 day ago,UA537,Boeing 737 MAX 9,MEM,IAH,PZ2
2026-05-31,1 day ago,UA6250,Embraer E175,MEM,IAH,PZ1
2026-05-31,1 day ago,UA5223,Embraer E175,MTY,IAH,PZ8
2027-01-14,13 hours ago,UA973,Boeing 787-10 Dreamliner,BRU,ORD,PZ6
2027-01-12,13 hours ago,UA973,Boeing 787-10 Dreamliner,BRU,ORD,PZ2
2027-01-13,13 hours ago,UA973,Boeing 787-10 Dreamliner,BRU,ORD,PZ6
2026-05-06,4 days ago,UA5703,Embraer E175,ORD,ATL,PZ2
2026-08-22,2 days ago,UA2453,Boeing 737 MAX 8,JAX,IAH,PZ1
2026-06-30,3 hours ago,UA2771,Boeing 737-800,CLT,ORD,PZ3
2026-08-09,1 day ago,UA1878,Boeing 737 MAX 9,AUS,ORD,PZ2
2026-05-28,2 hours ago,UA929,Boeing 767-300,ORD,LHR,PZ3
2026-05-24,3 days ago,UA1885,Airbus A319,SFO,SEA,PZ2
2026-08-24,2 days ago,UA809,Boeing 777-300ER,SFO,MNL,PZ9
2026-06-16,10 hours ago,UA2019,Boeing 737 MAX 9,SFO,DEN,PZ5
2026-05-13,1 day ago,UA2403,Boeing 737 MAX 9,LAX,IAH,PZ1
2026-05-26,1 day ago,UA2432,Boeing 737 MAX 8,LAX,FAT,PZ3
2026-11-22,2 days ago,UA6144,Embraer E175,MTY,IAH,PZ1
2026-08-08,2 days ago,UA1853,Boeing 737-700,MTY,IAH,PZ5
2026-08-08,2 days ago,UA5243,Embraer E175,MTY,IAH,PZ5
2026-12-21,2 days ago,UA1853,Boeing 737-700,MTY,IAH,PZ2
2026-07-27,2 days ago,UA6245,Embraer E175,MTY,IAH,PZ5
2026-07-27,2 days ago,UA5243,Embraer E175,MTY,IAH,PZ5
2026-06-27,1 day ago,UA3690,Embraer E175,ORD,EYW,PZ1
2026-12-08,2 days ago,UA1853,Boeing 737-700,MTY,IAH,PZ1
2026-12-08,2 days ago,UA6245,Embraer E175,MTY,IAH,PZ2
2026-12-04,2 days ago,UA6245,Embraer E175,MTY,IAH,PZ2
2026-10-03,2 days ago,UA1853,Boeing 737-700,MTY,IAH,PZ2
2026-07-05,1 day ago,UA1407,Airbus A319,EWR,MYR,PZ1
2026-12-16,2 days ago,UA6245,Embraer E175,MTY,IAH,PZ1
2026-09-02,2 days ago,UA6245,Embraer E175,MTY,IAH,PZ4
2026-07-18,2 days ago,UA5243,Embraer E175,MTY,IAH,PZ5
2026-11-09,2 days ago,UA5243,Embraer E175,MTY,IAH,PZ2
2026-08-05,1 day ago,UA3690,Embraer E175,ORD,EYW,PZ1
2026-09-24,2 days ago,UA6245,Embraer E175,MTY,IAH,PZ4
2026-09-16,2 days ago,UA6245,Embraer E175,MTY,IAH,PZ5
2026-08-22,2 days ago,UA6144,Embraer E175,MTY,IAH,PZ4
2026-11-21,2 days ago,UA6245,Embraer E175,MTY,IAH,PZ2
2026-11-10,2 days ago,UA1853,Boeing 737-700,MTY,IAH,PZ2
2026-12-01,2 days ago,UA1853,Boeing 737-700,MTY,IAH,PZ2
2026-12-01,2 days ago,UA6245,Embraer E175,MTY,IAH,PZ1
2026-08-15,2 days ago,UA1853,Boeing 737-700,MTY,IAH,PZ5
2026-12-10,2 days ago,UA5243,Embraer E175,MTY,IAH,PZ1
2026-10-17,2 days ago,UA1853,Boeing 737-700,MTY,IAH,PZ2
2026-12-20,2 days ago,UA1853,Boeing 737-700,MTY,IAH,PZ2
2026-12-05,2 days ago,UA5243,Embraer E175,MTY,IAH,PZ2
2026-11-12,2 days ago,UA5243,Embraer E175,MTY,IAH,PZ1
2026-11-26,2 days ago,UA6144,Embraer E175,MTY,IAH,PZ1
2026-06-27,6 hours ago,UA2427,Boeing 737 MAX 9,OMA,ORD,PZ2
2026-05-08,4 hours ago,UA1400,Airbus A320,ORD,SEA,PZ1
2026-08-12,2 days ago,UA1778,Airbus A319,ORD,OMA,PZ1
2026-05-15,1 day ago,UA908,Boeing 767-300,AMS,ORD,PZ9
2026-05-26,1 day ago,UA1503,Airbus A321neo,SEA,ORD,PZ3
2026-06-03,4 days ago,UA2244,Boeing 737-800,IAD,SAV,PZ2
2026-05-24,4 hours ago,UA99,Boeing 787-9 Dreamliner,MEL,LAX,PZ7
2026-05-12,4 days ago,UA4036,Embraer E175,IAD,SAV,PZ3
2026-06-02,1 day ago,UA1692,Boeing 737-800,LAX,CMH,PZ1
2026-06-24,4 days ago,UA2244,Boeing 737-800,IAD,SAV,PZ2
2026-05-31,6 hours ago,UA3718,Embraer E175,GRR,EWR,PZ2
2026-05-11,2 days ago,UA154,Boeing 737-800,HNL,MAJ,PZ9
2027-01-03,3 days ago,UA1145,Boeing 737-900,SFO,CUN,PZ2
2026-05-22,2 hours ago,UA1206,Boeing 737-900,EWR,ORD,PZ5
2026-05-19,1 day ago,UA623,Boeing 737-800,LGA,ORD,PZ1
2026-05-21,11 hours ago,UA4398,Bombardier CRJ550,EWR,YOW,PZ3
2026-05-22,3 hours ago,UA3662,Embraer E175,ORD,CLT,PZ2
2026-06-23,4 hours ago,UA15,Boeing 767-300,LHR,EWR,PZ9
2026-07-09,10 hours ago,UA916,Boeing 777-200,AKL,SFO,PZ2
2026-10-08,4 days ago,UA2645,Boeing 737-900,EWR,SAV,PZ2
2026-06-16,20 hours ago,UA2127,Boeing 737 MAX 9,SFO,LAX,PZ8
2026-05-11,3 days ago,UA837,Boeing 737-800,NRT,KHH,PZ9
2026-06-12,7 hours ago,UA1635,Boeing 737 MAX 8,SEA,LAX,PZ1
2026-05-05,1 day ago,UA160,Boeing 777-222B,MUC,IAH,PZ9
2026-05-16,6 hours ago,UA1799,Boeing 737 MAX 9,LAS,SFO,PZ2
2026-05-08,1 day ago,UA233,Boeing 737 MAX 9,LAX,SFO,PZ1
2027-01-27,1 day ago,UA951,Boeing 777-300ER,BRU,IAD,PZ9
2026-06-03,4 days ago,UA6251,Embraer E175,DTW,IAH,PZ1
2027-01-21,1 day ago,UA951,Boeing 777-300ER,BRU,IAD,PZ7
2026-05-16,6 hours ago,UA548,Boeing 737-800,LAS,SFO,PZ6
2026-06-17,1 day ago,UA951,Boeing 777-300ER,BRU,IAD,PZ9
2026-09-10,1 day ago,UA951,Boeing 777-300ER,BRU,IAD,PZ9
2026-06-02,4 days ago,UA1114,Boeing 737 MAX 8,DTW,IAH,PZ1
2027-01-28,1 day ago,UA951,Boeing 777-300ER,BRU,IAD,PZ4
2026-05-21,2 days ago,UA5222,Embraer E175,IAH,MTY,PZ5
2026-12-24,1 day ago,UA951,Boeing 777-300ER,BRU,IAD,PZ7
2026-05-24,1 day ago,UA958,Boeing 767-300,LHR,ORD,PZ9
2026-05-12,2 days ago,UA951,Boeing 777-300ER,BRU,IAD,PZ9
2027-01-26,1 day ago,UA951,Boeing 777-300ER,BRU,IAD,PZ2
2027-01-25,1 day ago,UA951,Boeing 777-300ER,BRU,IAD,PZ3
2026-11-22,1 day ago,UA951,Boeing 777-300ER,BRU,IAD,PZ2
2026-08-13,19 hours ago,UA951,Boeing 777-300ER,BRU,IAD,PZ9
2026-07-21,4 days ago,UA2291,Boeing 737-900,EWR,SAV,PZ4
2026-05-21,2 days ago,UA1567,Boeing 737 MAX 8,MEX,IAD,PZ6
2026-05-25,1 day ago,UA1012,Boeing 737 MAX 9,EWR,ATL,PZ5
2026-05-18,7 hours ago,UA5659,Embraer E175,SEA,LAX,PZ3
2026-05-06,13 hours ago,UA862,Boeing 777-300ER,HKG,SFO,PZ7
2026-06-02,2 days ago,UA1032,Boeing 737-900,DFW,EWR,PZ2
2026-05-21,5 hours ago,UA1968,Airbus A320,MSN,DEN,PZ2
2026-05-07,20 hours ago,UA806,Boeing 787-9,ICN,SFO,PZ2
2026-08-18,4 days ago,UA1636,Boeing 737 MAX 9,EWR,SAV,PZ3
2026-08-18,4 days ago,UA2645,Airbus A319,EWR,SAV,PZ1
2026-05-16,4 days ago,UA402,Boeing 737 MAX 9,EWR,TPA,PZ2
2026-05-05,1 day ago,UA135,Boeing 767-300,ZRH,EWR,PZ9
2026-09-28,16 hours ago,UA97,Boeing 777-200,BNE,SFO,PZ1
2026-06-06,4 days ago,UA1345,Airbus A320,YYZ,IAH,PZ3
2026-05-27,4 days ago,UA1345,Airbus A320,YYZ,IAH,PZ1
2026-05-14,1 day ago,UA5397,Embraer E175,LAX,SLC,PZ1
2026-06-23,11 hours ago,UA958,Boeing 767-300,LHR,ORD,PZ9
2026-06-24,5 hours ago,UA958,Boeing 767-300,LHR,ORD,PZ9
2026-05-15,1 day ago,UA5657,Embraer E175,SEA,LAX,PZ2
2026-05-22,4 days ago,UA1006,Boeing 737-800,SAN,LAX,PZ3
2026-05-16,9 hours ago,UA2057,Boeing 737 MAX 8,SAN,LAX,PZ4
2026-05-13,3 days ago,UA2057,Boeing 737-900,SAN,LAX,PZ7
2026-08-24,1 day ago,UA152,Boeing 787-9 Dreamliner,LAX,SGN,PZ1
2026-05-15,6 hours ago,UA548,Boeing 737-800,LAS,SFO,PZ1
2026-06-16,2 days ago,UA2029,Boeing 737 MAX 9,MIA,EWR,PZ2
2026-06-13,3 hours ago,UA406,Boeing 737-900,SFO,LAS,PZ2
2026-05-12,20 hours ago,UA959,Boeing 767-300,LHR,ORD,PZ9
2026-06-24,2 days ago,UA2610,Boeing 737-900,LAX,DEN,PZ2
2026-05-14,6 hours ago,UA592,Boeing 737 MAX 8,SFO,LAX,PZ1
2026-05-22,3 hours ago,UA4495,Bombardier CRJ550,MLI,ORD,PZ4
2026-05-22,3 hours ago,UA4509,Bombardier CRJ550,MLI,ORD,PZ5
2026-07-16,3 days ago,UA3486,Embraer E175,EWR,GRR,PZ1
2026-07-04,15 hours ago,UA648,Boeing 737 MAX 8,STL,EWR,PZ1
2026-05-18,1 day ago,UA5836,Embraer E175,SLC,LAX,PZ2
2026-06-23,4 hours ago,UA17,Boeing 767-300,LHR,EWR,PZ9
2026-08-25,2 days ago,UA4726,Embraer E175,RDU,ORD,PZ1
2026-05-17,17 hours ago,UA1906,Boeing 737 MAX 8,ORD,LGA,PZ2
2026-05-20,5 hours ago,UA2619,Boeing 737 MAX 9,PHX,SFO,PZ3
2026-05-19,1 day ago,UA908,Boeing 767-300,AMS,ORD,PZ9
2026-07-03,15 hours ago,UA648,Boeing 737 MAX 8,STL,EWR,PZ1
2026-05-13,4 hours ago,UA98,Boeing 787-9 Dreamliner,LAX,MEL,PZ9
2026-09-20,15 hours ago,UA4763,Embraer E175,SLC,SFO,PZ1
2026-08-26,2 days ago,UA2638,Boeing 737-900,RDU,ORD,PZ3
2026-07-02,15 hours ago,UA3564,Embraer E175,STL,EWR,PZ1
2026-08-25,2 days ago,UA2638,Boeing 737-900,RDU,ORD,PZ2
2026-08-19,2 days ago,UA2638,Boeing 737-900,RDU,ORD,PZ2
2026-05-30,1 day ago,UA1128,Boeing 737-900,EWR,MIA,PZ1
2026-06-29,4 hours ago,UA958,Boeing 767-300,LHR,ORD,PZ9
2026-05-19,1 day ago,UA749,Boeing 767-300,GVA,IAD,PZ9
2026-08-17,1 day ago,UA2657,Airbus A319,ATL,ORD,PZ1
2026-07-29,1 day ago,UA745,Boeing 737-900,ATL,ORD,PZ4
2026-08-06,4 days ago,UA1046,Boeing 737 MAX 9,ATL,ORD,PZ1
2026-07-01,2 days ago,UA1690,Boeing 737-700,EWR,SNA,PZ1
2026-05-10,2 hours ago,UA2367,Boeing 737 MAX 9,DEN,SFO,PZ2
2026-05-26,11 hours ago,UA749,Boeing 767-300,GVA,IAD,PZ9
2026-06-10,3 days ago,UA3569,Embraer E175,IAD,YOW,PZ3
2026-05-06,3 hours ago,UA78,Boeing 787-9,NRT,EWR,PZ9
2026-06-09,2 days ago,UA3569,Embraer E175,IAD,YOW,PZ2
2026-05-07,6 hours ago,UA4489,Bombardier CRJ550,IAD,CAE,PZ1
2026-05-26,1 day ago,UA1253,Airbus A321neo,DEN,IAH,PZ4
2026-05-07,3 hours ago,UA33,Boeing 787-9,NRT,LAX,PZ9
2026-06-10,2 days ago,UA2289,Boeing 737 MAX 9,ATL,EWR,PZ1
2026-11-08,19 hours ago,UA5970,Embraer E175,SLC,SFO,PZ1
2026-07-29,2 days ago,UA1246,Boeing 737-900,MSP,EWR,PZ1
2026-07-28,2 days ago,UA1246,Boeing 737-900,MSP,EWR,PZ4
2026-07-27,2 days ago,UA1246,Boeing 737-900,MSP,EWR,PZ2
2026-05-29,6 hours ago,UA123,Boeing 787-9 Dreamliner,LHR,EWR,PZ9
2026-11-15,21 hours ago,UA5457,Embraer E175,SLC,SFO,PZ1
2026-06-13,12 hours ago,UA1800,Boeing 737 MAX 9,ORD,BOS,PZ3
2026-05-16,22 hours ago,UA4690,Embraer E175,DTW,IAH,PZ1
2026-05-23,2 days ago,UA5242,Embraer E175,IAH,MTY,PZ7
2026-08-25,4 days ago,UA1636,Boeing 737 MAX 9,EWR,SAV,PZ1
2026-05-12,22 hours ago,UA6251,Embraer E175,DTW,IAH,PZ4
2026-05-22,10 hours ago,UA4032,Embraer E175,DTW,IAH,PZ1
2026-05-29,6 hours ago,UA988,Boeing 777-300ER,FRA,IAD,PZ9
2026-05-29,2 days ago,UA109,Boeing 787-8 Dreamliner,MUC,IAD,PZ9
2026-09-05,2 days ago,UA4483,Bombardier CRJ550,LIT,ORD,PZ2
2026-06-06,4 days ago,UA1114,Boeing 737 MAX 9,DTW,IAH,PZ4
2026-06-10,4 days ago,UA1114,Boeing 737 MAX 8,DTW,IAH,PZ2
2026-05-27,1 day ago,UA959,Boeing 767-300,LHR,ORD,PZ9
2026-07-21,4 hours ago,UA4410,Bombardier CRJ550,LIT,ORD,PZ2
2026-05-19,4 hours ago,UA15,Boeing 767-300,LHR,EWR,PZ9
2026-08-19,4 hours ago,UA123,Boeing 787-9 Dreamliner,LHR,EWR,PZ9
2026-05-06,11 hours ago,UA15,Boeing 767-300,LHR,EWR,PZ9
2026-07-01,13 hours ago,UA1246,Boeing 737-900,MSP,EWR,PZ3
2026-08-19,4 hours ago,UA941,Boeing 767-300,LHR,EWR,PZ9
2026-07-02,13 hours ago,UA1246,Boeing 737-900,MSP,EWR,PZ2
2026-07-28,4 days ago,UA2291,Boeing 737-900,EWR,SAV,PZ4
2026-06-05,8 hours ago,UA951,Boeing 777-300ER,BRU,IAD,PZ9
2026-05-20,3 days ago,UA499,Boeing 737 MAX 9,SEA,SFO,PZ7
2026-10-02,4 days ago,UA2645,Boeing 737-900,EWR,SAV,PZ1
2026-06-01,7 hours ago,UA839,Boeing 787-9 Dreamliner,LAX,SYD,PZ3
2026-05-20,7 hours ago,UA5657,Embraer E175,SEA,LAX,PZ4
2026-05-20,7 hours ago,UA5659,Embraer E175,SEA,LAX,PZ5
2026-05-21,5 hours ago,UA1635,Boeing 737 MAX 8,SEA,LAX,PZ2
2026-05-21,3 days ago,UA325,Boeing 737-800,LAX,SEA,PZ1
2026-07-24,4 hours ago,UA5382,Embraer E175,LIT,ORD,PZ1
2026-05-21,3 days ago,UA684,Boeing 737 MAX 8,LAX,SEA,PZ1
2026-08-26,4 days ago,UA957,Boeing 767-300,GVA,EWR,PZ9
2026-05-06,7 hours ago,UA806,Boeing 787-9,ICN,SFO,PZ9
2026-07-27,4 hours ago,UA5382,Embraer E175,LIT,ORD,PZ1
2026-05-19,2 days ago,UA995,Boeing 787-10 Dreamliner,BRU,EWR,PZ9
2026-12-17,3 days ago,UA1059,Boeing 737-900,CUN,IAH,PZ1
2026-12-17,3 days ago,UA1019,Boeing 737-900,CUN,IAH,PZ3
2026-12-17,3 days ago,UA1058,Boeing 737-900,CUN,IAH,PZ3
2026-05-05,3 hours ago,UA935,Boeing 787-9,LHR,LAX,PZ7
2026-09-01,2 days ago,UA4483,Bombardier CRJ550,LIT,ORD,PZ2
2026-05-09,4 hours ago,UA402,Boeing 737 MAX 9,EWR,TPA,PZ4
2026-05-31,2 days ago,UA2260,Airbus A319,DFW,IAH,PZ2
2026-05-31,1 day ago,UA2405,Boeing 737-700,SLP,IAH,PZ9
2026-05-31,1 day ago,UA5284,Embraer E175,SLP,IAH,PZ9
2026-05-28,2 days ago,UA322,Boeing 767-300,VCE,IAD,PZ9
2026-05-15,1 day ago,UA5637,Embraer E175,OKC,ORD,PZ4
2026-05-23,4 hours ago,UA788,Boeing 737 MAX 9,EWR,MCO,PZ4
2026-05-07,1 day ago,UA957,Boeing 767-300,GVA,EWR,PZ9
2026-10-28,2 days ago,UA972,Boeing 787-10 Dreamliner,ORD,BRU,PZ3
2026-05-27,5 hours ago,UA370,Boeing 737 MAX 9,MCO,EWR,PZ1
2026-05-31,1 day ago,UA2674,Airbus A320,IAH,AUS,PZ1
2026-05-31,16 hours ago,UA1336,Boeing 737 MAX 8,ORD,AUS,PZ2
2026-07-30,23 hours ago,UA61,Boeing 787-9 Dreamliner,MEL,SFO,PZ4
2026-05-31,1 day ago,UA1936,Boeing 737-900,ONT,IAH,PZ1
2026-05-22,23 hours ago,UA3408,Embraer E175,EWR,BGR,PZ6
2026-07-08,4 days ago,UA745,Boeing 737-900,ATL,ORD,PZ1
2026-05-22,23 hours ago,UA3477,Embraer E175,EWR,PIT,PZ5
2026-05-31,1 day ago,UA6199,Embraer E175,BJX,IAH,PZ9
2026-05-25,1 day ago,UA988,Boeing 777-300ER,FRA,IAD,PZ9
2026-06-21,12 hours ago,UA1689,Airbus A321neo,ORD,IAD,PZ1
2026-09-09,3 days ago,UA941,Boeing 767-300,LHR,EWR,PZ9
2026-09-08,5 hours ago,UA941,Boeing 767-300,LHR,EWR,PZ9
2026-05-05,1 day ago,UA3537,Embraer E175,EWR,BUF,PZ1
2026-07-11,2 days ago,UA1246,Boeing 737 MAX 9,MSP,EWR,PZ3
2026-05-16,6 hours ago,UA2356,Boeing 737 MAX 8,LAS,SFO,PZ6
2026-05-12,4 hours ago,UA797,Boeing 737 MAX 9,EWR,MCO,PZ4
2026-07-04,4 days ago,UA3690,Embraer E175,ORD,EYW,PZ1
2026-05-12,6 hours ago,UA905,Boeing 777-200,LHR,EWR,PZ9
2026-05-08,4 hours ago,UA1795,Boeing 737 MAX 9,EWR,MCO,PZ1
2026-05-13,6 hours ago,UA643,Boeing 737 MAX 9,LAS,SFO,PZ2
2026-07-28,5 hours ago,UA32,Boeing 787-9 Dreamliner,LAX,NRT,PZ4
2026-05-09,1 day ago,UA201,Boeing 777-300ER,HNL,GUM,PZ2
2026-05-11,1 day ago,UA919,Boeing 777-200,LHR,IAD,PZ2
2026-06-04,9 hours ago,UA995,Boeing 787-10 Dreamliner,BRU,EWR,PZ9
2027-02-10,6 hours ago,UA972,Boeing 787-10 Dreamliner,ORD,BRU,PZ2
2027-02-09,6 hours ago,UA972,Boeing 787-10 Dreamliner,ORD,BRU,PZ5
2026-06-28,4 hours ago,UA123,Boeing 787-9 Dreamliner,LHR,EWR,PZ9
2026-05-06,7 hours ago,UA149,Boeing 777-200ER,EWR,GRU,PZ9
2026-06-10,1 day ago,UA43,Boeing 777-300ER,FRA,EWR,PZ9
2026-05-22,1 day ago,UA276,Boeing 737-700,BWI,ORD,PZ6
2026-05-19,1 day ago,UA31,Boeing 767-400ER,MUC,EWR,PZ9
2026-06-13,3 hours ago,UA905,Boeing 777-200,LHR,EWR,PZ4
2026-05-30,3 days ago,UA5745,Embraer E175,ASE,SFO,PZ2
2026-05-05,2 hours ago,UA35,Boeing 777-222B,SFO,KIX,PZ3
2026-06-10,4 hours ago,UA1272,Boeing 737 MAX 8,MEX,SFO,PZ6
2027-02-09,4 days ago,UA1288,Boeing 737-800,ATL,ORD,PZ3
2026-10-20,4 days ago,UA1955,Airbus A320,ATL,ORD,PZ1
2026-10-20,4 days ago,UA1288,Boeing 737-800,ATL,ORD,PZ3
2026-05-31,1 day ago,UA1334,Boeing 737 MAX 9,YYZ,ORD,PZ1
2026-05-31,1 day ago,UA5934,Embraer E175,YYZ,ORD,PZ3
2026-05-22,23 hours ago,UA4405,Bombardier CRJ550,EWR,AVL,PZ3
2026-11-03,3 days ago,UA1288,Boeing 737-800,ATL,ORD,PZ3
2026-07-04,3 days ago,UA2643,Airbus A321neo,IAH,DEN,PZ1
2026-05-31,4 hours ago,UA2127,Boeing 737-800,SFO,LAX,PZ2
2026-08-24,8 hours ago,UA152,Boeing 787-9 Dreamliner,LAX,HKG,PZ2
2026-05-30,1 day ago,UA1814,Boeing 737-900,EWR,PHX,PZ3
2026-10-06,4 days ago,UA1577,Airbus A320,ATL,ORD,PZ2
2026-10-06,4 days ago,UA1288,Boeing 737-800,ATL,ORD,PZ3
2026-10-06,4 days ago,UA785,Boeing 737-700,ATL,ORD,PZ1
2026-05-16,3 days ago,UA2301,Boeing 757-200,ORD,EWR,PZ2
2026-07-27,4 days ago,UA1955,Airbus A319,ATL,ORD,PZ1
2026-07-27,4 days ago,UA1577,Airbus A319,ATL,ORD,PZ1
2026-07-27,4 days ago,UA1239,Boeing 737-800,ATL,ORD,PZ1
2026-07-27,4 days ago,UA1046,Boeing 737 MAX 9,ATL,ORD,PZ2
2026-09-08,7 hours ago,UA958,Boeing 767-300,LHR,ORD,PZ9
2026-05-05,3 days ago,UA152,Boeing 787-9 Dreamliner,HKG,SGN,PZ9
2026-05-06,3 days ago,UA152,Boeing 787-9 Dreamliner,HKG,SGN,PZ9
2026-05-07,1 day ago,UA820,Boeing 787-9 Dreamliner,HKG,BKK,PZ9
2027-02-16,2 days ago,UA31,Boeing 767-300,MUC,EWR,PZ2
2026-05-07,4 hours ago,UA153,Boeing 787-9 Dreamliner,SGN,LAX,PZ2
2026-09-02,2 days ago,UA31,Boeing 777-200,MUC,EWR,PZ9
2027-03-03,2 days ago,UA31,Boeing 767-300,MUC,EWR,PZ1
2026-06-02,8 hours ago,UA995,Boeing 787-10 Dreamliner,BRU,EWR,PZ9
2027-02-03,2 days ago,UA31,Boeing 767-300,MUC,EWR,PZ3
2026-10-05,4 days ago,UA1288,Boeing 737-800,ATL,ORD,PZ1
2027-02-02,2 days ago,UA31,Boeing 767-300,MUC,EWR,PZ3
2027-03-02,2 days ago,UA31,Boeing 767-300,MUC,EWR,PZ3
2026-05-05,8 hours ago,UA929,Boeing 767-300,ORD,LHR,PZ9
2026-10-27,4 days ago,UA1288,Boeing 737-800,ATL,ORD,PZ3
2027-02-24,2 days ago,UA31,Boeing 767-300,MUC,EWR,PZ4
2026-05-12,1 day ago,UA837,Boeing 737-800,NRT,KHH,PZ7
2027-02-20,4 days ago,UA123,Boeing 787-9 Dreamliner,LHR,EWR,PZ1
2026-08-25,6 hours ago,UA905,Boeing 777-200,LHR,EWR,PZ9
2026-07-20,1 day ago,UA1046,Boeing 737-900,ATL,ORD,PZ2
2026-06-09,15 hours ago,UA147,Boeing 767-300,LHR,EWR,PZ9
2027-02-17,2 days ago,UA905,Boeing 767-300,LHR,EWR,PZ2
2026-05-28,5 hours ago,UA933,Boeing 777-200,FRA,IAD,PZ9
2026-07-12,5 hours ago,UA1896,Boeing 737-800,PDX,SFO,PZ1
2026-11-17,1 day ago,UA123,Boeing 787-9 Dreamliner,LHR,EWR,PZ2
2027-01-13,4 days ago,UA17,Boeing 777-200,LHR,EWR,PZ3
2026-06-20,2 days ago,UA6312,Embraer E175,IAH,CVG,PZ2
2026-12-31,4 days ago,UA1288,Boeing 737-800,ATL,ORD,PZ1
2026-05-06,4 hours ago,UA988,Boeing 777-300ER,FRA,IAD,PZ7
2026-09-01,7 hours ago,UA282,Boeing 757-200,FAO,EWR,PZ9
2026-12-25,13 hours ago,UA973,Boeing 787-10 Dreamliner,BRU,ORD,PZ7
2026-06-07,4 hours ago,UA957,Boeing 767-300,GVA,EWR,PZ9
2026-05-06,2 days ago,UA1338,Airbus A321neo,IAH,ORD,PZ6
2026-05-11,3 hours ago,UA98,Boeing 787-9 Dreamliner,LAX,MEL,PZ9
2026-07-05,4 hours ago,UA2736,Boeing 737-900,ORD,CUN,PZ7
2026-10-31,4 days ago,UA1288,Boeing 737-800,ATL,ORD,PZ3
2026-06-17,1 day ago,UA2300,Airbus A321neo,ORD,PDX,PZ1
2026-05-08,2 days ago,UA3489,Embraer E175,BUF,EWR,PZ6
2026-05-23,5 hours ago,UA940,Boeing 767-300,EWR,LHR,PZ9
2026-06-28,7 hours ago,UA1517,Airbus A319,DFW,ORD,PZ1
2026-05-12,6 hours ago,UA962,Boeing 767-300,EWR,BER,PZ9
2026-05-12,3 hours ago,UA406,Boeing 737 MAX 9,SFO,LAS,PZ4
2026-06-29,6 hours ago,UA1517,Airbus A319,DFW,ORD,PZ1
2026-05-14,2 days ago,UA1338,Airbus A321neo,IAH,ORD,PZ1
2026-05-11,2 hours ago,UA123,Boeing 787-9 Dreamliner,LHR,EWR,PZ9
2026-08-11,4 days ago,UA1288,Airbus A320,ATL,ORD,PZ1
2026-07-16,5 hours ago,UA958,Boeing 767-300,LHR,ORD,PZ2
2026-08-28,1 day ago,UA322,Boeing 767-300,VCE,IAD,PZ9
2026-08-30,2 days ago,UA4723,Embraer E175,LAX,SBP,PZ1
2026-08-10,4 days ago,UA1046,Boeing 737 MAX 9,ATL,ORD,PZ2
2026-06-30,4 days ago,UA1046,Boeing 737-900,ATL,ORD,PZ4
2026-06-30,4 days ago,UA745,Airbus A319,ATL,ORD,PZ1
2026-05-23,1 day ago,UA773,Boeing 737-900,DFW,DEN,PZ1
2027-02-27,4 days ago,UA123,Boeing 787-9 Dreamliner,LHR,EWR,PZ4
2026-12-24,4 days ago,UA1288,Boeing 737-800,ATL,ORD,PZ1
2026-05-20,7 hours ago,UA5579,Embraer E175,SFO,SEA,PZ5
2026-08-05,4 days ago,UA1046,Boeing 737-900,ATL,ORD,PZ4
2026-06-03,2 days ago,UA1931,Boeing 737-800,SJD,SFO,PZ2
2026-07-18,4 days ago,UA2403,Airbus A320,SFO,EUG,PZ2
2026-05-09,4 days ago,UA4065,Embraer E175,CMH,IAH,PZ5
2026-05-27,2 days ago,UA6312,Embraer E175,IAH,CVG,PZ2
2026-05-24,2 days ago,UA6312,Embraer E175,IAH,CVG,PZ2
2026-05-19,5 hours ago,UA1456,Boeing 737 MAX 8,EWR,NAS,PZ9
2026-12-22,4 days ago,UA1288,Boeing 737-800,ATL,ORD,PZ1
2026-06-30,1 day ago,UA5430,Embraer E175,SFO,SLC,PZ1
2026-07-05,4 days ago,UA1046,Boeing 737 MAX 9,ATL,ORD,PZ2
2027-02-19,3 days ago,UA160,Boeing 777-200,MUC,IAH,PZ1
2026-05-09,1 day ago,UA3602,Embraer E175,IAD,YUL,PZ6
2026-05-15,4 days ago,UA3445,Embraer E175,IAD,YUL,PZ2
2026-06-23,1 day ago,UA933,Boeing 777-200,FRA,IAD,PZ9
2026-08-01,4 days ago,UA1239,Boeing 737-800,ATL,ORD,PZ3
2026-08-31,4 days ago,UA1955,Boeing 737-700,ATL,ORD,PZ1
2026-05-08,1 day ago,UA3602,Embraer E175,IAD,YUL,PZ4
2026-08-28,4 days ago,UA160,Boeing 777-200,MUC,IAH,PZ9
2027-03-02,6 hours ago,UA972,Boeing 787-10 Dreamliner,ORD,BRU,PZ1
2026-05-22,8 hours ago,UA2019,Boeing 737 MAX 9,SFO,DEN,PZ2
2026-05-26,4 days ago,UA3602,Embraer E175,IAD,YUL,PZ1
2026-06-08,7 hours ago,UA925,Boeing 777-200,LHR,IAD,PZ9
2026-06-03,10 hours ago,UA3569,Embraer E175,IAD,YOW,PZ3
2026-06-14,4 hours ago,UA1484,Airbus A319,ORD,MCI,PZ2
2026-05-16,2 days ago,UA2442,Boeing 737-800,CVG,IAH,PZ3
2026-05-09,4 hours ago,UA38,Boeing 787-10 Dreamliner,HND,LAX,PZ9
2026-05-27,4 days ago,UA3445,Embraer E175,IAD,YUL,PZ2
2026-05-27,4 days ago,UA3602,Embraer E175,IAD,YUL,PZ1
2026-05-16,4 days ago,UA3445,Embraer E175,IAD,YUL,PZ3
2026-05-16,3 days ago,UA3570,Embraer E175,IAD,YOW,PZ3
2026-05-27,3 days ago,UA3569,Embraer E175,IAD,YOW,PZ1
2026-06-02,3 days ago,UA3569,Embraer E175,IAD,YOW,PZ2
2026-05-23,3 days ago,UA3602,Embraer E175,IAD,YUL,PZ1
2026-07-14,4 days ago,UA785,Boeing 737-700,ATL,ORD,PZ2
2026-06-09,4 days ago,UA1358,Boeing 737 MAX 9,ORD,MIA,PZ2
2026-07-12,23 hours ago,UA5970,Embraer E175,SLC,SFO,PZ1
2026-07-25,3 days ago,UA798,Boeing 737 MAX 8,CLT,EWR,PZ2
2026-06-16,4 days ago,UA2047,Boeing 737-800,LAS,SFO,PZ2
2026-06-16,4 days ago,UA2615,Boeing 737-800,LAS,SFO,PZ2
2026-12-08,4 days ago,UA1288,Boeing 737-800,ATL,ORD,PZ3
2026-05-13,2 days ago,UA2442,Boeing 737-800,CVG,IAH,PZ1
2026-07-25,4 days ago,UA1239,Boeing 737-800,ATL,ORD,PZ3
2026-05-13,2 days ago,UA284,Boeing 737 MAX 8,CVG,IAH,PZ5
2026-07-14,4 days ago,UA1239,Boeing 737-800,ATL,ORD,PZ3
2026-05-22,19 hours ago,UA1884,Boeing 737 MAX 8,ORD,PHL,PZ3
2026-06-11,8 hours ago,UA135,Boeing 767-300,ZRH,EWR,PZ9
2026-05-14,19 hours ago,UA2029,Boeing 737-900,MIA,ORD,PZ2
2026-08-24,5 hours ago,UA951,Boeing 777-300ER,BRU,IAD,PZ9
2026-07-08,4 days ago,UA425,Boeing 737-800,ORD,ATL,PZ3
2026-06-29,4 days ago,UA1321,Boeing 737-800,SFO,BUR,PZ1
2026-05-28,3 days ago,UA1577,Airbus A319,ATL,ORD,PZ3
2026-05-21,4 hours ago,UA1032,Boeing 737 MAX 9,DFW,EWR,PZ2
2026-06-20,19 hours ago,UA838,Boeing 737-800,KHH,NRT,PZ1
2027-02-03,6 hours ago,UA972,Boeing 787-10 Dreamliner,ORD,BRU,PZ2
2026-05-06,4 days ago,UA2115,Boeing 737-800,SFO,BUR,PZ6
2027-02-02,4 days ago,UA1577,Airbus A320,ATL,ORD,PZ1
2027-02-02,4 days ago,UA1288,Boeing 737-800,ATL,ORD,PZ3
2026-07-28,4 days ago,UA785,Boeing 737-700,ATL,ORD,PZ2
2026-07-28,4 days ago,UA1955,Airbus A319,ATL,ORD,PZ2
2026-07-28,4 days ago,UA1577,Airbus A319,ATL,ORD,PZ2
2026-07-28,4 days ago,UA745,Airbus A319,ATL,ORD,PZ1
2026-07-28,4 days ago,UA1046,Boeing 737-900,ATL,ORD,PZ4
2026-07-28,4 days ago,UA516,Airbus A319,ATL,ORD,PZ1
2026-07-29,15 hours ago,UA810,Boeing 777-300ER,MNL,SFO,PZ7
2026-06-23,3 days ago,UA1353,Boeing 737 MAX 8,LAX,SEA,PZ2
2026-05-05,6 hours ago,UA123,Boeing 787-9,LHR,EWR,PZ9
2027-01-12,4 days ago,UA1288,Boeing 737-800,ATL,ORD,PZ3
2026-07-03,2 days ago,UA1504,Airbus A319,ORD,YOW,PZ6
2026-09-13,1 day ago,UA190,Boeing 777-300ER,MNL,SFO,PZ5
2026-06-13,2 days ago,UA1626,Boeing 737 MAX 9,EWR,SAN,PZ4
2026-05-22,1 day ago,UA787,Boeing 737-900,IAH,ORD,PZ3
2026-06-16,2 days ago,UA928,Boeing 767-300,LHR,ORD,PZ9
2027-02-16,2 days ago,UA42,Boeing 777-300ER,EWR,FRA,PZ2
2026-07-07,4 days ago,UA785,Boeing 737-700,ATL,ORD,PZ2
2026-07-07,4 days ago,UA1955,Airbus A319,ATL,ORD,PZ2
2026-07-07,4 days ago,UA745,Airbus A319,ATL,ORD,PZ2
2026-05-27,7 hours ago,UA4,Boeing 777-200,LHR,IAH,PZ9
2026-05-06,3 hours ago,UA98,Boeing 787-9,LAX,MEL,PZ9
2026-05-22,1 day ago,UA1738,Boeing 737 MAX 9,IAD,ORD,PZ4
2027-02-05,20 hours ago,UA838,Boeing 737 MAX 8,KHH,NRT,PZ1
2026-05-06,7 hours ago,UA804,Boeing 777-222B,HND,IAD,PZ9
2026-06-30,3 days ago,UA1847,Boeing 737-900,DFW,EWR,PZ2
2026-06-09,4 hours ago,UA822,Airbus A319,MEX,SFO,PZ6
2027-01-13,6 hours ago,UA972,Boeing 787-10 Dreamliner,ORD,BRU,PZ1
2026-06-02,4 days ago,UA822,Airbus A319,MEX,SFO,PZ4
2026-05-18,2 hours ago,UA15,Boeing 767-300,LHR,EWR,PZ9
2026-05-13,6 hours ago,UA123,Boeing 787-9 Dreamliner,LHR,EWR,PZ9
2026-06-07,2 days ago,UA243,Boeing 767-300,NCE,IAD,PZ9
2026-05-27,3 days ago,UA153,Boeing 787-9 Dreamliner,SGN,HKG,PZ9
2026-11-17,2 hours ago,UA1288,Boeing 737-800,ATL,ORD,PZ3
2026-05-23,4 hours ago,UA3564,Embraer E175,EWR,MKE,PZ3
2026-06-02,1 day ago,UA3498,Embraer E175,ORD,CVG,PZ2
2027-02-23,2 days ago,UA42,Boeing 777-300ER,EWR,FRA,PZ3
2026-06-16,2 hours ago,UA957,Boeing 767-300,GVA,EWR,PZ9
2026-06-30,4 days ago,UA2265,Airbus A320,SFO,PDX,PZ2
2026-05-16,7 hours ago,UA1214,Boeing 737-900,IAD,MIA,PZ5
2026-05-05,3 hours ago,UA60,Boeing 787-9,SFO,MEL,PZ9
2026-05-12,3 hours ago,UA32,Boeing 787-9 Dreamliner,LAX,NRT,PZ9
2026-11-23,4 days ago,UA1288,Boeing 737-800,ATL,ORD,PZ1
2026-07-01,1 day ago,UA2840,Boeing 737-900,LAS,IAH,PZ1
2026-12-30,1 day ago,UA989,Boeing 777-300ER,IAD,FRA,PZ5
2026-07-04,1 day ago,UA1630,Boeing 737-900,IAH,MBJ,PZ9
2026-05-26,4 days ago,UA2433,Boeing 737-900,BOS,DEN,PZ2
2027-02-16,1 day ago,UA904,Boeing 777-200,EWR,LHR,PZ2
2026-06-28,2 days ago,UA6312,Embraer E175,IAH,CVG,PZ1
2026-05-06,9 hours ago,UA885,Boeing 777-200ER,FCO,IAD,PZ4
2026-05-16,9 hours ago,UA1760,Boeing 737 MAX 9,AUS,EWR,PZ6
2026-06-12,1 day ago,UA2239,Boeing 737-900,DEN,DFW,PZ1
2026-09-29,4 days ago,UA1955,Airbus A320,ATL,ORD,PZ1
2026-09-29,4 days ago,UA1288,Boeing 737-800,ATL,ORD,PZ3
2026-06-30,2 days ago,UA1695,Boeing 737-900,DFW,ORD,PZ1
2026-05-22,2 hours ago,UA546,Boeing 737-900,EWR,ORD,PZ1
2026-05-14,2 days ago,UA1591,Boeing 737 MAX 9,IAH,ATL,PZ6
2026-06-20,1 day ago,UA3458,Embraer E175,CMH,EWR,PZ1
2026-05-05,4 hours ago,UA122,Boeing 787-9,EWR,LHR,PZ8
2026-06-18,1 day ago,UA2239,Boeing 737-900,DEN,DFW,PZ1
2026-06-05,1 day ago,UA2239,Boeing 737-900,DEN,DFW,PZ4
2026-06-10,4 days ago,UA3636,Embraer E175,YYZ,IAD,PZ3
2026-06-08,1 day ago,UA1020,Boeing 737 MAX 9,IAH,CUN,PZ3
2026-10-13,4 days ago,UA1577,Airbus A320,ATL,ORD,PZ2
2026-10-13,4 days ago,UA1288,Boeing 737-800,ATL,ORD,PZ3
2026-06-15,1 day ago,UA1020,Boeing 737 MAX 9,IAH,CUN,PZ8
2026-06-01,1 day ago,UA1020,Boeing 737 MAX 9,IAH,CUN,PZ9
2026-05-25,1 day ago,UA2110,Boeing 737-800,IAH,ATL,PZ2
2026-05-27,4 days ago,UA2110,Boeing 737-800,IAH,ATL,PZ1
2026-07-03,4 days ago,UA1239,Boeing 737-800,ATL,ORD,PZ1
2027-01-19,4 days ago,UA1288,Boeing 737-800,ATL,ORD,PZ3
2026-05-23,13 hours ago,UA1041,Boeing 737 MAX 8,TPA,EWR,PZ3
2026-05-30,1 day ago,UA1546,Boeing 737-800,BWI,LAX,PZ3
2026-05-22,1 day ago,UA1302,Boeing 737 MAX 8,SFO,SMF,PZ3
2026-06-05,1 day ago,UA1496,Boeing 737-800,LAX,RNO,PZ1
2026-05-24,1 day ago,UA2760,Boeing 737-900,LAX,YVR,PZ7
2026-06-04,1 day ago,UA1496,Boeing 737-800,LAX,RNO,PZ2
2026-05-23,13 hours ago,UA1501,Boeing 737-900,TPA,EWR,PZ4
2026-05-11,1 day ago,UA761,Boeing 787-9 Dreamliner,MUC,DEN,PZ9
2026-07-21,1 day ago,UA1239,Boeing 737-800,ATL,ORD,PZ2
2026-05-16,19 hours ago,UA957,Boeing 767-300,GVA,EWR,PZ9
2026-05-27,4 days ago,UA1358,Boeing 737-900,ORD,MIA,PZ3
2026-06-02,4 days ago,UA1358,Boeing 737 MAX 9,ORD,MIA,PZ1
2026-06-23,2 days ago,UA2739,Airbus A319,IAD,ATL,PZ2
2026-06-27,2 days ago,UA1635,Boeing 737 MAX 8,IAD,ATL,PZ3
2026-05-20,3 days ago,UA3666,Embraer E175,PWM,EWR,PZ3
2026-05-06,6 hours ago,UA59,Boeing 777-222ER,FRA,SFO,PZ9
2026-08-30,1 day ago,UA958,Boeing 767-300,LHR,ORD,PZ9
2026-11-15,21 hours ago,UA4763,Embraer E175,SLC,SFO,PZ1
2026-07-02,18 hours ago,UA6001,Embraer E175,SFO,MTY,PZ4
2026-05-20,3 days ago,UA973,Boeing 787-10 Dreamliner,BRU,ORD,PZ9
2026-05-12,2 days ago,UA559,Boeing 737-900,EWR,MIA,PZ5
2026-07-07,1 day ago,UA1847,Boeing 737-900,DFW,EWR,PZ2
2026-06-20,16 hours ago,UA849,Boeing 737-800,GUM,HND,PZ1
2026-05-09,9 hours ago,UA1046,Airbus A319,ATL,ORD,PZ5
2026-10-11,2 hours ago,UA4763,Embraer E175,SLC,SFO,PZ1
2026-05-19,4 hours ago,UA862,Boeing 777-300ER,HKG,SFO,PZ9
2026-05-13,4 days ago,UA2029,Boeing 737-900,MIA,ORD,PZ6
2026-05-18,3 days ago,UA2029,Boeing 737-900,MIA,ORD,PZ3
2026-05-23,5 hours ago,UA122,Boeing 787-9 Dreamliner,EWR,LHR,PZ3
2026-05-06,2 hours ago,UA199,Boeing 787-9,PVG,LAX,PZ2
2026-08-19,4 days ago,UA1398,Boeing 737 MAX 9,ORD,ATL,PZ1
2026-08-02,3 days ago,UA773,Airbus A320,DEN,MSP,PZ1
2026-07-29,4 days ago,UA530,Boeing 737-900,ORD,ATL,PZ3
2027-01-14,4 days ago,UA908,Boeing 767-300,AMS,ORD,PZ3
2026-09-20,3 days ago,UA201,Boeing 777-300ER,HNL,GUM,PZ7
2026-06-03,4 days ago,UA1206,Boeing 737-900,EWR,ORD,PZ3
2026-06-13,4 hours ago,UA2215,Boeing 737-900,EWR,MCO,PZ3
2027-02-23,6 hours ago,UA972,Boeing 787-10 Dreamliner,ORD,BRU,PZ5
2026-05-06,3 days ago,UA311,Boeing 757-200,DUB,IAD,PZ9
2026-05-18,3 days ago,UA1618,Boeing 737 MAX 9,IAD,CUN,PZ9
2026-06-17,3 days ago,UA2413,Boeing 737 MAX 8,SFO,PDX,PZ4
2026-06-12,4 hours ago,UA543,Airbus A319,SFO,SLC,PZ1
2026-05-05,1 day ago,UA957,Boeing 767-300,GVA,EWR,PZ9
2026-05-13,1 day ago,UA3590,Embraer E175,YUL,IAD,PZ1
2026-07-26,4 hours ago,UA4763,Embraer E175,SLC,SFO,PZ1
2026-06-16,12 hours ago,UA341,Airbus A321neo,ORD,SEA,PZ4
2026-06-19,1 day ago,UA2239,Boeing 737-900,DEN,DFW,PZ1
2026-05-09,10 hours ago,UA820,Boeing 787-9 Dreamliner,HKG,BKK,PZ9
2026-05-30,8 hours ago,UA350,Boeing 757-200,EWR,AGP,PZ6
2026-05-06,7 hours ago,UA43,Boeing 777-300ER,FRA,EWR,PZ9
2026-05-26,5 hours ago,UA4,Boeing 777-200,LHR,IAH,PZ5
2026-05-08,1 day ago,UA686,Boeing 737-800,LGA,ORD,PZ2
2026-05-08,1 day ago,UA1206,Boeing 737-900,EWR,ORD,PZ8
2026-05-12,1 day ago,UA71,Boeing 767-400ER,AMS,EWR,PZ9
2026-07-06,4 days ago,UA1969,Boeing 737 MAX 8,MCI,EWR,PZ2
2026-05-11,4 days ago,UA951,Boeing 777-300ER,BRU,IAD,PZ9
2027-02-10,2 days ago,UA31,Boeing 767-300,MUC,EWR,PZ2
2027-01-18,4 days ago,UA1288,Boeing 737-800,ATL,ORD,PZ1
2026-07-24,1 day ago,UA950,Boeing 777-300ER,IAD,BRU,PZ9
2026-05-12,4 hours ago,UA995,Boeing 787-10 Dreamliner,BRU,EWR,PZ9
2026-06-11,3 hours ago,UA3442,Embraer E175,CLT,ORD,PZ1
2026-06-16,4 hours ago,UA147,Boeing 767-300,LHR,EWR,PZ9
2026-07-07,3 days ago,UA325,Boeing 737-800,LAX,SEA,PZ1
2026-07-26,4 days ago,UA32,Boeing 737-800,NRT,CEB,PZ1
2027-01-26,4 days ago,UA1288,Boeing 737-800,ATL,ORD,PZ3
2026-10-14,4 days ago,UA1288,Boeing 737-800,ATL,ORD,PZ3
2026-05-16,1 day ago,UA3704,Embraer E175,DCA,EWR,PZ2
2026-08-11,4 hours ago,UA126,Boeing 767-300,IAD,FCO,PZ9
2026-06-27,3 hours ago,UA32,Boeing 737-800,NRT,CEB,PZ4
2026-05-06,1 day ago,UA863,Boeing 787-9,SFO,SYD,PZ7
2026-12-14,4 days ago,UA1288,Boeing 737-800,ATL,ORD,PZ1
2026-12-21,4 days ago,UA1288,Boeing 737-800,ATL,ORD,PZ1
2026-05-05,4 hours ago,UA876,Boeing 777-200ER,HND,SFO,PZ9
2026-06-29,2 days ago,UA6312,Embraer E175,IAH,CVG,PZ1
2026-08-25,4 days ago,UA1577,Airbus A319,ATL,ORD,PZ1
2026-05-26,2 days ago,UA1543,Boeing 737 MAX 9,EWR,SJU,PZ9
2027-01-25,4 days ago,UA1288,Boeing 737-800,ATL,ORD,PZ1
2027-01-10,3 days ago,UA412,Boeing 737 MAX 8,SFO,MEX,PZ2
2026-05-05,7 hours ago,UA38,Boeing 787-10 Dreamliner,HND,LAX,PZ9
2026-05-13,1 day ago,UA61,Boeing 787-9 Dreamliner,MEL,SFO,PZ9
2026-07-15,1 day ago,UA1864,Boeing 737-900,MIA,EWR,PZ2
2026-09-28,4 days ago,UA1288,Boeing 737-800,ATL,ORD,PZ1
2026-05-06,6 hours ago,UA927,Boeing 777-200ER,FRA,SFO,PZ1
2026-05-05,6 hours ago,UA852,Boeing 777-222ER,TPE,SFO,PZ5
2026-05-24,3 days ago,UA3716,Embraer E175,BUF,EWR,PZ3
2026-05-10,6 hours ago,UA123,Boeing 787-9 Dreamliner,LHR,EWR,PZ9
2026-06-09,16 hours ago,UA973,Boeing 787-10 Dreamliner,BRU,ORD,PZ9
2026-06-06,1 day ago,UA2104,Boeing 737 MAX 8,STL,EWR,PZ2
2026-05-12,2 days ago,UA6312,Embraer E175,IAH,CVG,PZ3
2026-05-18,2 days ago,UA2069,Boeing 737-800,IAH,CVG,PZ7
2026-05-16,2 days ago,UA374,Airbus A319,IAH,CVG,PZ1
2026-05-12,5 hours ago,UA1456,Boeing 737 MAX 8,EWR,NAS,PZ9
2026-05-28,1 day ago,UA971,Boeing 787-10 Dreamliner,FCO,ORD,PZ9
2026-06-01,4 days ago,UA399,Boeing 757-200,KEF,IAD,PZ6
2026-05-05,5 hours ago,UA1480,Boeing 737 Max 8,EWR,NAS,PZ1
2026-07-14,4 days ago,UA5604,Embraer E175,SFO,EUG,PZ1
2026-05-19,2 days ago,UA559,Boeing 737-900,EWR,MIA,PZ7
2026-07-28,1 day ago,UA907,Boeing 787-10 Dreamliner,ORD,FRA,PZ9
2026-08-04,4 days ago,UA785,Airbus A319,ATL,ORD,PZ1
2026-06-17,10 hours ago,UA12,Boeing 767-300,ZRH,ORD,PZ9
2026-08-04,4 days ago,UA1239,Boeing 737-800,ATL,ORD,PZ3
2026-08-04,4 days ago,UA1046,Boeing 737-900,ATL,ORD,PZ4
2026-07-06,4 days ago,UA1508,Airbus A320,SFO,EUG,PZ1
2026-07-05,4 days ago,UA1508,Airbus A320,SFO,EUG,PZ1
2026-07-04,4 days ago,UA1508,Airbus A320,SFO,EUG,PZ1
2026-07-07,4 days ago,UA5604,Embraer E175,SFO,EUG,PZ2
2026-05-22,1 day ago,UA2171,Boeing 737 MAX 9,PHX,ORD,PZ1
2026-05-16,1 day ago,UA958,Boeing 767-300,LHR,ORD,PZ9
2026-05-24,5 hours ago,UA2322,Boeing 737-900,YVR,SFO,PZ3
2026-11-07,4 days ago,UA1288,Boeing 737-800,ATL,ORD,PZ3
2027-02-18,1 day ago,UA908,Boeing 767-300,AMS,ORD,PZ3
2026-05-16,1 day ago,UA959,Boeing 767-300,LHR,ORD,PZ7
2026-05-05,9 hours ago,UA839,Boeing 787-9,LAX,SYD,PZ9
2026-07-04,4 days ago,UA5659,Embraer E175,ELP,ORD,PZ2
2026-05-17,1 day ago,UA958,Boeing 767-300,LHR,ORD,PZ9
2026-11-10,4 days ago,UA1288,Boeing 737-800,ATL,ORD,PZ1
2026-06-23,18 hours ago,UA1896,Boeing 737-800,PDX,SFO,PZ3
2026-05-30,4 hours ago,UA941,Boeing 767-300,LHR,EWR,PZ2
2026-05-22,1 day ago,UA967,Boeing 767-300,NAP,EWR,PZ9
2026-05-19,2 days ago,UA4044,Embraer E175,CVG,IAH,PZ2
2026-05-19,1 day ago,UA233,Boeing 737 MAX 9,LAX,SFO,PZ1
2026-06-03,5 hours ago,UA26,Boeing 787-9 Dreamliner,LHR,DEN,PZ7
2026-05-22,2 hours ago,UA399,Boeing 757-200,KEF,IAD,PZ9
2026-05-28,15 hours ago,UA5309,Embraer E175,MCI,ORD,PZ1
2026-05-06,3 hours ago,UA673,Boeing 777-200ER,BCN,SFO,PZ9
2026-06-06,4 days ago,UA2798,Boeing 737-900,MIA,ORD,PZ4
2026-05-13,1 day ago,UA3686,Embraer E175,SYR,ORD,PZ1
2026-05-24,2 days ago,UA2442,Boeing 737-800,CVG,IAH,PZ2
2026-10-24,4 days ago,UA2478,Airbus A319,SFO,ONT,PZ1
2026-10-24,4 days ago,UA5467,Embraer E175,SFO,ONT,PZ1
2026-07-06,4 days ago,UA425,Boeing 737-800,ORD,ATL,PZ2
2026-06-27,3 hours ago,UA798,Boeing 737 MAX 8,CLT,EWR,PZ1
2026-05-08,2 days ago,UA6,Boeing 737 MAX 8,UBN,NRT,PZ9
2026-05-12,2 days ago,UA311,Boeing 757-200,DUB,IAD,PZ9
2026-06-16,4 hours ago,UA941,Boeing 767-300,LHR,EWR,PZ9
2026-05-10,11 hours ago,UA1745,Boeing 737 MAX 9,DEN,EWR,PZ2
2026-12-12,4 days ago,UA2770,Airbus A319,ORD,ATL,PZ1
2026-09-20,4 days ago,UA2249,Airbus A320,ORD,ATL,PZ1
2026-05-05,8 hours ago,UA55,Boeing 767-300,CDG,EWR,PZ3
2026-07-24,4 days ago,UA425,Boeing 737-800,ORD,ATL,PZ2
2026-07-24,4 days ago,UA356,Boeing 737 MAX 9,ORD,ATL,PZ2
2026-06-27,2 days ago,UA2785,Boeing 737 MAX 9,EWR,MIA,PZ2
2026-05-23,1 day ago,UA1046,Boeing 737-800,ATL,ORD,PZ7
2027-01-30,4 days ago,UA2770,Airbus A319,ORD,ATL,PZ1
2026-05-05,16 hours ago,UA880,Boeing 777-222ER,IAH,LHR,PZ1
2026-05-20,2 hours ago,UA1260,Boeing 737-900,SFO,LAX,PZ7
2026-08-16,4 hours ago,UA5970,Embraer E175,SLC,SFO,PZ1
2026-08-29,4 days ago,UA2779,Airbus A319,ORD,ATL,PZ2
2026-07-29,4 days ago,UA837,Boeing 737-800,NRT,KHH,PZ2
2026-05-28,2 days ago,UA31,Boeing 767-300,MUC,EWR,PZ9
2026-07-28,3 days ago,UA798,Boeing 737 MAX 8,CLT,EWR,PZ3
2026-05-07,3 hours ago,UA893,Boeing 787-9,SFO,ICN,PZ1
2026-05-06,4 hours ago,UA152,Boeing 787-9,LAX,HKG,PZ8
2026-05-18,2 days ago,UA787,Boeing 737 MAX 9,IAH,ORD,PZ1
2026-07-26,4 days ago,UA425,Boeing 737-800,ORD,ATL,PZ1
2026-07-09,1 day ago,UA6004,Embraer E175,YHZ,ORD,PZ9
2026-05-23,5 hours ago,UA934,Boeing 767-300,EWR,LHR,PZ9
2026-05-27,5 hours ago,UA21,Boeing 767-300,AMS,IAH,PZ9
2026-07-29,4 days ago,UA1348,Boeing 737 MAX 8,SEA,LAX,PZ3
2026-07-29,4 days ago,UA1730,Boeing 737 MAX 9,SEA,LAX,PZ4
2026-06-13,2 days ago,UA2092,Boeing 737 MAX 8,ORD,LGA,PZ1
2026-05-06,3 hours ago,UA130,Boeing 777-200ER,HND,EWR,PZ7
2026-05-06,3 hours ago,UA60,Boeing 787-9,SFO,MEL,PZ9
2026-07-15,4 days ago,UA1348,Boeing 737 MAX 8,SEA,LAX,PZ2
2026-07-25,4 days ago,UA1730,Boeing 737 MAX 9,SEA,LAX,PZ4
2026-07-08,4 days ago,UA1348,Boeing 737 MAX 8,SEA,LAX,PZ3
2026-07-15,4 days ago,UA1730,Boeing 737 MAX 9,SEA,LAX,PZ3
2026-07-13,4 days ago,UA1635,Boeing 737 MAX 8,SEA,LAX,PZ1
2026-06-13,4 hours ago,UA5339,Embraer E175,SNA,SFO,PZ2
2026-05-22,1 day ago,UA344,Boeing 737 MAX 9,LAX,LAS,PZ3
2026-05-18,1 day ago,UA908,Boeing 767-300,AMS,ORD,PZ1
2026-05-07,4 days ago,UA995,Boeing 787-10 Dreamliner,BRU,EWR,PZ9
2026-06-13,2 days ago,UA2769,Boeing 737-800,LGA,ORD,PZ2
2026-06-13,2 days ago,UA623,Boeing 737-800,LGA,ORD,PZ4
2026-05-12,4 hours ago,UA839,Boeing 787-9 Dreamliner,LAX,SYD,PZ9
2026-08-18,23 hours ago,UA958,Boeing 767-300,LHR,ORD,PZ9
2026-05-30,16 hours ago,UA228,Boeing 757-200,IAD,DUB,PZ9
2026-05-26,2 hours ago,UA30,Boeing 767-300,EWR,MUC,PZ9
2026-07-11,3 days ago,UA1550,Boeing 737-900,LAX,SEA,PZ1
2026-11-25,1 day ago,UA2830,Boeing 737 MAX 9,SAN,SFO,PZ3
2026-05-24,15 hours ago,UA317,Boeing 757-200,EWR,DUB,PZ8
2026-05-10,22 hours ago,UA842,Boeing 787-9 Dreamliner,SYD,LAX,PZ1
2026-05-08,1 day ago,UA1636,Boeing 737 MAX 8,LGA,ORD,PZ7
2026-05-23,3 hours ago,UA2839,Boeing 737 MAX 8,SFO,LAS,PZ4
2026-05-29,4 days ago,UA3423,Embraer E175,CVG,EWR,PZ2
2026-06-02,3 hours ago,UA788,Boeing 737 MAX 9,EWR,MCO,PZ5
2026-05-06,4 hours ago,UA842,Boeing 787-9,SYD,LAX,PZ5
2026-05-09,4 days ago,UA1742,Boeing 737 MAX 9,IAD,RSW,PZ4
2026-05-09,2 days ago,UA2616,Airbus A321neo,IAH,ORD,PZ1
2026-11-25,4 days ago,UA2194,Boeing 737-900,MSY,SFO,PZ1
2026-05-22,10 hours ago,UA4055,Embraer E175,DTW,IAD,PZ3
2026-05-31,4 hours ago,UA958,Boeing 767-300,LHR,ORD,PZ9
2026-08-18,4 days ago,UA2421,Boeing 737-900,MSY,SFO,PZ2
2026-05-25,2 hours ago,UA22,Boeing 777-200,DUB,EWR,PZ9
2026-05-30,18 hours ago,UA958,Boeing 767-300,LHR,ORD,PZ9
2026-05-09,1 day ago,UA1826,Boeing 737 MAX 9,EWR,SAN,PZ1
2026-12-24,6 hours ago,UA925,Boeing 767-400ER,LHR,IAD,PZ2
2026-06-02,6 hours ago,UA1864,Boeing 737-900,MIA,EWR,PZ2
2026-05-08,2 hours ago,UA956,Boeing 767-300,EWR,GVA,PZ9
2026-05-26,6 hours ago,UA60,Boeing 787-9 Dreamliner,SFO,MEL,PZ5
2026-05-12,8 hours ago,UA5273,Embraer E175,LAX,SEA,PZ2
2026-05-14,3 hours ago,UA341,Airbus A320,LAX,AUS,PZ6
2026-07-21,2 days ago,UA1246,Boeing 737-900,MSP,EWR,PZ4
2026-06-01,5 hours ago,UA958,Boeing 767-300,LHR,ORD,PZ9
2026-05-06,8 hours ago,UA4467,Bombardier CRJ550,FSD,ORD,PZ2
2026-05-08,8 hours ago,UA4552,Bombardier CRJ550,FSD,ORD,PZ1
2026-05-11,3 hours ago,UA1007,Boeing 737-800,SFO,SEA,PZ1
2026-06-02,20 hours ago,UA2127,Boeing 737-800,SFO,LAX,PZ5
2026-06-11,6 hours ago,UA958,Boeing 767-300,LHR,ORD,PZ9
2026-05-11,7 hours ago,UA5408,Embraer E175,LAX,SEA,PZ2
2026-08-15,2 days ago,UA1275,Airbus A321neo,LAX,DEN,PZ2
2026-06-02,4 hours ago,UA123,Boeing 787-9 Dreamliner,LHR,EWR,PZ9
2026-05-14,2 days ago,UA123,Boeing 787-9 Dreamliner,LHR,EWR,PZ8
2026-10-10,4 days ago,UA2654,Boeing 737-800,MCI,ORD,PZ2
2026-07-31,1 day ago,UA99,Boeing 787-9 Dreamliner,MEL,LAX,PZ3
2026-07-02,19 hours ago,UA3716,Embraer E175,BUF,EWR,PZ1
2026-07-03,4 days ago,UA3458,Embraer E175,CMH,EWR,PZ1
2026-07-03,4 days ago,UA3416,Embraer E175,CMH,EWR,PZ1
2026-07-02,4 days ago,UA3458,Embraer E175,CMH,EWR,PZ1
2026-07-02,4 days ago,UA3467,Embraer E175,CMH,EWR,PZ1
2026-07-14,4 days ago,UA4642,Embraer E175,AUS,LAX,PZ2
2026-07-02,4 days ago,UA3480,Embraer E175,CMH,EWR,PZ1
2027-02-04,1 day ago,UA958,Boeing 767-300,LHR,ORD,PZ6
2027-02-04,3 days ago,UA908,Boeing 767-300,AMS,ORD,PZ3
2026-05-06,15 hours ago,UA142,Boeing 787-9,NRT,DEN,PZ2
2026-05-11,4 days ago,UA5244,Bombardier CRJ550,ORD,ABE,PZ4
2027-01-23,2 days ago,UA392,Boeing 737-900,EWR,PTY,PZ1
2026-08-12,1 day ago,UA2844,Boeing 737 MAX 9,MSY,ORD,PZ2
2026-08-11,1 day ago,UA959,Boeing 767-300,LHR,ORD,PZ9
2026-07-09,2 days ago,UA1246,Boeing 737-900,MSP,EWR,PZ2
2026-05-22,23 hours ago,UA2335,Boeing 737-900,EWR,JAX,PZ3
2026-05-22,1 day ago,UA2325,Boeing 737 MAX 9,DEN,RAP,PZ3
2026-05-12,1 day ago,UA2052,Boeing 737-900,ORD,IAD,PZ7
2026-05-12,1 day ago,UA2277,Boeing 737-900,ORD,IAD,PZ1
2026-07-05,8 hours ago,UA3516,Embraer E175,IAD,BUF,PZ1
2026-05-11,8 hours ago,UA2052,Boeing 737-900,ORD,IAD,PZ8
2026-07-29,3 days ago,UA989,Boeing 777-300ER,IAD,FRA,PZ9
2026-05-20,4 days ago,UA2029,Boeing 737-900,MIA,ORD,PZ1
2026-10-02,1 day ago,UA200,Boeing 777-300ER,GUM,HNL,PZ1
2026-08-10,5 hours ago,UA918,Boeing 777-200,IAD,LHR,PZ9
2026-07-26,3 hours ago,UA950,Boeing 777-300ER,IAD,BRU,PZ9
2026-06-13,4 days ago,UA822,Airbus A319,MEX,SFO,PZ6
2026-05-22,1 day ago,UA2798,Boeing 737-900,MIA,ORD,PZ4
2026-05-12,9 hours ago,UA945,Boeing 787-10 Dreamliner,FRA,ORD,PZ9
2026-08-25,1 day ago,UA1006,Boeing 737-800,LAX,LAS,PZ3
2026-05-13,1 day ago,UA3414,Embraer E175,YUL,IAD,PZ3
2026-08-29,4 days ago,UA2249,Airbus A320,ORD,ATL,PZ2
2026-05-05,3 hours ago,UA673,Boeing 777-222ER,BCN,SFO,PZ9
2026-08-29,4 days ago,UA1398,Boeing 737 MAX 9,ORD,ATL,PZ3
2026-05-08,13 hours ago,UA380,Boeing 767-300,EWR,BRI,PZ9
2026-08-29,4 days ago,UA2770,Boeing 737-700,ORD,ATL,PZ2
2026-09-11,9 hours ago,UA3408,Embraer E175,EWR,BGR,PZ1
2026-08-05,1 day ago,UA356,Boeing 737-900,ORD,ATL,PZ4
2027-02-03,4 days ago,UA963,Boeing 767-400ER,BER,EWR,PZ3
2026-09-09,4 days ago,UA299,Boeing 737 MAX 9,ATL,EWR,PZ3
2026-09-10,4 days ago,UA299,Boeing 737 MAX 9,ATL,EWR,PZ2
2026-09-09,3 days ago,UA6115,Embraer E175,ATL,IAD,PZ2
2026-05-05,1 day ago,UA271,Boeing 757-200W,SNN,EWR,PZ7
2026-05-05,9 hours ago,UA78,Boeing 787-9,NRT,EWR,PZ4
2026-05-08,1 day ago,UA2387,Boeing 737 MAX 9,EWR,LAS,PZ1
2026-07-23,4 days ago,UA837,Boeing 737-800,NRT,KHH,PZ3
2026-07-03,4 days ago,UA425,Boeing 737-800,ORD,ATL,PZ2
2026-09-19,4 days ago,UA2249,Airbus A320,ORD,ATL,PZ1
2026-09-19,4 days ago,UA1398,Boeing 737 MAX 9,ORD,ATL,PZ3
2026-09-19,4 days ago,UA2770,Boeing 737-700,ORD,ATL,PZ1
2026-08-15,3 days ago,UA1331,Boeing 737 MAX 9,EWR,MSP,PZ1
2026-08-01,4 days ago,UA1635,Boeing 737-800,SEA,LAX,PZ2
2026-07-14,4 days ago,UA1348,Boeing 737 MAX 8,SEA,LAX,PZ2
2026-05-06,2 days ago,UA1044,Boeing 737 MAX 9,IAH,ORD,PZ6
2026-09-16,23 hours ago,UA2034,Boeing 737-900,ORD,ALB,PZ2
2026-08-12,1 day ago,UA869,Boeing 777-300ER,SFO,HKG,PZ1
2026-06-02,6 hours ago,UA249,Boeing 737-800,YVR,ORD,PZ2
2026-05-27,3 hours ago,UA2059,Boeing 737 MAX 9,ORD,PHX,PZ3
2026-10-02,8 hours ago,UA5753,Embraer E175,SFO,SLC,PZ1
2026-05-08,7 hours ago,UA1284,Airbus A320,LAX,SEA,PZ1
2026-08-12,1 day ago,UA958,Boeing 767-300,LHR,ORD,PZ9
2026-08-22,4 days ago,UA2421,Boeing 737-900,MSY,SFO,PZ1
2026-05-20,2 days ago,UA5561,Embraer E175,SHV,DEN,PZ7
2026-06-09,1 day ago,UA945,Boeing 787-10 Dreamliner,FRA,ORD,PZ9
2026-05-28,3 days ago,UA1239,Boeing 737-800,ATL,ORD,PZ1
2026-05-20,4 hours ago,UA1435,Boeing 737-900,EWR,MCO,PZ6
2026-05-31,2 days ago,UA3417,Embraer E175,EWR,CVG,PZ3
2026-05-09,1 day ago,UA1754,Boeing 737 MAX 9,SFO,LAX,PZ5
2026-11-21,1 day ago,UA552,Boeing 737 MAX 9,SFO,ONT,PZ1
2026-05-15,1 day ago,UA2102,Boeing 737 MAX 9,LAS,ORD,PZ3
2026-05-09,3 days ago,UA555,Boeing 737 MAX 9,EWR,PHX,PZ5
2026-08-23,3 days ago,UA1020,Boeing 737 MAX 9,IAH,CUN,PZ6
2026-08-21,3 days ago,UA1020,Boeing 737 MAX 9,IAH,CUN,PZ6
2026-08-21,3 days ago,UA1619,Boeing 737 MAX 9,IAH,CUN,PZ8
2026-08-21,3 days ago,UA1018,Boeing 737-900,IAH,CUN,PZ6
2026-08-24,3 days ago,UA1619,Boeing 737 MAX 9,IAH,CUN,PZ5
2026-05-23,5 hours ago,UA14,Boeing 777-200,EWR,LHR,PZ8
2026-08-20,3 days ago,UA1619,Boeing 737 MAX 9,IAH,CUN,PZ7
2026-05-30,5 hours ago,UA220,Boeing 737-800,IAD,GCM,PZ1
2026-05-21,3 hours ago,UA3662,Embraer E175,ORD,CLT,PZ4
2026-06-23,5 hours ago,UA4393,Bombardier CRJ550,CMH,ORD,PZ1
2026-05-05,6 hours ago,UA905,Boeing 777-222ER,LHR,EWR,PZ9
2026-09-14,11 hours ago,UA2783,Airbus A319,MSP,ORD,PZ1
2026-05-08,2 hours ago,UA2282,Boeing 757-300W,LAX,IAD,PZ2
2026-05-15,2 days ago,UA1152,Boeing 737-900,ATL,EWR,PZ7
2026-05-06,4 hours ago,UA2,Boeing 787-9,SIN,SFO,PZ6
2027-02-23,4 days ago,UA123,Boeing 787-9 Dreamliner,LHR,EWR,PZ6
2027-02-23,4 days ago,UA921,Boeing 767-300,LHR,EWR,PZ3
2027-02-23,4 days ago,UA15,Boeing 767-300,LHR,EWR,PZ5
2027-02-24,4 days ago,UA17,Boeing 777-200,LHR,EWR,PZ2
2026-05-15,6 hours ago,UA380,Boeing 767-300,EWR,BRI,PZ9
2026-05-27,1 day ago,UA98,Boeing 787-9 Dreamliner,LAX,MEL,PZ2
2026-05-26,4 days ago,UA1679,Boeing 737 MAX 9,SFO,CUN,PZ3
2026-05-05,4 hours ago,UA803,Boeing 777-200ER,IAD,HND,PZ1
2026-06-02,1 day ago,UA945,Boeing 787-10 Dreamliner,FRA,ORD,PZ9
2026-05-26,4 hours ago,UA930,Boeing 787-9 Dreamliner,SFO,LHR,PZ9
2026-05-05,3 hours ago,UA152,Boeing 787-9,LAX,HKG,PZ6
2026-05-07,2 hours ago,UA5579,Embraer E175,SFO,SEA,PZ3
2026-05-21,4 days ago,UA2340,Boeing 737 MAX 9,RSW,IAD,PZ2
2026-05-07,2 hours ago,UA804,Boeing 777-200ER,HND,IAD,PZ9
2026-05-20,4 days ago,UA1081,Airbus A320,BWI,ORD,PZ2
2026-05-12,7 hours ago,UA201,Boeing 777-300ER,HNL,GUM,PZ9
2026-05-27,1 day ago,UA958,Boeing 767-300,LHR,ORD,PZ9
2026-07-30,2 days ago,UA1246,Boeing 737-900,MSP,EWR,PZ2
2026-05-17,3 hours ago,UA1504,Boeing 737-900,ORD,MIA,PZ2
2026-05-13,4 days ago,UA201,Boeing 777-300ER,HNL,GUM,PZ9
2026-05-12,13 hours ago,UA142,Boeing 787-9 Dreamliner,NRT,DEN,PZ7
2026-05-06,4 days ago,UA201,Boeing 777-300ER,HNL,GUM,PZ9
2026-05-10,2 hours ago,UA201,Boeing 777-300ER,HNL,GUM,PZ9
2026-05-22,19 hours ago,UA838,Boeing 737-800,KHH,NRT,PZ5
2026-05-24,19 hours ago,UA838,Boeing 737-800,KHH,NRT,PZ4
2026-05-27,3 days ago,UA2357,Boeing 737-800,LGA,ORD,PZ4
2026-05-10,1 day ago,UA5968,Embraer E175,SAT,SFO,PZ3
2026-05-30,4 hours ago,UA2357,Boeing 737-800,LGA,ORD,PZ4
2026-06-09,15 hours ago,UA905,Boeing 777-200,LHR,EWR,PZ9
2026-05-05,4 hours ago,UA939,Boeing 777-222ER,LHR,SFO,PZ9
2026-07-05,8 hours ago,UA3514,Embraer E175,IAD,BUF,PZ1
2026-05-17,4 days ago,UA2667,Airbus A321neo,IAD,DEN,PZ3
2026-06-24,3 days ago,UA2645,Boeing 737-900,MSP,EWR,PZ1
2026-05-12,1 day ago,UA2014,Boeing 737-900,DEN,BOI,PZ1
2026-05-27,5 hours ago,UA1105,Boeing 737 MAX 9,MCO,EWR,PZ3
2026-05-12,1 day ago,UA5923,Embraer E175,DEN,BOI,PZ2
2026-05-26,1 day ago,UA2389,Boeing 737 MAX 8,LGA,ORD,PZ2
2026-05-26,1 day ago,UA2357,Boeing 737-800,LGA,ORD,PZ2
2026-05-26,6 hours ago,UA995,Boeing 787-10 Dreamliner,BRU,EWR,PZ9
2026-09-08,5 hours ago,UA15,Boeing 767-300,LHR,EWR,PZ9
2026-07-26,4 hours ago,UA3588,Embraer E175,EWR,TVC,PZ1
2026-07-28,9 hours ago,UA958,Boeing 767-300,LHR,ORD,PZ9
2026-05-05,18 hours ago,UA262,Boeing 787-9,DEN,LHR,PZ1
2026-05-19,1 day ago,UA211,Boeing 737-800,LGA,ORD,PZ4
2026-05-17,1 day ago,UA2389,Boeing 737-800,LGA,ORD,PZ1
2026-05-06,2 days ago,UA22,Boeing 777-200,DUB,EWR,PZ9
2026-07-23,4 days ago,UA145,Boeing 757-200,OPO,EWR,PZ9
2026-05-13,4 days ago,UA495,Boeing 737-900,IAD,DEN,PZ2
2026-07-18,10 hours ago,UA2681,Boeing 737 MAX 8,SFO,YUL,PZ7
2026-09-10,1 day ago,UA933,Boeing 777-200,FRA,IAD,PZ9
2026-08-19,7 hours ago,UA988,Boeing 777-300ER,FRA,IAD,PZ9
2026-06-17,1 day ago,UA4773,Embraer E175,DEN,CID,PZ1
2026-06-05,1 day ago,UA5677,Embraer E175,DEN,CID,PZ1
2026-06-03,1 day ago,UA2324,Boeing 737-900,DEN,CID,PZ2
2026-06-03,1 day ago,UA4773,Embraer E175,DEN,CID,PZ2
2026-05-26,8 hours ago,UA951,Boeing 777-300ER,BRU,IAD,PZ9
2027-01-25,4 days ago,UA988,Boeing 777-300ER,FRA,IAD,PZ4
2026-06-04,22 hours ago,UA749,Boeing 767-300,GVA,IAD,PZ9
2026-05-15,18 hours ago,UA5753,Embraer E175,SFO,SLC,PZ5
2026-05-27,2 hours ago,UA842,Boeing 787-9 Dreamliner,SYD,LAX,PZ1
2026-05-16,3 hours ago,UA2400,Boeing 737 MAX 9,SFO,LAS,PZ3
2027-03-10,2 days ago,UA31,Boeing 767-300,MUC,EWR,PZ3
2026-05-10,10 hours ago,UA1195,Boeing 737-900,LAX,SFO,PZ4
2027-01-26,4 days ago,UA988,Boeing 777-300ER,FRA,IAD,PZ3
2026-06-09,9 hours ago,UA939,Boeing 787-9 Dreamliner,LHR,SFO,PZ9
2026-05-09,4 hours ago,UA1856,Airbus A321neo,ORD,EWR,PZ1
2026-05-07,4 hours ago,UA795,Airbus A321neo,ORD,EWR,PZ1
2026-05-22,1 day ago,UA1472,Boeing 737 MAX 9,SDQ,EWR,PZ9
2026-05-23,1 day ago,UA3705,Embraer E175,EWR,IND,PZ6
2026-06-30,1 day ago,UA291,Boeing 737-700,SAV,ORD,PZ1
2026-05-15,3 days ago,UA1472,Boeing 737 MAX 9,SDQ,EWR,PZ9
2026-06-13,1 day ago,UA694,Boeing 737 MAX 8,DEN,SFO,PZ1
2026-05-07,1 day ago,UA908,Boeing 767-300,AMS,ORD,PZ9
2026-05-24,2 hours ago,UA2664,Boeing 737 MAX 9,DTW,SFO,PZ3
2026-12-24,4 hours ago,UA1447,Boeing 737 MAX 8,SJO,IAH,PZ1
2026-06-03,4 days ago,UA1615,Boeing 737-900,DEN,CVG,PZ2
2026-05-06,2 hours ago,UA817,Airbus A320,SFO,MEX,PZ6
2026-08-27,1 day ago,UA951,Boeing 777-300ER,BRU,IAD,PZ9
2026-05-22,9 hours ago,UA3580,Embraer E175,EWR,GRR,PZ3
2026-07-09,22 hours ago,UA3652,Embraer E175,DTW,EWR,PZ1
2027-02-11,3 days ago,UA908,Boeing 767-300,AMS,ORD,PZ2
2026-12-24,3 days ago,UA1653,Boeing 737-900,CUN,LAX,PZ4
2026-06-07,4 days ago,UA1890,Boeing 737-700,EWR,RDU,PZ3
2026-06-02,2 days ago,UA5879,Embraer E175,DEN,SHV,PZ1
2026-05-23,20 hours ago,UA2179,Boeing 737 MAX 8,SFO,LAX,PZ2
2026-06-06,2 days ago,UA5253,Embraer E175,DEN,SHV,PZ2
2026-05-21,2 days ago,UA5253,Embraer E175,DEN,SHV,PZ4
2026-05-22,2 days ago,UA5879,Embraer E175,DEN,SHV,PZ6
2026-05-22,2 days ago,UA5253,Embraer E175,DEN,SHV,PZ4
2026-06-12,3 days ago,UA473,Boeing 737-800,IAH,SJD,PZ5
2026-05-23,5 hours ago,UA3476,Embraer E175,RIC,EWR,PZ1
2026-05-05,2 days ago,UA5879,Embraer E175,DEN,SHV,PZ2
2026-06-10,1 day ago,UA4430,Bombardier CRJ550,DCA,EWR,PZ1
2026-05-24,1 day ago,UA4430,Bombardier CRJ550,DCA,EWR,PZ1
2026-05-24,1 day ago,UA4180,Bombardier CRJ550,DCA,EWR,PZ3
2026-05-25,1 day ago,UA4174,Bombardier CRJ550,DCA,EWR,PZ2
2026-06-04,1 day ago,UA4430,Bombardier CRJ550,DCA,EWR,PZ3
2026-05-16,1 day ago,UA1812,Airbus A320,SFO,PDX,PZ1
2026-05-11,1 day ago,UA950,Boeing 777-300ER,IAD,BRU,PZ9
2026-05-25,1 day ago,UA473,Boeing 737-800,IAH,SJD,PZ7
2026-05-26,1 day ago,UA4446,Bombardier CRJ550,DCA,EWR,PZ1
2026-10-16,20 hours ago,UA5753,Embraer E175,SFO,SLC,PZ1
2026-05-23,20 hours ago,UA2127,Boeing 737-800,SFO,LAX,PZ5
2026-05-13,1 day ago,UA4446,Bombardier CRJ550,DCA,EWR,PZ3
2026-11-06,2 hours ago,UA5590,Embraer E175,SFO,SLC,PZ1
2026-06-07,1 day ago,UA4184,Bombardier CRJ550,DCA,EWR,PZ3
2026-05-26,1 day ago,UA1600,Boeing 737-800,IAH,TQO,PZ2
2026-06-13,1 day ago,UA2801,Boeing 737-900,TPA,ORD,PZ5
2026-06-24,4 days ago,UA4073,Embraer E175,IAD,CMH,PZ1
2026-06-17,4 days ago,UA4076,Embraer E175,IAD,CMH,PZ1
2026-11-22,8 hours ago,UA5970,Embraer E175,SLC,SFO,PZ1
2026-05-05,6 hours ago,UA761,Boeing 787-9,MUC,DEN,PZ7
2026-05-23,6 hours ago,UA60,Boeing 787-9 Dreamliner,SFO,MEL,PZ1
2026-05-13,2 days ago,UA4652,Embraer E175,ABQ,SFO,PZ4
2026-07-28,3 days ago,UA3448,Embraer E175,CLT,EWR,PZ2
2026-07-28,3 days ago,UA3456,Embraer E175,CLT,EWR,PZ2
2026-07-16,3 days ago,UA3643,Embraer E175,EWR,ROC,PZ1
2026-05-30,9 hours ago,UA412,Airbus A319,SFO,MEX,PZ2
2026-06-21,16 hours ago,UA2097,Airbus A319,SLC,SFO,PZ1
2026-05-25,4 days ago,UA5483,Embraer E175,ORD,MSP,PZ2
2026-05-17,1 day ago,UA2647,Boeing 737 MAX 9,LAX,SFO,PZ1
2026-05-17,4 days ago,UA1862,Boeing 737-800,ATL,ORD,PZ2
2026-07-04,2 days ago,UA248,Boeing 737 MAX 9,CLT,IAD,PZ3
2026-06-22,4 days ago,UA4681,Embraer E175,ORD,MCI,PZ1
2026-05-28,4 hours ago,UA15,Boeing 767-300,LHR,EWR,PZ9
2026-09-08,5 hours ago,UA123,Boeing 787-9 Dreamliner,LHR,EWR,PZ9
2026-07-08,2 days ago,UA1246,Boeing 737-900,MSP,EWR,PZ2
2026-05-17,3 days ago,UA429,Airbus A319,IAH,MEX,PZ1
2026-06-13,3 days ago,UA153,Boeing 787-9 Dreamliner,SGN,HKG,PZ9
2026-05-13,3 days ago,UA1024,Boeing 737-700,IAH,MEX,PZ9
2026-05-06,7 hours ago,UA964,Boeing 767-300,EWR,NAP,PZ6
2026-06-21,16 hours ago,UA2645,Boeing 737 MAX 8,MSP,EWR,PZ1
2026-05-23,4 hours ago,UA967,Boeing 767-300,NAP,EWR,PZ9
2026-05-29,1 day ago,UA914,Boeing 777-200,CDG,IAD,PZ8
2026-05-08,2 days ago,UA2442,Boeing 737-800,CVG,IAH,PZ1
2026-05-07,2 days ago,UA1566,Boeing 737 MAX 8,IAD,MEX,PZ2
2026-05-17,10 hours ago,UA2850,Boeing 737 MAX 9,SFO,LAX,PZ1
2026-05-08,1 day ago,UA3667,Embraer E175,EWR,CVG,PZ2
2026-05-16,4 hours ago,UA55,Boeing 767-300,CDG,EWR,PZ6
2026-06-03,20 hours ago,UA2179,Boeing 737-800,SFO,LAX,PZ4
2026-05-15,1 day ago,UA592,Boeing 737-900,SFO,LAX,PZ2
2026-07-06,4 days ago,UA4058,Embraer E175,DTW,IAD,PZ1
2026-06-09,20 hours ago,UA2850,Boeing 737-900,SFO,LAX,PZ4
2026-05-09,1 day ago,UA1756,Boeing 737-900,SFO,IAD,PZ5
2026-07-06,4 days ago,UA3409,Embraer E175,DTW,EWR,PZ1
2026-07-06,4 days ago,UA6362,Embraer E175,DTW,IAD,PZ1
2026-07-06,4 days ago,UA3556,Embraer E175,DTW,ORD,PZ1
2026-07-06,4 days ago,UA4673,Embraer E175,DTW,ORD,PZ1
2026-07-06,4 days ago,UA3611,Embraer E175,DTW,EWR,PZ1
2026-05-26,20 hours ago,UA2179,Boeing 737-900,SFO,LAX,PZ8
2027-01-16,4 days ago,UA2194,Boeing 737-900,MSY,SFO,PZ2
2026-05-17,4 hours ago,UA745,Boeing 737-700,EWR,ATL,PZ1
2026-05-16,9 hours ago,UA12,Boeing 767-300,ZRH,ORD,PZ9
2026-06-13,2 hours ago,UA1020,Boeing 737 MAX 9,IAH,CUN,PZ6
2026-05-10,19 hours ago,UA5408,Embraer E175,LAX,SEA,PZ2
2026-05-15,5 hours ago,UA1372,Boeing 737 MAX 8,LAX,SFO,PZ2
2027-02-02,1 day ago,UA951,Boeing 777-300ER,BRU,IAD,PZ2
2026-05-26,1 day ago,UA1353,Boeing 737 MAX 8,LAX,SEA,PZ5
2026-05-12,4 days ago,UA160,Boeing 777-200,MUC,IAH,PZ6
2026-06-03,4 days ago,UA1364,Boeing 737-900,EWR,FLL,PZ4
2026-05-22,2 hours ago,UA2179,Boeing 737-900,SFO,LAX,PZ1
2026-07-07,2 days ago,UA1246,Boeing 737-900,MSP,EWR,PZ1
2026-05-06,4 days ago,UA601,Boeing 737 MAX 9,CLE,EWR,PZ1
2026-12-02,3 days ago,UA988,Boeing 777-300ER,FRA,IAD,PZ2
2026-05-24,4 hours ago,UA941,Boeing 767-300,LHR,EWR,PZ9
2026-07-01,5 hours ago,UA5380,Embraer E175,MSN,DEN,PZ1
2026-08-24,6 hours ago,UA925,Boeing 777-200,LHR,IAD,PZ9
2026-06-30,5 hours ago,UA2338,Boeing 737 MAX 9,MSN,DEN,PZ1
2026-05-08,9 hours ago,UA5628,Embraer E175,SMF,LAX,PZ5
2026-05-17,2 days ago,UA299,Boeing 737-900,ATL,EWR,PZ3
2026-11-05,1 day ago,UA958,Boeing 767-300,LHR,ORD,PZ3
2026-05-13,4 days ago,UA973,Boeing 787-10 Dreamliner,BRU,ORD,PZ4
2027-01-21,1 day ago,UA958,Boeing 767-300,LHR,ORD,PZ5
2026-07-14,21 hours ago,UA2029,Boeing 737 MAX 9,MIA,EWR,PZ1
2026-10-20,1 day ago,UA5988,Embraer E175,ABQ,DEN,PZ2
2026-10-20,1 day ago,UA5446,Embraer E175,ABQ,DEN,PZ2
2026-05-22,5 hours ago,UA584,Boeing 737 MAX 8,PHL,IAH,PZ3
2026-11-04,17 hours ago,UA988,Boeing 777-300ER,FRA,IAD,PZ1
2026-05-05,20 hours ago,UA97,Boeing 777-200ER,BNE,SFO,PZ3
2026-10-15,1 day ago,UA3683,Embraer E175,EWR,IND,PZ1
2026-06-19,1 day ago,UA5744,Embraer E175,LAX,SLC,PZ1
2026-12-15,1 day ago,UA958,Boeing 767-300,LHR,ORD,PZ3
2026-06-29,4 days ago,UA689,Boeing 737-800,SFO,BUR,PZ2
2026-06-29,4 days ago,UA2363,Airbus A320,SFO,BUR,PZ1
2026-06-09,3 hours ago,UA2019,Boeing 737 MAX 9,SFO,DEN,PZ4
2026-05-07,15 hours ago,UA142,Boeing 787-9,NRT,DEN,PZ1
2026-05-30,10 hours ago,UA2019,Boeing 737-900,SFO,DEN,PZ5
2026-06-29,4 days ago,UA1367,Boeing 737 MAX 8,SFO,BUR,PZ1
2026-05-16,22 hours ago,UA2436,Airbus A321neo,SFO,DEN,PZ5
2026-05-27,7 hours ago,UA879,Boeing 777-200,LHR,IAH,PZ9
2027-01-19,4 days ago,UA988,Boeing 777-300ER,FRA,IAD,PZ1
2027-01-29,3 days ago,UA193,Boeing 737 MAX 8,ROR,MNL,PZ1
2026-11-27,1 day ago,UA933,Boeing 777-200,FRA,IAD,PZ4
2027-02-02,3 days ago,UA193,Boeing 737 MAX 8,ROR,MNL,PZ1
2026-06-23,1 day ago,UA2019,Boeing 737 MAX 9,SFO,DEN,PZ2
2026-05-28,6 hours ago,UA43,Boeing 777-300ER,FRA,EWR,PZ9
2027-01-26,3 days ago,UA193,Boeing 737 MAX 8,ROR,MNL,PZ1
2026-05-14,8 hours ago,UA33,Boeing 787-9 Dreamliner,NRT,LAX,PZ5
2026-05-05,3 days ago,UA1501,Boeing 737-800,IAH,TPA,PZ1
2026-05-30,3 days ago,UA2482,Boeing 737 MAX 9,STL,SFO,PZ2
2026-07-04,5 hours ago,UA921,Boeing 767-300,LHR,EWR,PZ9
2026-05-19,5 hours ago,UA1471,Boeing 737 MAX 9,EWR,SDQ,PZ3
2026-06-19,3 days ago,UA5662,Embraer E175,LAX,RDM,PZ1
2026-08-18,4 hours ago,UA957,Boeing 767-300,GVA,EWR,PZ9
2027-03-02,4 hours ago,UA980,Boeing 767-300,ORD,DUB,PZ2
2026-06-14,3 hours ago,UA798,Boeing 737 MAX 8,CLT,EWR,PZ1
2026-06-14,1 day ago,UA4430,Bombardier CRJ550,DCA,EWR,PZ3
2026-06-16,1 day ago,UA933,Boeing 777-200,FRA,IAD,PZ9
2027-02-03,1 day ago,UA951,Boeing 777-300ER,BRU,IAD,PZ8
2026-05-27,1 day ago,UA670,Boeing 737-900,DEN,SJC,PZ1
2026-05-07,12 hours ago,UA134,Boeing 767-300,EWR,ZRH,PZ3
2026-07-24,12 hours ago,UA838,Boeing 737-800,KHH,NRT,PZ1
2026-06-14,3 days ago,UA473,Boeing 737-800,IAH,SJD,PZ6
2026-07-23,12 hours ago,UA838,Boeing 737-800,KHH,NRT,PZ3
2026-05-19,2 days ago,UA988,Boeing 777-300ER,FRA,IAD,PZ9
2026-05-28,2 days ago,UA5244,Embraer E175,SHV,DEN,PZ1
2026-07-15,4 days ago,UA837,Boeing 737-800,NRT,KHH,PZ4
2026-07-07,3 days ago,UA798,Boeing 737 MAX 8,CLT,EWR,PZ3
2026-05-31,2 days ago,UA5244,Embraer E175,SHV,DEN,PZ1
2026-05-31,2 days ago,UA5561,Embraer E175,SHV,DEN,PZ3
2026-06-07,2 days ago,UA5561,Embraer E175,SHV,DEN,PZ3
2026-05-22,2 days ago,UA5244,Embraer E175,SHV,DEN,PZ4
2026-07-05,3 days ago,UA798,Boeing 737 MAX 8,CLT,EWR,PZ1
2026-05-23,2 days ago,UA5244,Embraer E175,SHV,DEN,PZ1
2026-06-06,8 hours ago,UA3515,Embraer E175,IAD,YYZ,PZ3
2026-08-22,1 day ago,UA123,Boeing 787-9 Dreamliner,LHR,EWR,PZ9
2026-05-07,2 hours ago,UA1986,Airbus A319,ABQ,SFO,PZ2
2026-10-18,Just now,UA4763,Embraer E175,SLC,SFO,PZ1
2026-05-24,3 hours ago,UA5745,Embraer E175,ASE,SFO,PZ1
2026-05-23,4 hours ago,UA5484,Embraer E175,SLC,LAX,PZ5
2026-05-10,13 hours ago,UA795,Airbus A321neo,ORD,EWR,PZ5
2026-06-16,2 days ago,UA963,Boeing 767-300,BER,EWR,PZ9
2026-05-20,4 hours ago,UA1739,Boeing 737 MAX 9,EWR,MCO,PZ4
2026-05-05,4 hours ago,UA882,Boeing 787-10 Dreamliner,HND,ORD,PZ7
2026-06-14,4 hours ago,UA123,Boeing 787-9 Dreamliner,LHR,EWR,PZ9
2026-05-06,3 hours ago,UA838,Boeing 777-300ER,NRT,SFO,PZ9
2027-01-21,8 hours ago,UA205,Boeing 737 MAX 8,IAH,BOG,PZ2
2026-05-24,1 day ago,UA957,Boeing 767-300,GVA,EWR,PZ9
2026-05-05,1 day ago,UA71,Boeing 767-400,AMS,EWR,PZ5
2026-07-06,3 days ago,UA1619,Boeing 737 MAX 9,IAH,CUN,PZ8
2026-07-05,3 days ago,UA1619,Boeing 737 MAX 9,IAH,CUN,PZ7
2026-07-05,3 days ago,UA1016,Boeing 737 MAX 9,IAH,CUN,PZ7
2026-05-05,4 hours ago,UA14,Boeing 777-200ER,EWR,LHR,PZ9
2027-03-26,4 days ago,UA153,Boeing 787-9 Dreamliner,SGN,HKG,PZ9
2026-10-09,4 hours ago,UA5753,Embraer E175,SFO,SLC,PZ1
2026-05-09,5 hours ago,UA3416,Embraer E175,DTW,ORD,PZ3
2026-05-06,4 hours ago,UA99,Boeing 787-9,MEL,LAX,PZ9
2026-05-09,1 day ago,UA1527,Boeing 737-800,SLC,LAX,PZ9
2026-05-30,3 days ago,UA5625,Embraer E175,BFL,SFO,PZ4
2026-06-02,7 hours ago,UA4724,Embraer E175,BFL,SFO,PZ3
2026-05-18,3 days ago,UA4480,Bombardier CRJ550,HSV,ORD,PZ3
2027-01-21,8 hours ago,UA209,Boeing 737 MAX 8,IAH,BOG,PZ3
2026-06-20,9 hours ago,UA658,Boeing 737-900,ORD,ONT,PZ1
2026-05-24,6 hours ago,UA962,Boeing 767-300,EWR,BER,PZ9
2026-08-10,20 hours ago,UA944,Boeing 787-10 Dreamliner,ORD,FRA,PZ9
2026-05-05,4 hours ago,UA871,Boeing 777-300ER,SFO,TPE,PZ3
2026-06-03,11 hours ago,UA380,Boeing 767-300,EWR,BRI,PZ1
2026-06-25,2 days ago,UA958,Boeing 767-300,LHR,ORD,PZ9
2026-05-09,4 days ago,UA622,Boeing 737-700,CMH,ORD,PZ5
2026-05-23,13 hours ago,UA2837,Boeing 737-900,SEA,SFO,PZ8
2026-05-20,3 days ago,UA3431,Embraer E175,IAD,YYZ,PZ1
2026-06-03,3 days ago,UA1896,Boeing 737-800,PDX,SFO,PZ5
2026-05-13,3 hours ago,UA871,Boeing 777-300ER,SFO,TPE,PZ2
2026-07-15,4 days ago,UA1998,Boeing 737-700,IAD,MSP,PZ1
2026-05-19,4 hours ago,UA860,Boeing 767-400ER,GRU,IAD,PZ9
2026-05-18,3 days ago,UA4596,Bombardier CRJ550,HSV,ORD,PZ3
2026-05-19,2 days ago,UA914,Boeing 777-200,CDG,IAD,PZ5
2026-05-28,2 days ago,UA4643,Embraer E175,LAX,SAN,PZ2
2026-05-30,1 day ago,UA1020,Boeing 737 MAX 9,IAH,CUN,PZ5
2026-06-08,7 hours ago,UA958,Boeing 767-300,LHR,ORD,PZ9
2026-05-09,3 days ago,UA3476,Embraer E175,ORD,DTW,PZ5
2026-08-26,4 hours ago,UA941,Boeing 767-300,LHR,EWR,PZ9
2026-05-09,3 days ago,UA5232,Embraer E175,ORD,DTW,PZ1
2026-05-13,7 hours ago,UA34,Boeing 777-200,KIX,SFO,PZ9
2026-05-27,5 hours ago,UA934,Boeing 767-300,EWR,LHR,PZ9
2026-06-04,5 hours ago,UA673,Boeing 777-200,BCN,SFO,PZ9
2026-05-24,4 hours ago,UA14,Boeing 777-200,EWR,LHR,PZ9
2026-05-09,2 hours ago,UA904,Boeing 767-300,EWR,LHR,PZ9
2026-05-06,2 hours ago,UA920,Boeing 767-300,ORD,LHR,PZ2
2026-06-06,10 hours ago,UA2019,Boeing 737 MAX 9,SFO,DEN,PZ2
2026-08-22,2 days ago,UA1931,Boeing 757-300,SFO,ORD,PZ1
2026-05-29,6 hours ago,UA31,Boeing 767-300,MUC,EWR,PZ9
2026-06-05,4 hours ago,UA5753,Embraer E175,SFO,SLC,PZ1
2026-06-24,Just now,UA2247,Boeing 737-900,ORD,YYZ,PZ9
2026-05-05,4 hours ago,UA806,Boeing 787-9,ICN,SFO,PZ6
2026-08-22,3 hours ago,UA2666,Airbus A321neo,ORD,DEN,PZ2
2026-05-17,4 hours ago,UA1894,Boeing 737-900,DEN,MSN,PZ2
2026-05-09,1 day ago,UA450,Boeing 737-900,ORD,BWI,PZ1
2026-08-22,2 days ago,UA5354,Embraer E175,YYZ,ORD,PZ9
2026-08-22,2 days ago,UA5654,Embraer E175,YYZ,ORD,PZ2
2026-11-26,3 days ago,UA933,Boeing 777-200,FRA,IAD,PZ1
2026-06-02,10 hours ago,UA2019,Boeing 737 MAX 9,SFO,DEN,PZ1
2026-06-02,10 hours ago,UA301,Boeing 737 MAX 8,SFO,DEN,PZ1
2026-08-28,7 hours ago,UA988,Boeing 777-300ER,FRA,IAD,PZ9
2026-05-05,3 days ago,UA301,Boeing 737 MAX 9,SFO,DEN,PZ9
2026-05-23,4 days ago,UA2180,Boeing 737-900,ORD,MIA,PZ3
2026-05-17,16 hours ago,UA12,Boeing 767-300,ZRH,ORD,PZ5
2026-05-05,1 day ago,UA879,Boeing 777-222ER,LHR,IAH,PZ9
2026-08-31,7 hours ago,UA1569,Boeing 737-800,IAH,BZE,PZ5
2026-08-27,1 day ago,UA879,Boeing 777-200,LHR,IAH,PZ9
2026-06-02,4 days ago,UA1978,Boeing 737-800,DEN,CVG,PZ3
2026-05-12,1 day ago,UA2367,Boeing 737 MAX 9,DEN,SFO,PZ1
2026-09-16,23 hours ago,UA5903,Bombardier CRJ550,ORD,GSO,PZ1
2026-09-16,23 hours ago,UA4462,Bombardier CRJ550,ORD,GSO,PZ1
2026-05-16,16 hours ago,UA21,Boeing 767-300,AMS,IAH,PZ8
2026-05-17,16 hours ago,UA135,Boeing 767-300,ZRH,EWR,PZ9
2026-05-18,7 hours ago,UA424,Airbus A320,AUS,LAX,PZ3
2026-05-21,23 hours ago,UA255,Boeing 737-800,AUS,LAX,PZ4
2026-11-24,13 hours ago,UA973,Boeing 787-10 Dreamliner,BRU,ORD,PZ7
2026-05-12,16 hours ago,UA37,Boeing 757-200,EDI,EWR,PZ8
2026-05-11,4 hours ago,UA424,Airbus A320,AUS,LAX,PZ1
2026-05-22,3 days ago,UA1059,Boeing 737-900,CUN,IAH,PZ9
2026-06-15,2 hours ago,UA1653,Boeing 737-900,CUN,LAX,PZ1
2026-06-02,4 days ago,UA605,Boeing 737-900,DEN,BNA,PZ2
2026-05-22,6 hours ago,UA2059,Boeing 737 MAX 9,ORD,PHX,PZ5
2027-03-16,1 day ago,UA123,Boeing 787-9 Dreamliner,LHR,EWR,PZ6
2026-06-18,3 days ago,UA1123,Boeing 737 MAX 9,CUN,IAH,PZ2
2026-05-18,4 days ago,UA797,Boeing 737 MAX 9,SEA,ORD,PZ5
2026-05-20,3 days ago,UA1448,Boeing 737 MAX 9,RDU,ORD,PZ5
2027-03-16,1 day ago,UA905,Boeing 767-300,LHR,EWR,PZ2
2026-05-18,2 days ago,UA795,Airbus A321neo,ORD,EWR,PZ3
2026-05-19,3 days ago,UA1448,Boeing 737 MAX 9,RDU,ORD,PZ1
2026-06-17,3 days ago,UA1051,Boeing 737-900,CUN,IAH,PZ1
2026-07-10,1 day ago,UA5591,Embraer E175,ORD,YYZ,PZ3
2026-06-03,3 days ago,UA1019,Boeing 737 MAX 9,CUN,IAH,PZ4
2026-08-17,3 days ago,UA1399,Boeing 737 MAX 9,EWR,MCI,PZ2
2026-06-11,1 day ago,UA1059,Boeing 737-900,CUN,IAH,PZ9
2026-05-20,3 days ago,UA1058,Boeing 737 MAX 9,CUN,IAH,PZ9
2026-05-09,4 hours ago,UA2657,Boeing 737 MAX 8,SNA,SFO,PZ4
2026-05-25,4 days ago,UA490,Boeing 737-700,ORD,DCA,PZ3
2026-11-25,2 days ago,UA31,Boeing 767-300,MUC,EWR,PZ2
2026-05-26,5 hours ago,UA879,Boeing 777-200,LHR,IAH,PZ7
2026-05-09,4 hours ago,UA2363,Boeing 737 MAX 9,ONT,SFO,PZ5
2026-05-09,4 hours ago,UA1851,Boeing 737-800,ONT,SFO,PZ6
2026-05-09,4 hours ago,UA1503,Airbus A319,ONT,SFO,PZ2
2026-05-08,4 hours ago,UA2154,Airbus A319,TUL,DEN,PZ2
2026-06-05,3 days ago,UA1059,Boeing 737-900,CUN,IAH,PZ1
2026-05-14,3 days ago,UA1058,Boeing 737 MAX 9,CUN,IAH,PZ8
2026-06-04,3 days ago,UA1059,Boeing 737-900,CUN,IAH,PZ1
2026-05-09,1 day ago,UA2441,Boeing 737 MAX 8,SFO,SNA,PZ6
2026-05-07,6 hours ago,UA772,Boeing 787-9,PEK,LAX,PZ7
2026-05-27,1 day ago,UA71,Boeing 777-200,AMS,EWR,PZ9
2027-02-03,6 hours ago,UA919,Boeing 777-200,LHR,IAD,PZ1
2026-06-17,15 hours ago,UA563,Airbus A321neo,ORD,EWR,PZ3
2026-06-06,10 hours ago,UA945,Boeing 787-10 Dreamliner,FRA,ORD,PZ9
2026-06-10,4 days ago,UA1924,Airbus A321neo,DEN,IAD,PZ1
2026-06-11,1 day ago,UA1753,Boeing 737 MAX 8,RDU,EWR,PZ1
2026-05-13,3 days ago,UA928,Boeing 767-300,LHR,ORD,PZ9
2026-05-28,1 day ago,UA71,Boeing 777-200,AMS,EWR,PZ5
2026-06-29,6 hours ago,UA995,Boeing 787-10 Dreamliner,BRU,EWR,PZ9
2026-05-22,1 day ago,UA539,Boeing 737-800,DFW,IAH,PZ1
2026-05-31,3 days ago,UA1885,Boeing 737 MAX 8,XNA,SFO,PZ3
2026-06-12,4 hours ago,UA2384,Boeing 737 MAX 8,SFO,PDX,PZ1
2026-05-30,1 day ago,UA4654,Embraer E175,ORD,ECP,PZ3
2026-05-13,1 day ago,UA1491,Airbus A319,ORD,ECP,PZ2
2026-08-18,3 hours ago,UA31,Boeing 777-200,MUC,EWR,PZ9
2026-07-11,1 day ago,UA2096,Boeing 737 MAX 8,RNO,LAX,PZ2
2026-05-25,1 day ago,UA5871,Embraer E175,ORD,ECP,PZ1
2026-05-26,1 day ago,UA4654,Embraer E175,ORD,ECP,PZ5
2026-05-10,1 day ago,UA879,Boeing 777-200,LHR,IAH,PZ9
2026-05-29,1 day ago,UA98,Boeing 787-9 Dreamliner,LAX,MEL,PZ3
2026-05-16,8 hours ago,UA973,Boeing 787-10 Dreamliner,BRU,ORD,PZ9
2026-06-16,20 hours ago,UA945,Boeing 787-10 Dreamliner,FRA,ORD,PZ9
2026-05-20,1 day ago,UA166,Boeing 737-800,TPE,GUM,PZ2
2026-05-31,6 hours ago,UA123,Boeing 787-9 Dreamliner,LHR,EWR,PZ9
2026-06-13,2 days ago,UA540,Boeing 737-800,RDU,SFO,PZ4
2026-05-13,23 hours ago,UA1863,Boeing 737 MAX 9,SFO,SAN,PZ4
2026-05-16,1 day ago,UA2141,Boeing 737-900,SFO,PHX,PZ2
2026-08-26,1 day ago,UA958,Boeing 767-300,LHR,ORD,PZ9
2026-07-01,1 day ago,UA958,Boeing 767-300,LHR,ORD,PZ9
2026-05-08,22 hours ago,UA2641,Boeing 737 MAX 8,LAX,LAS,PZ7
2026-08-26,4 hours ago,UA123,Boeing 787-9 Dreamliner,LHR,EWR,PZ9
2026-05-19,4 hours ago,UA17,Boeing 767-300,LHR,EWR,PZ9
2026-05-26,8 hours ago,UA957,Boeing 767-300,GVA,EWR,PZ5
2026-05-31,6 hours ago,UA905,Boeing 777-200,LHR,EWR,PZ9
2026-05-16,1 day ago,UA5635,Embraer E175,BWI,ORD,PZ2
2026-08-25,6 hours ago,UA15,Boeing 767-300,LHR,EWR,PZ9
2026-08-25,6 hours ago,UA147,Boeing 767-300,LHR,EWR,PZ9
2026-05-08,7 hours ago,UA795,Airbus A321neo,ORD,EWR,PZ1
2026-07-08,4 days ago,UA1998,Boeing 737-700,IAD,MSP,PZ2
2026-05-29,6 hours ago,UA963,Boeing 767-300,BER,EWR,PZ9
2026-07-07,10 hours ago,UA427,Boeing 737 MAX 9,SAN,EWR,PZ1
2026-07-07,10 hours ago,UA327,Boeing 757-200,SAN,EWR,PZ1
2026-06-15,1 day ago,UA3477,Embraer E175,STL,EWR,PZ1
2026-07-24,4 days ago,UA5372,Embraer E175,LAX,SMF,PZ1
2026-05-18,3 days ago,UA3431,Embraer E175,IAD,YYZ,PZ2
2026-05-16,9 hours ago,UA906,Boeing 787-10 Dreamliner,FRA,ORD,PZ9
2026-08-10,7 hours ago,UA16,Boeing 767-300,EWR,LHR,PZ9
2026-05-08,21 hours ago,UA2681,Boeing 737 MAX 9,SFO,MCO,PZ5
2026-06-14,16 hours ago,UA2070,Boeing 737-800,IAH,AUS,PZ3
2026-05-05,4 hours ago,UA16,Boeing 767-300,EWR,LHR,PZ3
2026-06-21,16 hours ago,UA4763,Embraer E175,SLC,SFO,PZ1
2026-05-07,23 hours ago,UA641,Airbus A319,ATL,IAD,PZ1
2026-06-15,20 hours ago,UA925,Boeing 777-200,LHR,IAD,PZ9
2026-07-23,4 days ago,UA5372,Embraer E175,LAX,SMF,PZ1
2026-05-13,4 days ago,UA725,Airbus A319,ABQ,DEN,PZ5
2026-05-09,4 days ago,UA621,Boeing 737-800,ABQ,DEN,PZ2
2026-05-09,4 days ago,UA5988,Embraer E175,ABQ,DEN,PZ5
2026-05-12,4 days ago,UA621,Boeing 737-800,ABQ,DEN,PZ4
2026-05-11,4 days ago,UA5834,Embraer E175,ABQ,DEN,PZ3
2026-10-01,1 day ago,UA5988,Embraer E175,ABQ,DEN,PZ1
2026-09-30,1 day ago,UA5988,Embraer E175,ABQ,DEN,PZ2
2026-10-01,1 day ago,UA5446,Embraer E175,ABQ,DEN,PZ1
2026-05-07,11 hours ago,UA123,Boeing 787-9,LHR,EWR,PZ9
2026-05-21,3 hours ago,UA582,Boeing 737-800,SFO,LAS,PZ1
2026-07-08,3 days ago,UA1457,Airbus A321neo,SAN,ORD,PZ1
2026-05-22,6 hours ago,UA2865,Airbus A319,ORD,MSP,PZ6
2026-05-25,4 days ago,UA215,Airbus A320,ORD,MSP,PZ1
2026-05-05,3 days ago,UA1888,Boeing 737-800,ORD,MSP,PZ5
2026-05-20,4 days ago,UA2298,Boeing 737-700,ORD,MSP,PZ4
2026-05-19,4 hours ago,UA2,Boeing 787-9 Dreamliner,SIN,SFO,PZ1
2026-05-22,3 days ago,UA4695,Embraer E175,SFO,ACV,PZ2
2026-05-22,3 days ago,UA3423,Embraer E175,CVG,EWR,PZ1
2026-05-22,1 day ago,UA6014,Embraer E175,SFO,GEG,PZ2
2026-05-23,1 day ago,UA2019,Boeing 737 MAX 9,SFO,DEN,PZ5
2026-08-26,7 hours ago,UA988,Boeing 777-300ER,FRA,IAD,PZ9
2026-05-23,6 hours ago,UA941,Boeing 767-300,LHR,EWR,PZ9
2026-05-29,6 hours ago,UA933,Boeing 777-200,FRA,IAD,PZ5
2026-06-08,4 hours ago,UA758,Boeing 737-900,MSP,ORD,PZ1
2026-08-27,7 hours ago,UA988,Boeing 777-300ER,FRA,IAD,PZ9
2026-09-02,1 day ago,UA988,Boeing 777-300ER,FRA,IAD,PZ9
2026-06-09,15 hours ago,UA17,Boeing 767-300,LHR,EWR,PZ9
2026-06-17,1 day ago,UA988,Boeing 777-300ER,FRA,IAD,PZ9
2026-05-27,1 day ago,UA988,Boeing 777-300ER,FRA,IAD,PZ9
2026-09-03,1 day ago,UA988,Boeing 777-300ER,FRA,IAD,PZ9
2026-06-04,2 days ago,UA988,Boeing 777-300ER,FRA,IAD,PZ9
2026-06-07,4 hours ago,UA123,Boeing 787-9 Dreamliner,LHR,EWR,PZ9
2026-06-10,1 day ago,UA988,Boeing 777-300ER,FRA,IAD,PZ9
2026-10-03,20 hours ago,UA5405,Embraer E175,SFO,SNA,PZ2
2026-05-06,1 day ago,UA908,Boeing 767-300,AMS,ORD,PZ9
2026-12-13,10 hours ago,UA4763,Embraer E175,SLC,SFO,PZ1
2026-07-14,3 days ago,UA1457,Airbus A321neo,SAN,ORD,PZ1
2026-05-19,4 hours ago,UA123,Boeing 787-9 Dreamliner,LHR,EWR,PZ9
2026-05-18,2 hours ago,UA123,Boeing 787-9 Dreamliner,LHR,EWR,PZ9
2026-11-17,1 day ago,UA959,Boeing 767-300,LHR,ORD,PZ1
2026-05-07,2 hours ago,UA882,Boeing 787-10 Dreamliner,HND,ORD,PZ6
2026-05-24,3 hours ago,UA929,Boeing 767-300,ORD,LHR,PZ9
2026-10-09,2 days ago,UA5735,Embraer E175,MCI,ORD,PZ1
2026-05-24,2 hours ago,UA5970,Embraer E175,SLC,SFO,PZ2
2026-05-24,3 hours ago,UA920,Boeing 767-300,ORD,LHR,PZ9
2026-06-07,3 hours ago,UA3662,Embraer E175,ORD,CLT,PZ1
2027-03-09,5 hours ago,UA1544,Boeing 737-800,DEN,TPA,PZ1
2026-06-13,3 hours ago,UA17,Boeing 767-300,LHR,EWR,PZ2
2026-05-09,4 days ago,UA1279,Boeing 737-900,DEN,IAD,PZ2
2026-05-06,6 hours ago,UA152,Boeing 787-9 Dreamliner,LAX,SGN,PZ8
2026-07-03,10 hours ago,UA96,Boeing 777-200,SFO,BNE,PZ3
2026-05-09,4 days ago,UA798,Boeing 757-300,DEN,IAD,PZ2
2026-08-18,7 hours ago,UA22,Boeing 777-200,DUB,EWR,PZ9
2026-05-25,10 hours ago,UA2056,Boeing 737-800,LAX,SFO,PZ1
2026-05-11,1 day ago,UA3650,Embraer E175,ATL,ORD,PZ6
2026-06-24,3 days ago,UA1059,Boeing 737-900,CUN,IAH,PZ8
2026-05-13,3 days ago,UA1019,Boeing 737 MAX 9,CUN,IAH,PZ9
2026-05-28,3 days ago,UA1059,Boeing 737-900,CUN,IAH,PZ3
2026-05-24,4 days ago,UA988,Boeing 777-300ER,FRA,IAD,PZ9
2026-05-26,3 hours ago,UA4763,Embraer E175,SLC,SFO,PZ4
2026-05-07,3 days ago,UA1059,Boeing 737-900,CUN,IAH,PZ6
2026-05-07,3 days ago,UA1058,Boeing 737 MAX 9,CUN,IAH,PZ9
2026-05-05,3 days ago,UA1058,Boeing 737 MAX 9,CUN,IAH,PZ3
2026-06-24,3 days ago,UA1058,Boeing 737 MAX 9,CUN,IAH,PZ4
2026-05-18,9 hours ago,UA98,Boeing 787-9 Dreamliner,LAX,MEL,PZ9
2026-05-18,6 hours ago,UA60,Boeing 787-9 Dreamliner,SFO,MEL,PZ9
2026-05-28,3 days ago,UA1123,Boeing 737 MAX 9,CUN,IAH,PZ8
2026-07-01,2 hours ago,UA963,Boeing 767-300,BER,EWR,PZ9
2026-05-27,1 day ago,UA947,Boeing 767-300,AMS,IAD,PZ9
2026-05-27,8 hours ago,UA951,Boeing 777-300ER,BRU,IAD,PZ9
2026-06-18,10 hours ago,UA2747,Airbus A319,ORD,ATL,PZ1
2026-05-30,3 days ago,UA4662,Embraer E175,EUG,SFO,PZ2
2026-05-05,4 days ago,UA1924,Boeing 737-900,DEN,IAD,PZ3
2026-05-08,2 hours ago,UA723,Boeing 737-700W,ORD,DSM,PZ2
2026-05-08,2 hours ago,UA5981,Bombardier CRJ550,ORD,DSM,PZ4
2026-05-08,4 hours ago,UA2299,Airbus A320,ORD,MCI,PZ4
2026-05-08,4 hours ago,UA1937,Airbus A319,DEN,TUL,PZ2
2026-05-15,4 days ago,UA4712,Embraer E175,DEN,TUL,PZ3
2026-05-12,23 hours ago,UA31,Boeing 767-400ER,MUC,EWR,PZ9
2026-05-24,4 hours ago,UA30,Boeing 767-300,EWR,MUC,PZ9
2026-05-11,2 hours ago,UA15,Boeing 767-300,LHR,EWR,PZ9
2026-06-02,6 hours ago,UA43,Boeing 777-300ER,FRA,EWR,PZ9
2026-05-23,1 day ago,UA2389,Boeing 737 MAX 8,LGA,ORD,PZ4
2026-09-05,1 day ago,UA123,Boeing 787-9 Dreamliner,LHR,EWR,PZ9
2026-05-24,4 hours ago,UA940,Boeing 767-300,EWR,LHR,PZ9
2026-06-01,8 hours ago,UA4462,Bombardier CRJ550,ORD,FSD,PZ3
2026-05-27,1 day ago,UA957,Boeing 767-300,GVA,EWR,PZ9
2026-05-27,1 day ago,UA4737,Embraer E175,SFO,BFL,PZ5
2026-05-25,4 days ago,UA4724,Embraer E175,BFL,SFO,PZ2
2026-10-22,1 day ago,UA5607,Bombardier CRJ550,ORD,DLH,PZ1
2026-10-22,1 day ago,UA5275,Bombardier CRJ550,ORD,DLH,PZ1
2026-09-24,2 days ago,UA5307,Embraer E175,LAX,SLC,PZ1
2026-05-06,2 days ago,UA2641,Boeing 737 Max 8,LAX,LAS,PZ6
2026-05-16,4 hours ago,UA1481,Boeing 737-800,DEN,PHX,PZ3
2026-05-09,2 days ago,UA2039,Boeing 737 MAX 8,LAS,LAX,PZ7
2026-05-10,3 days ago,UA1377,Airbus A321neo,DEN,ORD,PZ1
2026-05-19,6 hours ago,UA2316,Boeing 737 MAX 8,LAS,LAX,PZ7
2026-05-19,2 days ago,UA2856,Boeing 737 MAX 9,EWR,DFW,PZ2
2026-08-21,5 hours ago,UA3564,Embraer E175,EWR,MKE,PZ1
2026-05-08,1 day ago,UA1592,Boeing 737-800,LGA,ORD,PZ3
2026-05-27,Just now,UA2247,Boeing 737-900,ORD,YYZ,PZ9
2026-05-06,4 days ago,UA26,Boeing 787-9 Dreamliner,LHR,DEN,PZ9
2026-05-06,4 days ago,UA263,Boeing 787-9 Dreamliner,LHR,DEN,PZ9
2026-06-15,17 hours ago,UA2070,Airbus A320,IAH,AUS,PZ3
2026-05-23,1 day ago,UA1503,Airbus A319,SEA,ORD,PZ5
2026-08-18,3 days ago,UA1198,Boeing 737-900,ORD,CUN,PZ8
2026-06-05,3 days ago,UA152,Boeing 787-9 Dreamliner,HKG,SGN,PZ9
2026-07-26,3 days ago,UA731,Boeing 737 MAX 9,SFO,KOA,PZ1
2026-08-03,6 hours ago,UA809,Boeing 777-300ER,SFO,MNL,PZ1
2026-08-19,3 days ago,UA6115,Embraer E175,ATL,IAD,PZ2
2026-05-05,3 hours ago,UA152,Boeing 787-9 Dreamliner,LAX,SGN,PZ6
2026-05-09,4 days ago,UA2116,Boeing 737-800,IAD,DFW,PZ4
2027-03-22,19 hours ago,UA42,Boeing 777-300ER,EWR,FRA,PZ3
2026-07-01,3 days ago,UA488,Boeing 737 MAX 8,BUR,SFO,PZ1
2026-11-17,1 day ago,UA1014,Boeing 737-900,IAH,CUN,PZ3
2026-05-11,6 hours ago,UA909,Boeing 767-300,ORD,AMS,PZ5
2026-09-02,4 days ago,UA5370,Embraer E175,TVC,IAH,PZ2
2026-07-01,3 days ago,UA1508,Airbus A320,BUR,SFO,PZ2
2026-05-15,1 day ago,UA331,Boeing 767-300,CDG,IAD,PZ9
2026-05-22,5 hours ago,UA1331,Boeing 737-900,EWR,DFW,PZ4
2026-08-08,4 days ago,UA1145,Boeing 737-900,SFO,CUN,PZ1
2026-08-08,4 days ago,UA2604,Boeing 737-900,SFO,CUN,PZ8
2026-06-28,4 hours ago,UA2384,Boeing 737 MAX 8,SFO,PDX,PZ1
2026-05-06,4 days ago,UA3638,Embraer E175,EWR,CMH,PZ2
2026-05-06,4 days ago,UA3692,Embraer E175,EWR,CMH,PZ3
2026-05-06,4 days ago,UA3545,Embraer E175,EWR,CMH,PZ4
2026-05-06,4 days ago,UA3641,Embraer E175,EWR,CMH,PZ1
2026-05-21,2 days ago,UA3685,Embraer E175,CVG,EWR,PZ6
2026-05-26,6 hours ago,UA14,Boeing 777-200,EWR,LHR,PZ9
2026-05-30,3 days ago,UA2247,Boeing 737-900,ORD,YYZ,PZ9
2026-05-10,4 days ago,UA331,Boeing 767-300,CDG,IAD,PZ2
2026-05-28,5 hours ago,UA26,Boeing 787-9 Dreamliner,LHR,DEN,PZ1
2026-05-23,3 days ago,UA4,Boeing 777-200,LHR,IAH,PZ9
2026-05-07,8 hours ago,UA962,Boeing 767-300,EWR,BER,PZ9
2026-05-06,9 hours ago,UA945,Boeing 787-10 Dreamliner,FRA,ORD,PZ9
2026-08-18,4 days ago,UA941,Boeing 767-300,LHR,EWR,PZ9
2026-10-28,3 days ago,UA1085,Airbus A320,MEX,IAH,PZ2
2026-06-22,3 days ago,UA3423,Embraer E175,CVG,EWR,PZ1
2026-06-22,3 days ago,UA3685,Embraer E175,CVG,EWR,PZ1
2026-05-14,2 days ago,UA3586,Embraer E175,EWR,DTW,PZ6
2026-05-20,23 hours ago,UA5444,Embraer E175,ORD,BTV,PZ2
2026-10-16,20 hours ago,UA5590,Embraer E175,SFO,SLC,PZ1
2026-08-19,2 days ago,UA2478,Boeing 737-900,SEA,SFO,PZ4
2026-07-10,3 days ago,UA2238,Boeing 737 MAX 8,LAX,RNO,PZ1
2026-05-05,22 hours ago,UA65,Boeing 787-10 Dreamliner,LIS,EWR,PZ2
2026-11-26,2 days ago,UA123,Boeing 787-9 Dreamliner,LHR,EWR,PZ1
2026-11-26,6 hours ago,UA925,Boeing 767-400ER,LHR,IAD,PZ1
2026-06-04,1 day ago,UA3558,Embraer E175,EWR,DTW,PZ1
2026-06-08,1 day ago,UA3586,Embraer E175,EWR,DTW,PZ2
2026-05-10,2 days ago,UA3540,Embraer E175,IAD,PIT,PZ1
2026-05-09,5 hours ago,UA4419,Bombardier CRJ550,EWR,DTW,PZ2
2026-05-12,2 days ago,UA3586,Embraer E175,EWR,DTW,PZ5
2026-06-03,1 day ago,UA3412,Embraer E175,EWR,DTW,PZ1
2026-05-22,1 day ago,UA3558,Embraer E175,EWR,DTW,PZ1
2026-05-21,2 hours ago,UA3412,Embraer E175,EWR,DTW,PZ6
2026-05-30,3 days ago,UA1896,Boeing 737-800,PDX,SFO,PZ5
2026-05-24,5 hours ago,UA3558,Embraer E175,EWR,DTW,PZ5
2026-05-24,5 hours ago,UA3437,Embraer E175,EWR,DTW,PZ3
2026-05-19,4 hours ago,UA3622,Embraer E175,EWR,DTW,PZ1
2026-06-12,1 day ago,UA3558,Embraer E175,EWR,DTW,PZ2
2026-06-02,4 hours ago,UA147,Boeing 767-300,LHR,EWR,PZ9
2026-06-04,8 hours ago,UA123,Boeing 787-9 Dreamliner,LHR,EWR,PZ3
2026-06-03,4 hours ago,UA123,Boeing 787-9 Dreamliner,LHR,EWR,PZ9
2026-06-03,4 hours ago,UA905,Boeing 777-200,LHR,EWR,PZ9
2026-05-11,2 hours ago,UA189,Boeing 777-300ER,SFO,MNL,PZ9
2027-03-13,3 days ago,UA429,Airbus A320,IAH,MEX,PZ1
2026-05-15,11 hours ago,UA787,Boeing 737 MAX 9,IAH,ORD,PZ3
2026-05-23,1 day ago,UA574,Boeing 737 MAX 9,ORD,LAS,PZ2
2026-05-13,2 days ago,UA299,Boeing 737 MAX 9,ATL,EWR,PZ5
2026-05-14,3 hours ago,UA299,Boeing 737 MAX 9,ATL,EWR,PZ6
2026-05-10,5 hours ago,UA962,Boeing 767-300,EWR,BER,PZ9
2026-06-19,11 hours ago,UA1012,Boeing 737 MAX 9,EWR,ATL,PZ2
2026-05-13,2 hours ago,UA876,Boeing 777-200,HND,SFO,PZ9
2026-06-21,2 days ago,UA2811,Boeing 737-800,ORD,ATL,PZ1
2026-08-07,18 hours ago,UA5753,Embraer E175,SFO,SLC,PZ1
2027-02-17,1 day ago,UA21,Boeing 767-300,AMS,IAH,PZ2
2026-05-13,3 hours ago,UA838,Boeing 777-300ER,NRT,SFO,PZ9
2026-05-17,4 days ago,UA4054,Embraer E175,IAD,CMH,PZ2
2026-06-28,23 hours ago,UA1533,Boeing 737 MAX 8,MGA,IAH,PZ6
2026-08-19,6 hours ago,UA925,Boeing 777-200,LHR,IAD,PZ9
2026-06-29,1 day ago,UA53,Boeing 767-300,ZRH,IAD,PZ9
2026-05-07,13 hours ago,UA878,Boeing 777-300ER,HKG,SFO,PZ3
2026-07-07,8 hours ago,UA2666,Boeing 737 MAX 9,ORD,DEN,PZ1
2026-06-21,3 hours ago,UA190,Boeing 777-300ER,MNL,SFO,PZ1
2026-05-08,11 hours ago,UA4183,Bombardier CRJ550,EWR,SYR,PZ1
2026-07-28,2 days ago,UA1695,Boeing 737-900,DFW,ORD,PZ4
2026-07-12,4 days ago,UA3516,Embraer E175,IAD,BUF,PZ1
2026-05-15,4 days ago,UA3696,Embraer E175,ORD,ATL,PZ1
2026-09-02,6 hours ago,UA925,Boeing 777-200,LHR,IAD,PZ9
2026-05-11,2 hours ago,UA941,Boeing 767-300,LHR,EWR,PZ9
2026-05-12,6 hours ago,UA147,Boeing 767-300,LHR,EWR,PZ9
2026-05-26,6 hours ago,UA2615,Boeing 737-800,LAS,SFO,PZ4
2026-05-26,3 hours ago,UA1955,Boeing 737 MAX 8,SLC,SFO,PZ3
2026-05-10,2 days ago,UA1610,Boeing 737-900,EWR,MIA,PZ1
2026-07-20,3 hours ago,UA950,Boeing 777-300ER,IAD,BRU,PZ9
2026-05-14,4 days ago,UA5304,Embraer E175,ORD,SAV,PZ2
2026-10-03,4 days ago,UA5307,Embraer E175,LAX,SLC,PZ1
2026-10-03,4 days ago,UA4629,Embraer E175,LAX,SLC,PZ2
2026-10-01,4 days ago,UA5307,Embraer E175,LAX,SLC,PZ1
2026-06-13,3 days ago,UA3443,Embraer E175,IND,ORD,PZ2
2026-06-03,3 days ago,UA3479,Embraer E175,IND,ORD,PZ2
2026-05-17,8 hours ago,UA5574,Embraer E175,CLE,ORD,PZ1
2026-05-28,4 hours ago,UA123,Boeing 787-9 Dreamliner,LHR,EWR,PZ9
2026-05-30,4 hours ago,UA123,Boeing 787-9 Dreamliner,LHR,EWR,PZ9
2026-05-30,4 hours ago,UA905,Boeing 777-200,LHR,EWR,PZ5
2026-05-30,4 days ago,UA1353,Boeing 737-900,IAH,TPA,PZ2
2026-10-08,4 days ago,UA1969,Boeing 737 MAX 8,MCI,EWR,PZ1
2026-10-23,4 days ago,UA1969,Boeing 737 MAX 8,MCI,EWR,PZ1
2026-09-02,2 days ago,UA1969,Boeing 737 MAX 9,MCI,EWR,PZ3
2026-08-20,4 days ago,UA1969,Boeing 737 MAX 9,MCI,EWR,PZ2
2026-09-04,2 days ago,UA1969,Boeing 737 MAX 9,MCI,EWR,PZ2
2026-08-15,4 days ago,UA1969,Boeing 737 MAX 9,MCI,EWR,PZ4
2026-08-29,4 days ago,UA3475,Embraer E175,MCI,EWR,PZ2
2026-08-01,4 days ago,UA1969,Boeing 737 MAX 8,MCI,EWR,PZ3
2026-08-04,4 days ago,UA1969,Boeing 737 MAX 8,MCI,EWR,PZ3
2026-08-16,4 days ago,UA1969,Boeing 737 MAX 9,MCI,EWR,PZ1
2026-05-27,2 hours ago,UA2224,Boeing 737 MAX 8,IAH,DCA,PZ3
2026-05-18,2 hours ago,UA189,Boeing 777-300ER,SFO,MNL,PZ2
2026-06-24,5 hours ago,UA959,Boeing 767-300,LHR,ORD,PZ9
2027-01-05,4 days ago,UA1288,Boeing 737-800,ATL,ORD,PZ3
2027-01-11,4 days ago,UA1288,Boeing 737-800,ATL,ORD,PZ1
2026-06-30,3 hours ago,UA905,Boeing 777-200,LHR,EWR,PZ9
2026-06-30,3 hours ago,UA941,Boeing 767-300,LHR,EWR,PZ1
2026-07-01,1 day ago,UA822,Airbus A319,MEX,SFO,PZ6
2026-05-23,1 day ago,UA1342,Boeing 737-900,ORD,DEN,PZ5
2026-08-24,3 days ago,UA1167,Boeing 737 MAX 9,IAH,CUN,PZ6
2026-05-27,2 hours ago,UA22,Boeing 777-200,DUB,EWR,PZ9
2026-05-05,8 hours ago,UA199,Boeing 787-9,PVG,LAX,PZ3
2026-08-07,8 hours ago,UA32,Boeing 787-9 Dreamliner,LAX,NRT,PZ5
2026-05-07,11 hours ago,UA905,Boeing 777-200ER,LHR,EWR,PZ9
2026-05-27,4 hours ago,UA123,Boeing 787-9 Dreamliner,LHR,EWR,PZ9
2026-05-13,6 hours ago,UA905,Boeing 777-200,LHR,EWR,PZ9
2026-05-13,6 hours ago,UA941,Boeing 767-300,LHR,EWR,PZ9
2026-05-17,2 hours ago,UA123,Boeing 787-9 Dreamliner,LHR,EWR,PZ9
2026-06-16,4 hours ago,UA905,Boeing 777-200,LHR,EWR,PZ9
2026-12-20,7 hours ago,UA4763,Embraer E175,SLC,SFO,PZ1
2026-05-26,4 hours ago,UA17,Boeing 767-300,LHR,EWR,PZ9
2026-05-26,4 hours ago,UA941,Boeing 767-300,LHR,EWR,PZ9
2026-09-05,1 day ago,UA5544,Bombardier CRJ550,ORD,CID,PZ1
2026-05-06,4 hours ago,UA872,Boeing 777-300ER,TPE,SFO,PZ9
2026-05-13,16 hours ago,UA2425,Boeing 737 MAX 8,EWR,IAH,PZ2
2026-07-24,6 hours ago,UA5753,Embraer E175,SFO,SLC,PZ1
2026-05-07,4 hours ago,UA876,Boeing 777-200ER,HND,SFO,PZ9
2026-06-16,4 hours ago,UA15,Boeing 767-300,LHR,EWR,PZ2
2026-08-20,7 hours ago,UA905,Boeing 777-200,LHR,EWR,PZ9
2026-05-10,1 day ago,UA305,Boeing 767-300,EWR,SPU,PZ9
2026-05-11,1 day ago,UA406,Boeing 737 MAX 9,LAS,EWR,PZ3
2026-05-05,15 hours ago,UA917,Boeing 777-222ER,SFO,AKL,PZ9
2026-05-12,6 hours ago,UA15,Boeing 767-300,LHR,EWR,PZ9
2026-05-12,6 hours ago,UA941,Boeing 767-300,LHR,EWR,PZ9
2026-05-07,2 hours ago,UA838,Boeing 777-300ER,NRT,SFO,PZ9
2026-05-22,2 hours ago,UA2780,Boeing 737-800,LGA,ORD,PZ1
2026-12-14,3 days ago,UA1020,Boeing 737-900,IAH,CUN,PZ3
2026-05-22,1 day ago,UA1334,Airbus A319,SFO,SBP,PZ2
2026-12-13,3 days ago,UA1020,Boeing 737-900,IAH,CUN,PZ4
2026-05-18,3 hours ago,UA2400,Boeing 737 MAX 8,SFO,LAS,PZ3
2026-11-29,1 day ago,UA1114,Boeing 737-900,IAH,CUN,PZ3
2026-05-16,1 day ago,UA15,Boeing 767-300,LHR,EWR,PZ9
2026-05-09,11 hours ago,UA941,Boeing 767-300,LHR,EWR,PZ7
2026-05-06,11 hours ago,UA905,Boeing 777-200ER,LHR,EWR,PZ9
2026-06-09,15 hours ago,UA941,Boeing 767-300,LHR,EWR,PZ9
2026-12-06,3 days ago,UA1114,Boeing 737-900,IAH,CUN,PZ2
2026-12-05,3 days ago,UA1114,Boeing 737-900,IAH,CUN,PZ2
2026-06-23,4 hours ago,UA941,Boeing 767-300,LHR,EWR,PZ9
2027-03-23,6 hours ago,UA972,Boeing 787-10 Dreamliner,ORD,BRU,PZ1
2026-12-04,3 days ago,UA1114,Boeing 737-900,IAH,CUN,PZ3
2026-11-28,1 day ago,UA1020,Boeing 737-900,IAH,CUN,PZ3
2026-05-16,1 day ago,UA5924,Embraer E175,BOI,DEN,PZ3
2026-11-02,3 days ago,UA921,Boeing 767-300,LHR,EWR,PZ2
2027-03-10,9 hours ago,UA17,Boeing 777-200,LHR,EWR,PZ4
2027-03-10,9 hours ago,UA941,Boeing 767-300,LHR,EWR,PZ2
2026-06-10,21 hours ago,UA1947,Boeing 737 MAX 9,HNL,SFO,PZ2
2026-05-29,4 hours ago,UA4184,Bombardier CRJ550,DCA,EWR,PZ2
2026-07-29,3 hours ago,UA189,Boeing 777-300ER,SFO,MNL,PZ9
2026-05-13,4 hours ago,UA1900,Boeing 737-900,EWR,MCO,PZ7
2026-05-05,9 hours ago,UA906,Boeing 787-10 Dreamliner,FRA,ORD,PZ8
2026-05-24,1 day ago,UA959,Boeing 767-300,LHR,ORD,PZ9
2026-05-06,4 hours ago,UA122,Boeing 787-9,EWR,LHR,PZ4
2026-05-06,4 hours ago,UA38,Boeing 787-10 Dreamliner,HND,LAX,PZ9
2026-05-16,4 days ago,UA2634,Airbus A319,ATL,IAD,PZ2
2026-05-29,18 hours ago,UA1987,Boeing 737 MAX 9,DEN,CUN,PZ2
2026-05-21,4 days ago,UA509,Boeing 767-400ER,FCO,EWR,PZ9
2026-05-06,2 days ago,UA3616,Embraer E175,XNA,ORD,PZ2
2026-06-16,7 hours ago,UA2798,Boeing 737-900,MIA,ORD,PZ4
2026-05-06,3 hours ago,UA41,Boeing 777-300ER,FCO,EWR,PZ9
2026-07-07,3 days ago,UA1457,Airbus A321neo,SAN,ORD,PZ1
2026-07-21,3 days ago,UA102,Boeing 777-200,IAH,MUC,PZ9
2026-06-13,4 hours ago,UA71,Boeing 777-200,AMS,EWR,PZ9
2026-08-10,4 hours ago,UA884,Boeing 777-200,IAD,FCO,PZ9
2026-05-20,2 hours ago,UA2384,Boeing 737 MAX 9,SFO,PDX,PZ5
2026-05-27,2 days ago,UA2413,Boeing 737 MAX 8,SFO,PDX,PZ6
2026-06-19,21 hours ago,UA3644,Embraer E175,DTW,EWR,PZ1
2026-05-30,9 hours ago,UA3611,Embraer E175,DTW,EWR,PZ2
2026-06-06,2 days ago,UA3409,Embraer E175,DTW,EWR,PZ1
2026-06-14,2 days ago,UA3409,Embraer E175,DTW,EWR,PZ2
2026-06-22,1 day ago,UA3644,Embraer E175,DTW,EWR,PZ1
2026-06-17,21 hours ago,UA3652,Embraer E175,DTW,EWR,PZ2
2026-05-31,4 hours ago,UA2409,Boeing 737 MAX 9,SFO,LAX,PZ3
2026-05-25,3 days ago,UA3652,Embraer E175,DTW,EWR,PZ3
2026-05-23,1 day ago,UA3652,Embraer E175,DTW,EWR,PZ3
2026-05-11,2 days ago,UA3425,Embraer E175,DTW,EWR,PZ3
2027-02-01,11 hours ago,UA1447,Boeing 737 MAX 8,SJO,IAH,PZ1
2026-05-16,4 hours ago,UA3425,Embraer E175,DTW,EWR,PZ4
2026-05-31,4 hours ago,UA2179,Boeing 737-900,SFO,LAX,PZ1
2026-06-13,3 hours ago,UA123,Boeing 787-9 Dreamliner,LHR,EWR,PZ9
2026-11-08,19 hours ago,UA4763,Embraer E175,SLC,SFO,PZ1
2026-05-05,3 days ago,UA2440,Boeing 737 MAX 8,IAD,CHS,PZ6
2026-05-28,3 days ago,UA153,Boeing 787-9 Dreamliner,SGN,HKG,PZ9
2026-05-08,8 hours ago,UA882,Boeing 787-10 Dreamliner,HND,ORD,PZ9
2026-06-17,2 days ago,UA959,Boeing 767-300,LHR,ORD,PZ9
2026-08-31,16 hours ago,UA2808,Boeing 737-900,LAS,LAX,PZ1
2026-05-09,5 hours ago,UA4762,Embraer E175,DTW,ORD,PZ5
2026-06-06,1 day ago,UA2135,Boeing 737-800,ORD,DTW,PZ3
2026-05-22,6 hours ago,UA2426,Airbus A320,ORD,DTW,PZ2
2026-06-05,1 day ago,UA2135,Boeing 737-800,ORD,DTW,PZ4
2026-05-15,3 days ago,UA3476,Embraer E175,ORD,DTW,PZ4
2026-05-15,3 days ago,UA5232,Embraer E175,ORD,DTW,PZ3
2026-05-08,4 hours ago,UA153,Boeing 787-9 Dreamliner,HKG,LAX,PZ1
2026-05-06,2 hours ago,UA871,Boeing 777-300ER,SFO,TPE,PZ9
2026-07-28,1 day ago,UA3501,Embraer E175,GRR,EWR,PZ2
2026-05-05,13 hours ago,UA810,Boeing 777-300ER,MNL,SFO,PZ4
2026-05-05,4 hours ago,UA934,Boeing 767-300,EWR,LHR,PZ9
2026-06-10,4 days ago,UA395,Boeing 737-800,DEN,SAT,PZ4
2026-05-20,2 hours ago,UA2019,Boeing 737 MAX 9,SFO,PDX,PZ6
2026-12-29,3 days ago,UA980,Boeing 767-300,ORD,DUB,PZ2
2026-06-18,8 hours ago,UA5975,Embraer E175,DEN,FSD,PZ1
2026-08-25,6 hours ago,UA925,Boeing 777-200,LHR,IAD,PZ9
2026-05-09,3 days ago,UA2345,Boeing 737 MAX 9,DEN,EWR,PZ3
2026-08-27,4 days ago,UA1969,Boeing 737 MAX 9,MCI,EWR,PZ2
2026-10-24,4 days ago,UA1969,Boeing 737 MAX 8,MCI,EWR,PZ3
2026-05-06,4 hours ago,UA876,Boeing 777-200ER,HND,SFO,PZ7
2026-08-05,4 days ago,UA3995,Embraer E175,IAD,DTW,PZ2
2026-07-10,4 days ago,UA3995,Embraer E175,IAD,DTW,PZ1
2026-09-09,15 hours ago,UA6168,Embraer E175,DTW,IAD,PZ2
2026-09-09,15 hours ago,UA3485,Embraer E175,DTW,IAD,PZ2
2026-10-04,4 days ago,UA5916,Embraer E175,SLC,LAX,PZ1
2026-10-16,1 day ago,UA1796,Airbus A319,DTW,IAD,PZ1
2026-05-29,3 days ago,UA152,Boeing 787-9 Dreamliner,HKG,SGN,PZ9
2026-05-13,4 days ago,UA767,Airbus A321neo,ORD,DEN,PZ3
2026-05-09,4 hours ago,UA1217,Boeing 737-900,ORD,DEN,PZ8
2026-05-09,4 hours ago,UA767,Boeing 737-900,ORD,DEN,PZ4
2026-06-22,4 days ago,UA1980,Boeing 737-800,SFO,SAN,PZ2
2026-09-15,11 hours ago,UA941,Boeing 767-300,LHR,EWR,PZ9
2026-05-29,4 days ago,UA4386,Bombardier CRJ550,EWR,RIC,PZ2
2026-05-22,3 hours ago,UA1399,Boeing 737 MAX 8,EWR,MCI,PZ2
2026-06-21,4 days ago,UA3639,Embraer E175,EWR,RIC,PZ1
2026-05-12,4 days ago,UA4191,Bombardier CRJ550,EWR,RIC,PZ4
2026-06-24,4 days ago,UA3639,Embraer E175,EWR,RIC,PZ1
2026-05-13,18 hours ago,UA1896,Boeing 737 MAX 8,PDX,SFO,PZ2
2026-06-30,3 hours ago,UA798,Boeing 737 MAX 8,CLT,EWR,PZ2
2026-06-30,3 hours ago,UA3450,Embraer E175,CLT,EWR,PZ2
2026-05-31,3 days ago,UA2818,Boeing 737 MAX 8,PDX,SFO,PZ3
2026-05-26,2 hours ago,UA2455,Boeing 737 MAX 9,PDX,SFO,PZ4
2026-05-12,1 day ago,UA459,Airbus A321neo,PDX,DEN,PZ2
2026-05-09,2 days ago,UA3540,Embraer E175,IAD,PIT,PZ4
2026-05-24,3 hours ago,UA12,Boeing 767-300,ZRH,ORD,PZ9
2026-05-09,1 day ago,UA2019,Boeing 737 MAX 8,SFO,PDX,PZ5
2026-05-05,2 days ago,UA3540,Embraer E175,IAD,PIT,PZ3
2026-05-27,4 hours ago,UA17,Boeing 767-300,LHR,EWR,PZ9
2026-05-29,5 hours ago,UA2289,Boeing 737 MAX 9,ATL,EWR,PZ2
2026-06-03,5 hours ago,UA1619,Boeing 737 MAX 9,EWR,CUN,PZ6
2026-05-12,5 hours ago,UA878,Boeing 777-300ER,HKG,SFO,PZ3
2027-03-30,4 days ago,UA1544,Boeing 737-800,DEN,TPA,PZ1
2026-06-08,7 hours ago,UA959,Boeing 767-300,LHR,ORD,PZ9
2026-06-30,3 days ago,UA3417,Embraer E175,EWR,CVG,PZ2
2026-06-30,3 days ago,UA3667,Embraer E175,EWR,CVG,PZ1
2026-05-15,3 hours ago,UA21,Boeing 767-300,AMS,IAH,PZ9
2027-03-10,5 hours ago,UA1544,Boeing 737-800,DEN,TPA,PZ1
2026-08-01,4 hours ago,UA1219,Boeing 737 MAX 8,DFW,EWR,PZ1
2027-02-10,1 day ago,UA21,Boeing 767-300,AMS,IAH,PZ2
2026-05-06,5 hours ago,UA805,Boeing 787-9,SFO,ICN,PZ8
2026-05-12,3 hours ago,UA38,Boeing 787-10 Dreamliner,HND,LAX,PZ6
2026-05-21,4 days ago,UA12,Boeing 767-300,ZRH,ORD,PZ9
2026-05-25,10 hours ago,UA4754,Embraer E175,DTW,ORD,PZ3
2026-05-21,8 hours ago,UA5552,Embraer E175,DTW,ORD,PZ1
2026-05-21,8 hours ago,UA4754,Embraer E175,DTW,ORD,PZ3
2026-05-06,4 days ago,UA3416,Embraer E175,DTW,ORD,PZ7
2026-09-05,4 days ago,UA1344,Boeing 737-900,SFO,LAX,PZ1
2026-07-29,4 days ago,UA1998,Boeing 737-700,IAD,MSP,PZ2
2026-08-05,4 days ago,UA1998,Boeing 737-700,IAD,MSP,PZ1
2026-06-30,4 days ago,UA1998,Boeing 737-700,IAD,MSP,PZ1
2026-05-20,6 hours ago,UA123,Boeing 787-9 Dreamliner,LHR,EWR,PZ9
2026-05-27,4 days ago,UA251,Boeing 737-900,IAH,TPA,PZ4
2026-05-08,3 days ago,UA3543,Embraer E175,CLT,IAD,PZ1
2026-05-27,2 days ago,UA357,Airbus A320,BUR,SFO,PZ1
2026-07-04,4 days ago,UA570,Boeing 737 MAX 9,BOS,EWR,PZ2
2026-05-05,4 days ago,UA2319,Boeing 737-800,TPA,IAH,PZ1
2026-06-17,8 hours ago,UA973,Boeing 787-10 Dreamliner,BRU,ORD,PZ9
2026-06-02,4 hours ago,UA905,Boeing 777-200,LHR,EWR,PZ9
2026-06-02,4 hours ago,UA17,Boeing 767-300,LHR,EWR,PZ9
2026-07-03,4 days ago,UA1833,Boeing 737 MAX 9,BOS,EWR,PZ2
2026-06-23,2 days ago,UA1287,Boeing 737 MAX 8,EWR,ATL,PZ1
2026-06-10,6 hours ago,UA905,Boeing 777-200,LHR,EWR,PZ9
2026-06-22,3 days ago,UA1020,Boeing 737 MAX 9,IAH,CUN,PZ9
2026-05-21,3 hours ago,UA1748,Boeing 737-800,ORD,CLT,PZ1
2026-06-23,3 days ago,UA1014,Boeing 737-900,IAH,CUN,PZ6
2026-05-25,1 day ago,UA4401,Bombardier CRJ550,DCA,EWR,PZ2
2026-05-25,1 day ago,UA4184,Bombardier CRJ550,DCA,EWR,PZ2
2026-06-20,4 hours ago,UA3697,Embraer E175,EWR,MKE,PZ2
2026-05-10,13 hours ago,UA1906,Boeing 737 MAX 8,ORD,LGA,PZ5
2026-05-05,4 hours ago,UA904,Boeing 767-300,EWR,LHR,PZ6
2026-06-13,20 hours ago,UA925,Boeing 777-200,LHR,IAD,PZ9
2026-05-26,2 hours ago,UA1678,Boeing 737-700,DCA,IAH,PZ3
2027-03-17,4 hours ago,UA109,Boeing 787-8 Dreamliner,MUC,IAD,PZ3
2027-03-03,4 days ago,UA109,Boeing 787-8 Dreamliner,MUC,IAD,PZ3
2027-03-09,4 hours ago,UA109,Boeing 787-8 Dreamliner,MUC,IAD,PZ1
2026-05-05,1 day ago,UA4,Boeing 777-200ER,LHR,IAH,PZ4
2026-08-18,8 hours ago,UA939,Boeing 787-9 Dreamliner,LHR,SFO,PZ9
2026-05-28,5 hours ago,UA4,Boeing 777-200,LHR,IAH,PZ9
2026-08-23,1 day ago,UA6137,Embraer E175,IAD,DTW,PZ1
2026-07-05,3 days ago,UA6137,Embraer E175,IAD,DTW,PZ1
2026-05-13,4 hours ago,UA879,Boeing 777-200,LHR,IAH,PZ9
2026-05-28,3 hours ago,UA22,Boeing 777-200,DUB,EWR,PZ9
2026-05-12,1 day ago,UA879,Boeing 777-200,LHR,IAH,PZ9
2026-06-13,4 hours ago,UA958,Boeing 767-300,LHR,ORD,PZ9
2026-08-25,1 day ago,UA3494,Embraer E175,IAD,DTW,PZ2
2026-08-02,1 day ago,UA1046,Boeing 737-900,ATL,ORD,PZ2
2026-08-04,4 days ago,UA3495,Embraer E175,IAD,DTW,PZ2
2026-06-11,4 days ago,UA4386,Bombardier CRJ550,EWR,RIC,PZ2
2026-05-19,4 days ago,UA361,Boeing 737 MAX 9,AUS,DEN,PZ5
2027-02-17,1 day ago,UA958,Boeing 767-300,LHR,ORD,PZ1
2027-02-17,1 day ago,UA959,Boeing 767-300,LHR,ORD,PZ1
2026-07-04,4 days ago,UA5372,Embraer E175,LAX,SMF,PZ2
2026-05-18,4 hours ago,UA839,Boeing 787-9 Dreamliner,LAX,SYD,PZ9
2027-02-16,1 day ago,UA958,Boeing 767-300,LHR,ORD,PZ5
2026-05-05,3 hours ago,UA195,Boeing 777-200ER,MUC,SFO,PZ1
2026-06-07,4 days ago,UA1114,Boeing 737-800,DTW,IAH,PZ3
2026-05-12,10 hours ago,UA55,Boeing 767-300,CDG,EWR,PZ9
2026-07-27,4 days ago,UA1075,Boeing 737-900,LAX,CUN,PZ9
2026-05-05,6 hours ago,UA45,Boeing 777-200ER,ZRH,SFO,PZ1
2026-08-17,3 days ago,UA1075,Boeing 737-900,LAX,CUN,PZ6
2026-08-18,4 days ago,UA905,Boeing 777-200,LHR,EWR,PZ9
2026-08-18,4 days ago,UA921,Boeing 767-300,LHR,EWR,PZ9
2026-06-09,4 days ago,UA1114,Boeing 737-900,DTW,IAH,PZ7
2026-06-27,4 days ago,UA1229,Boeing 737-800,DTW,IAH,PZ2
2026-06-24,4 days ago,UA1114,Boeing 737 MAX 8,DTW,IAH,PZ3
2026-06-12,4 days ago,UA1114,Boeing 737 MAX 8,DTW,IAH,PZ2
2026-05-25,4 hours ago,UA4497,Bombardier CRJ550,EWR,ACK,PZ3
2026-06-22,4 days ago,UA1114,Boeing 737 MAX 8,DTW,IAH,PZ1
2026-07-11,4 days ago,UA6114,Embraer E175,IAH,CMH,PZ2
2026-05-06,4 days ago,UA3478,Embraer E175,EWR,RDU,PZ5
2026-05-06,4 days ago,UA1890,Boeing 737 MAX 9,EWR,RDU,PZ5
2026-06-11,4 hours ago,UA4494,Bombardier CRJ550,ACK,EWR,PZ2
2026-06-13,4 days ago,UA2854,Boeing 737-800,BUR,SFO,PZ4
2026-06-13,4 days ago,UA2386,Boeing 737-800,BUR,SFO,PZ3
2026-07-18,4 days ago,UA6114,Embraer E175,IAH,CMH,PZ2
2026-06-30,4 days ago,UA4065,Embraer E175,CMH,IAH,PZ1
2026-05-13,4 days ago,UA2865,Boeing 737-700,ORD,BNA,PZ4
2026-05-13,4 days ago,UA2055,Airbus A319,ORD,BNA,PZ1
2026-07-07,4 days ago,UA2205,Boeing 737-800,CMH,IAH,PZ1
2026-08-08,4 days ago,UA6114,Embraer E175,IAH,CMH,PZ2
2026-07-28,4 days ago,UA6271,Embraer E175,IAH,CMH,PZ1
2026-08-11,4 days ago,UA2840,Airbus A319,IAH,CMH,PZ2
2026-08-22,4 days ago,UA2840,Airbus A319,IAH,CMH,PZ2
2026-05-08,4 days ago,UA1399,Boeing 737 MAX 8,EWR,RDU,PZ5
2026-07-29,4 days ago,UA2029,Airbus A319,SEA,SFO,PZ2
2026-08-04,4 days ago,UA6271,Embraer E175,IAH,CMH,PZ2
2026-08-02,4 days ago,UA6271,Embraer E175,IAH,CMH,PZ1
2026-05-09,6 hours ago,UA2055,Boeing 737-700,ORD,BNA,PZ6
2026-05-11,1 day ago,UA1907,Airbus A319,ORD,BNA,PZ2
2026-06-21,3 days ago,UA473,Boeing 737-800,IAH,SJD,PZ7
2026-05-27,4 days ago,UA4386,Bombardier CRJ550,EWR,RIC,PZ2
2026-05-05,9 hours ago,UA945,Boeing 787-10 Dreamliner,FRA,ORD,PZ9
2026-05-05,4 days ago,UA4176,Bombardier CRJ550,EWR,RIC,PZ3
2026-05-19,2 hours ago,UA263,Boeing 787-9 Dreamliner,LHR,DEN,PZ9
2026-05-11,4 days ago,UA4396,Bombardier CRJ550,EWR,RIC,PZ3
2026-06-08,4 days ago,UA3639,Embraer E175,EWR,RIC,PZ2
2026-05-18,4 days ago,UA4176,Bombardier CRJ550,EWR,RIC,PZ2
2026-06-17,4 days ago,UA4386,Bombardier CRJ550,EWR,RIC,PZ2
2026-05-23,4 days ago,UA4176,Bombardier CRJ550,EWR,RIC,PZ1
2026-05-13,4 days ago,UA4191,Bombardier CRJ550,EWR,RIC,PZ2
2026-06-13,4 days ago,UA3639,Embraer E175,EWR,RIC,PZ1
2026-06-07,4 days ago,UA4386,Bombardier CRJ550,EWR,RIC,PZ3
2026-06-23,4 days ago,UA4176,Bombardier CRJ550,EWR,RIC,PZ2
2026-05-19,4 days ago,UA4582,Bombardier CRJ550,EWR,RIC,PZ3
2026-05-30,4 days ago,UA3639,Embraer E175,EWR,RIC,PZ2
2026-06-12,4 days ago,UA5662,Embraer E175,LAX,RDM,PZ2
2026-07-01,4 days ago,UA1218,Boeing 737-900,SEA,DEN,PZ2
2026-06-04,8 hours ago,UA941,Boeing 767-300,LHR,EWR,PZ3
2027-03-30,6 hours ago,UA163,Boeing 777-300ER,DXB,EWR,PZ1
2026-06-10,15 hours ago,UA22,Boeing 777-200,DUB,EWR,PZ9
2026-05-17,4 days ago,UA2384,Boeing 737 MAX 9,SFO,PDX,PZ5
2026-06-16,4 hours ago,UA123,Boeing 787-9 Dreamliner,LHR,EWR,PZ9
2026-05-10,4 days ago,UA3600,Embraer E175,YUL,ORD,PZ2
2026-05-12,1 day ago,UA795,Airbus A321neo,ORD,EWR,PZ5
2026-05-08,7 hours ago,UA1209,Boeing 757-200,ORD,EWR,PZ1
2026-08-01,4 days ago,UA166,Boeing 737-800,TPE,GUM,PZ2
2026-05-06,4 hours ago,UA195,Boeing 777-222B,MUC,SFO,PZ8
2026-05-08,4 hours ago,UA33,Boeing 787-9 Dreamliner,NRT,LAX,PZ9
2026-06-07,1 day ago,UA273,Boeing 767-300,NCE,EWR,PZ9
2026-05-26,3 hours ago,UA920,Boeing 767-300,ORD,LHR,PZ1
2026-05-23,4 days ago,UA6034,Embraer E175,ORD,OKC,PZ1
2026-05-07,4 days ago,UA3416,Embraer E175,DTW,ORD,PZ5
2026-05-07,4 days ago,UA4722,Embraer E175,DTW,ORD,PZ3
2026-05-07,4 days ago,UA4673,Bombardier CRJ550,DTW,ORD,PZ2
2026-05-11,4 days ago,UA3416,Embraer E175,DTW,ORD,PZ6
2026-05-11,4 days ago,UA4673,Bombardier CRJ550,DTW,ORD,PZ3
2027-01-13,2 days ago,UA995,Boeing 787-10 Dreamliner,BRU,EWR,PZ5
2027-01-14,1 day ago,UA951,Boeing 777-300ER,BRU,IAD,PZ5
2026-07-07,4 days ago,UA2039,Boeing 737-800,LAS,LAX,PZ2
2027-01-13,4 days ago,UA147,Boeing 767-300,LHR,EWR,PZ1
2027-01-13,4 days ago,UA15,Boeing 767-300,LHR,EWR,PZ2
2027-01-13,4 days ago,UA941,Boeing 767-300,LHR,EWR,PZ2
2027-01-13,2 days ago,UA988,Boeing 777-300ER,FRA,IAD,PZ8
2026-05-10,4 days ago,UA426,Airbus A320,DTW,ORD,PZ2
2026-05-10,4 days ago,UA3416,Embraer E175,DTW,ORD,PZ2
2026-05-10,4 days ago,UA4722,Embraer E175,DTW,ORD,PZ4
2026-05-10,4 days ago,UA3401,Embraer E175,DTW,ORD,PZ4
2026-05-06,4 days ago,UA4722,Embraer E175,DTW,ORD,PZ4
2026-05-06,4 days ago,UA3401,Embraer E175,DTW,ORD,PZ4
2026-05-06,4 days ago,UA5347,Embraer E175,DTW,ORD,PZ1
2026-05-12,4 days ago,UA3416,Embraer E175,DTW,ORD,PZ6
2026-05-12,4 days ago,UA4722,Embraer E175,DTW,ORD,PZ2
2026-05-12,4 days ago,UA3401,Embraer E175,DTW,ORD,PZ5
2026-05-12,4 days ago,UA5347,Embraer E175,DTW,ORD,PZ3
2026-05-12,4 days ago,UA4762,Embraer E175,DTW,ORD,PZ5
2026-06-19,4 days ago,UA1969,Boeing 737 MAX 8,MCI,EWR,PZ1
2026-08-01,4 days ago,UA2643,Airbus A321neo,IAH,DEN,PZ2
2027-02-23,4 days ago,UA1462,Boeing 737-900,EWR,MBJ,PZ4
2026-05-11,4 days ago,UA3640,Embraer E175,SDF,IAD,PZ4
2026-05-11,4 days ago,UA4067,Embraer E175,SDF,IAD,PZ3
2026-05-12,4 days ago,UA3640,Embraer E175,SDF,IAD,PZ5
2026-05-11,4 days ago,UA1909,Boeing 737-800,PHL,ORD,PZ4
2026-07-22,1 day ago,UA1348,Boeing 737 MAX 8,SEA,LAX,PZ3
2026-05-06,4 hours ago,UA33,Boeing 787-9,NRT,LAX,PZ9
2027-03-23,1 day ago,UA959,Boeing 767-300,LHR,ORD,PZ4
2026-06-20,20 hours ago,UA1349,Boeing 737-800,PIT,LAX,PZ1
2026-06-08,15 hours ago,UA15,Boeing 767-300,LHR,EWR,PZ9
2026-07-23,2 days ago,UA190,Boeing 777-300ER,MNL,SFO,PZ4
2026-05-13,3 days ago,UA1665,Boeing 737-900,ONT,SFO,PZ6
2026-07-03,3 days ago,UA296,Boeing 737-800,PVR,DEN,PZ5
2026-05-06,4 hours ago,UA877,Boeing 777-300ER,SFO,HKG,PZ1
2026-06-09,3 days ago,UA1334,Boeing 737-900,YYZ,ORD,PZ9
2026-06-09,3 days ago,UA6019,Embraer E175,YYZ,ORD,PZ8
2026-06-14,6 hours ago,UA642,Boeing 737 MAX 9,EWR,ATL,PZ2
2026-06-05,16 hours ago,UA2104,Boeing 737 MAX 8,STL,EWR,PZ1
2026-07-08,3 days ago,UA132,Boeing 737-800,HNL,MAJ,PZ1
2026-06-10,3 days ago,UA6019,Embraer E175,YYZ,ORD,PZ3
2026-06-10,3 days ago,UA5934,Embraer E175,YYZ,ORD,PZ2
2026-05-24,3 days ago,UA392,Boeing 737 MAX 9,EWR,PTY,PZ9
2026-10-31,3 days ago,UA1931,Airbus A321neo,SFO,ORD,PZ1
2026-06-18,3 days ago,UA5718,Embraer E175,PHX,LAX,PZ1
2026-05-10,3 days ago,UA5867,Embraer E175,ORD,SYR,PZ5
2026-05-10,3 days ago,UA2481,Boeing 737 MAX 9,ORD,SYR,PZ2
2026-07-10,3 days ago,UA1653,Boeing 737-900,CUN,LAX,PZ7
2026-05-09,3 days ago,UA5731,Embraer E175,SBP,LAX,PZ5
2026-05-09,10 hours ago,UA737,Boeing 737-800,SEA,SFO,PZ7
2026-05-16,9 hours ago,UA499,Airbus A320,SEA,SFO,PZ3
2026-05-07,1 day ago,UA1284,Airbus A320,LAX,SEA,PZ5
2026-05-09,3 days ago,UA2305,Boeing 737-800,SBA,SFO,PZ1
2026-05-09,3 days ago,UA5994,Embraer E175,SBA,LAX,PZ4
2026-11-04,3 days ago,UA5073,Bombardier CRJ550,VCT,IAH,PZ9
2026-09-18,3 days ago,UA5073,Bombardier CRJ550,VCT,IAH,PZ9
2027-01-29,3 days ago,UA5073,Bombardier CRJ550,VCT,IAH,PZ8
2026-11-03,3 days ago,UA5073,Bombardier CRJ550,VCT,IAH,PZ9
2026-09-03,3 days ago,UA5073,Bombardier CRJ550,VCT,IAH,PZ9
2027-02-11,3 days ago,UA5073,Bombardier CRJ550,VCT,IAH,PZ8
2027-02-27,3 days ago,UA5073,Bombardier CRJ550,VCT,IAH,PZ8
2026-09-16,3 days ago,UA5073,Bombardier CRJ550,VCT,IAH,PZ9
2026-10-28,3 days ago,UA5073,Bombardier CRJ550,VCT,IAH,PZ9
2026-11-26,3 days ago,UA5073,Bombardier CRJ550,VCT,IAH,PZ7
2026-08-12,3 days ago,UA5073,Bombardier CRJ550,VCT,IAH,PZ9
2027-01-09,3 days ago,UA5073,Bombardier CRJ550,VCT,IAH,PZ8
2026-09-01,3 days ago,UA5073,Bombardier CRJ550,VCT,IAH,PZ9
2027-03-15,3 days ago,UA5073,Bombardier CRJ550,VCT,IAH,PZ9
2027-01-21,3 days ago,UA5073,Bombardier CRJ550,VCT,IAH,PZ8
2026-12-19,3 days ago,UA5073,Bombardier CRJ550,VCT,IAH,PZ8
2027-01-26,3 days ago,UA5073,Bombardier CRJ550,VCT,IAH,PZ9
2026-09-09,3 days ago,UA5073,Bombardier CRJ550,VCT,IAH,PZ9
2027-01-20,3 days ago,UA5073,Bombardier CRJ550,VCT,IAH,PZ9
2027-02-10,3 days ago,UA5073,Bombardier CRJ550,VCT,IAH,PZ9
2027-01-27,3 days ago,UA5073,Bombardier CRJ550,VCT,IAH,PZ9
2026-05-30,4 days ago,UA1209,Boeing 737-800,PHL,ORD,PZ3
2026-05-05,4 days ago,UA2485,Boeing 737-900,EWR,RDU,PZ8
2026-05-05,4 days ago,UA3478,Embraer E175,EWR,RDU,PZ2
2026-07-07,4 days ago,UA2786,Boeing 737-800,GEG,DEN,PZ2
2026-12-25,4 days ago,UA5550,Embraer E175,LAX,SBP,PZ1
2026-09-25,2 days ago,UA5590,Embraer E175,SFO,SLC,PZ1
2026-05-17,9 hours ago,UA115,Boeing 787-9 Dreamliner,SFO,PPT,PZ9
2026-06-23,4 days ago,UA6282,Embraer E175,SLC,IAH,PZ2
2026-06-01,1 day ago,UA957,Boeing 767-300,GVA,EWR,PZ9
2026-07-28,1 day ago,UA2320,Airbus A321neo,LAS,ORD,PZ2
2026-07-02,3 hours ago,UA3668,Embraer E175,BUF,IAD,PZ1
2026-08-11,2 days ago,UA14,Boeing 777-200,EWR,LHR,PZ9
2026-05-09,4 hours ago,UA795,Airbus A321neo,ORD,EWR,PZ9
2026-05-09,4 hours ago,UA2145,Airbus A321neo,ORD,EWR,PZ4
2026-07-10,3 hours ago,UA2749,Boeing 737 MAX 8,BWI,ORD,PZ2
2026-08-24,1 day ago,UA3494,Embraer E175,IAD,DTW,PZ1
2026-08-25,1 day ago,UA6137,Embraer E175,IAD,DTW,PZ1
2026-10-14,4 days ago,UA153,Boeing 787-9 Dreamliner,SGN,HKG,PZ9
2026-05-05,15 hours ago,UA61,Boeing 787-9,MEL,SFO,PZ3
2026-08-04,4 days ago,UA1834,Boeing 737-900,BOS,ORD,PZ2
2026-06-06,17 hours ago,UA1799,Airbus A321neo,ORD,IAH,PZ1
2026-05-13,4 days ago,UA3476,Embraer E175,ORD,DTW,PZ5
2026-05-13,4 days ago,UA3465,Embraer E175,ORD,DTW,PZ6
2026-05-13,4 days ago,UA6049,Embraer E175,ORD,DTW,PZ4
2026-05-13,4 days ago,UA5232,Embraer E175,ORD,DTW,PZ1
2026-05-13,4 days ago,UA5597,Embraer E175,ORD,DTW,PZ3
2026-10-21,4 days ago,UA3568,Embraer E175,EWR,DTW,PZ2
2026-10-21,4 days ago,UA3412,Embraer E175,EWR,DTW,PZ2
2026-05-13,4 days ago,UA6137,Embraer E175,IAD,DTW,PZ2
2026-05-13,4 days ago,UA2265,Airbus A320,IAD,DTW,PZ5
2026-06-28,1 day ago,UA5408,Embraer E175,SLC,LAX,PZ1
2026-06-14,4 hours ago,UA1273,Boeing 737-800,ORD,MCI,PZ1
2026-05-13,4 days ago,UA1891,Boeing 737-900,MSP,DEN,PZ2
2026-05-30,9 hours ago,UA381,Boeing 767-300,BRI,EWR,PZ9
2026-07-28,4 days ago,UA2316,Airbus A321neo,DEN,LAS,PZ2
2026-07-22,4 days ago,UA755,Boeing 737 MAX 9,IAD,BOS,PZ2
2026-05-23,4 days ago,UA5636,Embraer E175,SAN,LAX,PZ5
2026-05-23,4 days ago,UA349,Boeing 737-800,SAN,IAH,PZ1
2026-09-10,4 days ago,UA3486,Embraer E175,EWR,GRR,PZ1
2026-05-05,1 day ago,UA863,Boeing 787-9,SFO,SYD,PZ9
2026-05-30,4 days ago,UA5690,Bombardier CRJ550,ORD,BUF,PZ1
2026-11-14,4 days ago,UA3470,Embraer E175,MKE,EWR,PZ2
2026-05-24,4 hours ago,UA904,Boeing 767-300,EWR,LHR,PZ9
2026-11-09,4 days ago,UA3470,Embraer E175,MKE,EWR,PZ1
2026-11-13,4 days ago,UA3686,Embraer E175,MKE,EWR,PZ1
2026-05-05,4 days ago,UA658,Boeing 737-900,ORD,ONT,PZ5
2026-06-16,4 days ago,UA1399,Boeing 737 MAX 8,EWR,MCI,PZ1
2026-07-04,4 days ago,UA3996,Embraer E175,IAD,AUS,PZ1
2026-12-07,4 days ago,UA2669,Boeing 737 MAX 8,SLC,EWR,PZ1
2026-05-22,18 hours ago,UA5753,Embraer E175,SFO,SLC,PZ4
2026-08-21,1 day ago,UA951,Boeing 777-300ER,BRU,IAD,PZ9
2027-02-20,4 days ago,UA921,Boeing 767-300,LHR,EWR,PZ2
2026-06-02,4 days ago,UA1414,Airbus A321neo,BOS,ORD,PZ1
2026-05-12,5 hours ago,UA26,Boeing 787-9 Dreamliner,LHR,DEN,PZ9
2026-05-11,5 hours ago,UA26,Boeing 787-9 Dreamliner,LHR,DEN,PZ9
2026-09-08,3 days ago,UA5780,Embraer E175,MEM,ORD,PZ1
2026-05-17,2 days ago,UA3559,Embraer E175,YYZ,IAD,PZ1
2026-05-17,9 hours ago,UA331,Boeing 767-300,CDG,IAD,PZ2
2026-08-01,15 hours ago,UA5647,Embraer E175,SBA,LAX,PZ2
2026-06-18,13 hours ago,UA958,Boeing 767-300,LHR,ORD,PZ8
2026-05-30,4 days ago,UA3466,Embraer E175,YYZ,IAD,PZ2
2026-05-15,3 days ago,UA3637,Embraer E175,YYZ,IAD,PZ2
2026-05-16,2 days ago,UA3559,Embraer E175,YYZ,IAD,PZ2
2026-05-16,2 days ago,UA3466,Embraer E175,YYZ,IAD,PZ2
2026-06-13,3 days ago,UA2204,Boeing 737-900,TPA,EWR,PZ2
2026-05-09,3 days ago,UA5597,Embraer E175,ORD,DTW,PZ2
2026-05-09,3 days ago,UA3465,Embraer E175,ORD,DTW,PZ3
2026-12-20,3 days ago,UA2740,Boeing 737 MAX 8,MDE,IAH,PZ2
2026-12-28,1 day ago,UA5599,Embraer E175,CLD,SFO,PZ1
2026-05-09,8 hours ago,UA863,Boeing 787-9 Dreamliner,SFO,SYD,PZ7
2027-03-22,3 days ago,UA4420,Bombardier CRJ550,ORD,GRB,PZ1
2027-03-22,3 days ago,UA5247,Bombardier CRJ550,ORD,SCE,PZ1
2026-05-07,3 days ago,UA4510,Bombardier CRJ550,CHA,EWR,PZ5
2026-09-16,3 days ago,UA5238,Embraer E175,AGU,IAH,PZ5
2026-09-29,3 days ago,UA5255,Embraer E175,AGU,IAH,PZ2
2026-05-30,3 days ago,UA442,Boeing 737 MAX 8,SFO,BUR,PZ4
2026-08-29,3 days ago,UA5238,Embraer E175,AGU,IAH,PZ5
2026-05-14,3 days ago,UA4510,Bombardier CRJ550,CHA,EWR,PZ4
2027-01-19,3 days ago,UA6237,Embraer E175,IAH,AGU,PZ2
2026-12-13,3 days ago,UA5255,Embraer E175,AGU,IAH,PZ2
2026-10-14,3 days ago,UA5238,Embraer E175,AGU,IAH,PZ2
2026-10-14,3 days ago,UA5255,Embraer E175,AGU,IAH,PZ2
2026-06-21,3 days ago,UA4419,Bombardier CRJ550,EWR,CHA,PZ1
2026-05-29,3 days ago,UA442,Boeing 737 MAX 8,SFO,BUR,PZ1
2026-10-05,3 days ago,UA5238,Embraer E175,AGU,IAH,PZ1
2026-11-11,3 days ago,UA5238,Embraer E175,AGU,IAH,PZ2
2026-11-11,3 days ago,UA5255,Embraer E175,AGU,IAH,PZ2
2026-06-06,3 days ago,UA4419,Bombardier CRJ550,EWR,CHA,PZ2
2026-09-27,3 days ago,UA6288,Embraer E175,IAH,MLM,PZ5
2026-10-17,3 days ago,UA6289,Embraer E175,MLM,IAH,PZ2
2026-08-23,3 days ago,UA6289,Embraer E175,MLM,IAH,PZ5
2027-03-16,3 days ago,UA6153,Embraer E175,AGU,IAH,PZ1
2026-12-06,3 days ago,UA5255,Embraer E175,AGU,IAH,PZ2
2026-08-24,3 days ago,UA5237,Embraer E175,IAH,AGU,PZ5
2026-10-02,3 days ago,UA5238,Embraer E175,AGU,IAH,PZ2
2026-10-02,3 days ago,UA5255,Embraer E175,AGU,IAH,PZ2
2026-06-09,3 days ago,UA4419,Bombardier CRJ550,EWR,CHA,PZ2
2026-09-04,3 days ago,UA5238,Embraer E175,AGU,IAH,PZ5
2026-09-04,3 days ago,UA5255,Embraer E175,AGU,IAH,PZ5
2027-02-24,3 days ago,UA6328,Embraer E175,AGU,IAH,PZ2
2027-02-04,3 days ago,UA6328,Embraer E175,AGU,IAH,PZ2
2027-02-04,3 days ago,UA6153,Embraer E175,AGU,IAH,PZ2
2026-12-10,3 days ago,UA5255,Embraer E175,AGU,IAH,PZ2
2026-10-11,3 days ago,UA5238,Embraer E175,AGU,IAH,PZ2
2026-10-11,3 days ago,UA5255,Embraer E175,AGU,IAH,PZ2
2027-03-24,3 days ago,UA6154,Embraer E175,IAH,AGU,PZ1
2026-05-19,3 days ago,UA3517,Embraer E175,RDU,ORD,PZ4
2026-05-19,3 days ago,UA3595,Embraer E175,RDU,ORD,PZ2
2027-03-06,3 days ago,UA6328,Embraer E175,AGU,IAH,PZ1
2027-03-06,3 days ago,UA6153,Embraer E175,AGU,IAH,PZ1
2027-03-02,3 days ago,UA6237,Embraer E175,IAH,AGU,PZ1
2027-03-02,3 days ago,UA6154,Embraer E175,IAH,AGU,PZ1
2026-09-16,3 days ago,UA5255,Embraer E175,AGU,IAH,PZ5
2027-01-12,3 days ago,UA5073,Bombardier CRJ550,VCT,IAH,PZ9
2026-12-06,3 days ago,UA5073,Bombardier CRJ550,VCT,IAH,PZ9
2027-02-24,3 days ago,UA5073,Bombardier CRJ550,VCT,IAH,PZ9
2027-03-09,3 days ago,UA5073,Bombardier CRJ550,VCT,IAH,PZ8
2027-02-02,3 days ago,UA5073,Bombardier CRJ550,VCT,IAH,PZ9
2026-12-04,3 days ago,UA5073,Bombardier CRJ550,VCT,IAH,PZ9
2026-11-15,3 days ago,UA5073,Bombardier CRJ550,VCT,IAH,PZ9
2027-03-01,3 days ago,UA5073,Bombardier CRJ550,VCT,IAH,PZ9
2027-03-14,3 days ago,UA5073,Bombardier CRJ550,VCT,IAH,PZ7
2027-02-23,3 days ago,UA5073,Bombardier CRJ550,VCT,IAH,PZ8
2026-10-27,3 days ago,UA5073,Bombardier CRJ550,VCT,IAH,PZ9
2027-01-28,3 days ago,UA5073,Bombardier CRJ550,VCT,IAH,PZ8
2027-01-25,3 days ago,UA5073,Bombardier CRJ550,VCT,IAH,PZ9
2026-08-11,3 days ago,UA5073,Bombardier CRJ550,VCT,IAH,PZ9
2027-02-16,3 days ago,UA5073,Bombardier CRJ550,VCT,IAH,PZ8
2026-12-01,3 days ago,UA5073,Bombardier CRJ550,VCT,IAH,PZ9
2027-02-21,3 days ago,UA5073,Bombardier CRJ550,VCT,IAH,PZ8
2027-03-03,3 days ago,UA5073,Bombardier CRJ550,VCT,IAH,PZ9
2026-12-10,3 days ago,UA5073,Bombardier CRJ550,VCT,IAH,PZ9
2027-02-12,3 days ago,UA5073,Bombardier CRJ550,VCT,IAH,PZ8
2027-02-04,3 days ago,UA5073,Bombardier CRJ550,VCT,IAH,PZ8
2026-11-17,2 days ago,UA873,Boeing 737 MAX 8,GUM,NRT,PZ1
2026-12-31,3 days ago,UA5073,Bombardier CRJ550,VCT,IAH,PZ8
2026-08-23,3 days ago,UA5073,Bombardier CRJ550,VCT,IAH,PZ9
2027-02-05,3 days ago,UA5073,Bombardier CRJ550,VCT,IAH,PZ8
2026-09-21,3 days ago,UA6268,Embraer E175,TAM,IAH,PZ5
2026-08-20,3 days ago,UA6268,Embraer E175,TAM,IAH,PZ3
2026-12-22,3 days ago,UA6268,Embraer E175,TAM,IAH,PZ1
2027-01-31,3 days ago,UA6268,Embraer E175,TAM,IAH,PZ2
2026-12-24,3 days ago,UA6268,Embraer E175,TAM,IAH,PZ2
2027-02-11,3 days ago,UA6268,Embraer E175,TAM,IAH,PZ1
2027-02-19,3 days ago,UA6268,Embraer E175,TAM,IAH,PZ2
2027-02-09,3 days ago,UA6268,Embraer E175,TAM,IAH,PZ2
2026-06-15,1 day ago,UA810,Boeing 777-300ER,MNL,SFO,PZ1
2026-07-03,3 days ago,UA1388,Boeing 737-900,IAH,DFW,PZ2
2026-07-03,3 days ago,UA4024,Embraer E175,IAH,DFW,PZ1
2026-07-04,3 days ago,UA1044,Boeing 737 MAX 9,IAH,ORD,PZ2
2027-02-04,3 days ago,UA6268,Embraer E175,TAM,IAH,PZ2
2026-12-18,3 days ago,UA6268,Embraer E175,TAM,IAH,PZ2
2026-07-04,3 days ago,UA2767,Boeing 757-300,IAH,DEN,PZ6
2026-07-01,3 days ago,UA1388,Boeing 737-900,IAH,DFW,PZ4
2027-01-26,3 days ago,UA6268,Embraer E175,TAM,IAH,PZ1
2027-02-01,3 days ago,UA6268,Embraer E175,TAM,IAH,PZ2
2026-06-28,3 days ago,UA358,Airbus A319,IAH,DFW,PZ1
2027-02-13,3 days ago,UA6268,Embraer E175,TAM,IAH,PZ2
2027-03-08,3 days ago,UA6268,Embraer E175,TAM,IAH,PZ1
2026-07-04,3 days ago,UA358,Airbus A319,IAH,DFW,PZ2
2027-02-24,3 days ago,UA6237,Embraer E175,IAH,AGU,PZ2
2027-02-24,3 days ago,UA6154,Embraer E175,IAH,AGU,PZ2
2026-08-19,3 days ago,UA5237,Embraer E175,IAH,AGU,PZ5
2026-08-19,3 days ago,UA5254,Embraer E175,IAH,AGU,PZ5
2026-05-24,3 days ago,UA4419,Bombardier CRJ550,EWR,CHA,PZ3
2026-09-08,3 days ago,UA5237,Embraer E175,IAH,AGU,PZ5
2026-09-08,3 days ago,UA5254,Embraer E175,IAH,AGU,PZ5
2027-03-04,3 days ago,UA6328,Embraer E175,AGU,IAH,PZ1
2027-02-05,3 days ago,UA6237,Embraer E175,IAH,AGU,PZ2
2027-02-05,3 days ago,UA6154,Embraer E175,IAH,AGU,PZ2
2027-02-03,3 days ago,UA6237,Embraer E175,IAH,AGU,PZ2
2027-02-03,3 days ago,UA6154,Embraer E175,IAH,AGU,PZ2
2027-01-20,3 days ago,UA6328,Embraer E175,AGU,IAH,PZ2
2026-08-16,3 days ago,UA5237,Embraer E175,IAH,AGU,PZ5
2026-06-19,20 hours ago,UA3552,Embraer E175,DCA,ORD,PZ1
2027-01-26,3 days ago,UA6237,Embraer E175,IAH,AGU,PZ2
2027-01-26,3 days ago,UA6154,Embraer E175,IAH,AGU,PZ2
2027-02-27,3 days ago,UA6237,Embraer E175,IAH,AGU,PZ1
2027-02-27,3 days ago,UA6154,Embraer E175,IAH,AGU,PZ1
2026-08-18,3 days ago,UA5254,Embraer E175,IAH,AGU,PZ5
2027-02-15,3 days ago,UA6237,Embraer E175,IAH,AGU,PZ2
2027-02-15,3 days ago,UA6154,Embraer E175,IAH,AGU,PZ2
2026-08-12,3 days ago,UA5237,Embraer E175,IAH,AGU,PZ5
2026-08-21,3 days ago,UA5255,Embraer E175,AGU,IAH,PZ5
2026-06-01,3 days ago,UA4419,Bombardier CRJ550,EWR,CHA,PZ3
2026-09-20,3 days ago,UA6288,Embraer E175,IAH,MLM,PZ5
2026-12-14,3 days ago,UA6289,Embraer E175,MLM,IAH,PZ2
2027-03-07,3 days ago,UA6153,Embraer E175,AGU,IAH,PZ1
2027-03-09,3 days ago,UA6237,Embraer E175,IAH,AGU,PZ1
2027-03-09,3 days ago,UA6154,Embraer E175,IAH,AGU,PZ1
2027-01-20,3 days ago,UA6237,Embraer E175,IAH,AGU,PZ2
2027-01-20,3 days ago,UA6154,Embraer E175,IAH,AGU,PZ2
2026-09-19,3 days ago,UA5237,Embraer E175,IAH,AGU,PZ5
2027-03-12,3 days ago,UA6328,Embraer E175,AGU,IAH,PZ1
2027-03-12,3 days ago,UA6153,Embraer E175,AGU,IAH,PZ1
2027-03-07,3 days ago,UA6237,Embraer E175,IAH,AGU,PZ1
2027-03-07,3 days ago,UA6154,Embraer E175,IAH,AGU,PZ1
2026-08-24,3 days ago,UA5254,Embraer E175,IAH,AGU,PZ3
2026-09-20,3 days ago,UA5237,Embraer E175,IAH,AGU,PZ5
2026-09-20,3 days ago,UA5254,Embraer E175,IAH,AGU,PZ5
2026-10-03,3 days ago,UA5237,Embraer E175,IAH,AGU,PZ2
2027-02-21,3 days ago,UA6237,Embraer E175,IAH,AGU,PZ2
2027-02-21,3 days ago,UA6154,Embraer E175,IAH,AGU,PZ2
2026-10-10,3 days ago,UA5237,Embraer E175,IAH,AGU,PZ2
2026-09-29,3 days ago,UA5237,Embraer E175,IAH,AGU,PZ2
2026-09-22,3 days ago,UA5237,Embraer E175,IAH,AGU,PZ5
2026-09-22,3 days ago,UA5254,Embraer E175,IAH,AGU,PZ5
2027-03-01,3 days ago,UA6237,Embraer E175,IAH,AGU,PZ1
2027-03-01,3 days ago,UA6154,Embraer E175,IAH,AGU,PZ1
2027-03-03,3 days ago,UA6237,Embraer E175,IAH,AGU,PZ1
2027-03-03,3 days ago,UA6154,Embraer E175,IAH,AGU,PZ1
2026-08-16,3 days ago,UA5254,Embraer E175,IAH,AGU,PZ5
2026-08-23,3 days ago,UA5237,Embraer E175,IAH,AGU,PZ5
2026-08-23,3 days ago,UA5254,Embraer E175,IAH,AGU,PZ5
2027-01-18,3 days ago,UA6237,Embraer E175,IAH,AGU,PZ2
2027-01-18,3 days ago,UA6154,Embraer E175,IAH,AGU,PZ2
2027-03-10,3 days ago,UA6154,Embraer E175,IAH,AGU,PZ1
2026-08-30,3 days ago,UA6288,Embraer E175,IAH,MLM,PZ5
2026-12-15,3 days ago,UA6289,Embraer E175,MLM,IAH,PZ2
2026-10-11,3 days ago,UA6289,Embraer E175,MLM,IAH,PZ2
2026-05-20,1 day ago,UA873,Boeing 737-800,GUM,NRT,PZ2
2026-10-04,3 days ago,UA5237,Embraer E175,IAH,AGU,PZ2
2026-10-04,3 days ago,UA5254,Embraer E175,IAH,AGU,PZ2
2026-09-02,3 days ago,UA6289,Embraer E175,MLM,IAH,PZ5
2026-10-07,3 days ago,UA6289,Embraer E175,MLM,IAH,PZ2
2026-10-02,3 days ago,UA6289,Embraer E175,MLM,IAH,PZ2
2026-10-03,3 days ago,UA6288,Embraer E175,IAH,MLM,PZ2
2026-08-28,3 days ago,UA6289,Embraer E175,MLM,IAH,PZ4
2026-05-18,3 days ago,UA1484,Boeing 737-900,RDU,ORD,PZ8
2026-09-20,3 days ago,UA6289,Embraer E175,MLM,IAH,PZ5
2026-09-30,3 days ago,UA6289,Embraer E175,MLM,IAH,PZ2
2026-06-27,9 hours ago,UA4013,Embraer E175,IAH,DFW,PZ2
2026-08-28,3 days ago,UA6288,Embraer E175,IAH,MLM,PZ4
2026-10-18,3 days ago,UA6288,Embraer E175,IAH,MLM,PZ2
2026-08-23,3 days ago,UA6288,Embraer E175,IAH,MLM,PZ5
2026-09-09,3 days ago,UA6288,Embraer E175,IAH,MLM,PZ5
2026-08-21,3 days ago,UA6289,Embraer E175,MLM,IAH,PZ5
2026-12-04,3 days ago,UA6289,Embraer E175,MLM,IAH,PZ2
2026-07-12,3 days ago,UA6288,Embraer E175,IAH,MLM,PZ5
2026-09-11,3 days ago,UA6289,Embraer E175,MLM,IAH,PZ4
2026-09-22,3 days ago,UA6288,Embraer E175,IAH,MLM,PZ5
2027-03-30,3 days ago,UA6288,Embraer E175,IAH,MLM,PZ1
2026-09-06,3 days ago,UA6288,Embraer E175,IAH,MLM,PZ5
2026-10-04,3 days ago,UA6288,Embraer E175,IAH,MLM,PZ2
2026-09-07,3 days ago,UA6288,Embraer E175,IAH,MLM,PZ5
2026-09-21,3 days ago,UA6288,Embraer E175,IAH,MLM,PZ5
2026-10-12,3 days ago,UA6288,Embraer E175,IAH,MLM,PZ2
2026-08-25,3 days ago,UA6288,Embraer E175,IAH,MLM,PZ5
2026-08-26,3 days ago,UA6288,Embraer E175,IAH,MLM,PZ2
2026-09-23,3 days ago,UA6288,Embraer E175,IAH,MLM,PZ5
2026-09-26,3 days ago,UA6288,Embraer E175,IAH,MLM,PZ5
2026-08-22,3 days ago,UA6288,Embraer E175,IAH,MLM,PZ5
2026-10-05,3 days ago,UA6288,Embraer E175,IAH,MLM,PZ2
2026-10-06,3 days ago,UA6288,Embraer E175,IAH,MLM,PZ2
2026-09-25,3 days ago,UA6288,Embraer E175,IAH,MLM,PZ4
2026-09-28,3 days ago,UA6288,Embraer E175,IAH,MLM,PZ1
2026-10-06,3 days ago,UA6289,Embraer E175,MLM,IAH,PZ2
2026-09-18,3 days ago,UA6289,Embraer E175,MLM,IAH,PZ5
2026-07-27,3 days ago,UA6288,Embraer E175,IAH,MLM,PZ5
2026-09-23,3 days ago,UA6289,Embraer E175,MLM,IAH,PZ5
2026-05-05,Just now,UA923,Boeing 787-9,LAX,LHR,PZ1
2026-08-24,3 days ago,UA6288,Embraer E175,IAH,MLM,PZ5
2026-10-22,3 days ago,UA6289,Embraer E175,MLM,IAH,PZ2
2026-09-01,3 days ago,UA6288,Embraer E175,IAH,MLM,PZ5
2026-10-11,3 days ago,UA6288,Embraer E175,IAH,MLM,PZ2
2026-10-02,3 days ago,UA6288,Embraer E175,IAH,MLM,PZ1
2026-08-21,3 days ago,UA6288,Embraer E175,IAH,MLM,PZ5
2026-09-14,3 days ago,UA6288,Embraer E175,IAH,MLM,PZ5
2026-09-08,3 days ago,UA6288,Embraer E175,IAH,MLM,PZ5
2026-08-19,3 days ago,UA6288,Embraer E175,IAH,MLM,PZ5
2026-05-15,1 day ago,UA307,Boeing 737 MAX 9,MSP,ORD,PZ2
2026-09-03,3 days ago,UA6289,Embraer E175,MLM,IAH,PZ5
2026-10-21,3 days ago,UA6289,Embraer E175,MLM,IAH,PZ2
2026-08-09,13 hours ago,UA958,Boeing 767-300,LHR,ORD,PZ9
2027-03-10,3 days ago,UA6268,Embraer E175,TAM,IAH,PZ1
2027-03-16,3 days ago,UA6268,Embraer E175,TAM,IAH,PZ1
2026-10-20,3 days ago,UA6268,Embraer E175,TAM,IAH,PZ2
2026-11-25,3 days ago,UA6268,Embraer E175,TAM,IAH,PZ2
2026-09-27,3 days ago,UA6268,Embraer E175,TAM,IAH,PZ5
2027-01-23,3 days ago,UA6268,Embraer E175,TAM,IAH,PZ2
2027-02-03,3 days ago,UA6268,Embraer E175,TAM,IAH,PZ2
2026-10-27,3 days ago,UA6268,Embraer E175,TAM,IAH,PZ2
2027-02-02,3 days ago,UA6268,Embraer E175,TAM,IAH,PZ2
2027-03-17,3 days ago,UA6268,Embraer E175,TAM,IAH,PZ1
2027-01-30,3 days ago,UA6268,Embraer E175,TAM,IAH,PZ2
2027-03-05,3 days ago,UA6268,Embraer E175,TAM,IAH,PZ1
2027-01-16,3 days ago,UA6268,Embraer E175,TAM,IAH,PZ2
2027-02-27,3 days ago,UA6268,Embraer E175,TAM,IAH,PZ1
2026-11-17,3 days ago,UA6268,Embraer E175,TAM,IAH,PZ1
2026-11-05,3 days ago,UA6268,Embraer E175,TAM,IAH,PZ2
2027-01-20,3 days ago,UA6268,Embraer E175,TAM,IAH,PZ2
2026-09-16,3 days ago,UA6268,Embraer E175,TAM,IAH,PZ3
2026-11-23,3 days ago,UA6268,Embraer E175,TAM,IAH,PZ2
2026-12-20,3 days ago,UA6268,Embraer E175,TAM,IAH,PZ2
2027-02-18,3 days ago,UA6268,Embraer E175,TAM,IAH,PZ2
2027-02-14,3 days ago,UA6268,Embraer E175,TAM,IAH,PZ2
2027-03-09,3 days ago,UA6268,Embraer E175,TAM,IAH,PZ1
2027-02-10,3 days ago,UA6268,Embraer E175,TAM,IAH,PZ1
2026-06-04,4 days ago,UA3610,Embraer E175,EWR,RIC,PZ2
2026-05-13,6 hours ago,UA60,Boeing 787-9 Dreamliner,SFO,MEL,PZ8
2026-05-05,22 hours ago,UA18,Boeing 777-222ER,MXP,EWR,PZ9
2026-05-13,4 days ago,UA951,Boeing 777-300ER,BRU,IAD,PZ9
2026-05-05,4 hours ago,UA878,Boeing 777-300ER,HKG,SFO,PZ1
2026-05-18,3 days ago,UA2638,Boeing 737 MAX 9,RDU,ORD,PZ6
2026-05-24,8 hours ago,UA5423,Embraer E175,SUN,SFO,PZ4
2026-06-09,17 hours ago,UA963,Boeing 767-300,BER,EWR,PZ8
2026-05-08,4 hours ago,UA122,Boeing 787-9 Dreamliner,EWR,LHR,PZ9
2026-05-10,1 day ago,UA2223,Boeing 737-800,CLE,TPA,PZ4
2026-05-08,1 day ago,UA786,Airbus A319,SAV,ORD,PZ2
2026-05-22,3 hours ago,UA934,Boeing 767-300,EWR,LHR,PZ9
2026-06-17,9 hours ago,UA340,Boeing 737-800,ORD,LGA,PZ1
2026-05-11,11 hours ago,UA307,Boeing 737-900,MSP,ORD,PZ8
2026-08-21,3 days ago,UA837,Boeing 737 MAX 8,NRT,KHH,PZ4
2026-08-16,4 days ago,UA2249,Airbus A320,ORD,ATL,PZ1
2026-05-13,2 days ago,UA755,Boeing 737 MAX 9,IAD,BOS,PZ1
2026-07-04,1 day ago,UA822,Airbus A319,MEX,SFO,PZ1
2026-05-11,2 days ago,UA755,Boeing 737 MAX 9,IAD,BOS,PZ6
2026-05-12,2 days ago,UA755,Boeing 737 MAX 9,IAD,BOS,PZ4
2026-07-10,4 days ago,UA4405,Bombardier CRJ550,EWR,AVL,PZ1
2027-02-01,4 days ago,UA988,Boeing 777-300ER,FRA,IAD,PZ4
2026-05-23,4 days ago,UA782,Boeing 737 MAX 9,EWR,MSP,PZ2
2026-07-21,4 days ago,UA2316,Airbus A321neo,DEN,LAS,PZ2
2026-05-14,10 hours ago,UA1503,Boeing 737 MAX 9,ONT,SFO,PZ4
2026-08-06,4 days ago,UA2370,Boeing 737-900,ORD,CVG,PZ2
2026-05-26,4 days ago,UA731,Boeing 737 MAX 9,SFO,KOA,PZ1
2026-11-13,4 days ago,UA3470,Embraer E175,MKE,EWR,PZ1
2027-02-17,4 days ago,UA963,Boeing 767-400ER,BER,EWR,PZ2
2026-05-06,3 days ago,UA1807,Boeing 737 MAX 9,SFO,AUS,PZ3
2026-10-24,3 days ago,UA5238,Embraer E175,AGU,IAH,PZ2
2026-08-01,2 days ago,UA1550,Boeing 737-900,LAX,SEA,PZ3
2026-07-14,3 days ago,UA1550,Boeing 737 MAX 8,LAX,SEA,PZ3
2026-08-22,3 days ago,UA5238,Embraer E175,AGU,IAH,PZ5
2026-10-13,3 days ago,UA5238,Embraer E175,AGU,IAH,PZ2
2027-02-12,3 days ago,UA6328,Embraer E175,AGU,IAH,PZ2
2026-10-24,3 days ago,UA5255,Embraer E175,AGU,IAH,PZ2
2026-08-27,3 days ago,UA5238,Embraer E175,AGU,IAH,PZ5
2026-08-27,3 days ago,UA5255,Embraer E175,AGU,IAH,PZ5
2026-09-14,3 days ago,UA5238,Embraer E175,AGU,IAH,PZ5
2026-09-19,3 days ago,UA6288,Embraer E175,IAH,MLM,PZ5
2026-07-08,3 days ago,UA1550,Boeing 737 MAX 8,LAX,SEA,PZ2
2026-05-28,1 day ago,UA939,Boeing 787-9 Dreamliner,LHR,SFO,PZ7
2026-05-28,1 day ago,UA900,Boeing 787-9 Dreamliner,LHR,SFO,PZ9
2026-07-07,3 days ago,UA1550,Boeing 737 MAX 8,LAX,SEA,PZ3
2026-09-19,3 days ago,UA5238,Embraer E175,AGU,IAH,PZ5
2026-06-03,3 days ago,UA4191,Bombardier CRJ550,EWR,CAE,PZ2
2027-02-09,3 days ago,UA6328,Embraer E175,AGU,IAH,PZ2
2027-02-09,3 days ago,UA6153,Embraer E175,AGU,IAH,PZ2
2026-05-22,3 days ago,UA4413,Bombardier CRJ550,CHA,EWR,PZ3
2027-03-05,3 days ago,UA6328,Embraer E175,AGU,IAH,PZ1
2027-03-05,3 days ago,UA6153,Embraer E175,AGU,IAH,PZ1
2026-05-27,6 hours ago,UA949,Boeing 777-200,LHR,SFO,PZ1
2026-12-04,3 days ago,UA5238,Embraer E175,AGU,IAH,PZ2
2026-12-04,3 days ago,UA5255,Embraer E175,AGU,IAH,PZ2
2026-08-26,3 days ago,UA5238,Embraer E175,AGU,IAH,PZ5
2026-10-15,3 days ago,UA5238,Embraer E175,AGU,IAH,PZ2
2026-10-15,3 days ago,UA5255,Embraer E175,AGU,IAH,PZ2
2027-02-03,3 days ago,UA6328,Embraer E175,AGU,IAH,PZ2
2027-02-03,3 days ago,UA6153,Embraer E175,AGU,IAH,PZ2
2027-02-12,3 days ago,UA6153,Embraer E175,AGU,IAH,PZ2
2026-08-24,3 days ago,UA5238,Embraer E175,AGU,IAH,PZ4
2026-12-08,8 hours ago,UA980,Boeing 767-300,ORD,DUB,PZ1
2026-06-02,3 days ago,UA4191,Bombardier CRJ550,EWR,CAE,PZ2
2026-05-08,11 hours ago,UA552,Boeing 737 MAX 9,SFO,ONT,PZ7
2026-06-10,3 days ago,UA4191,Bombardier CRJ550,EWR,CAE,PZ2
2027-03-30,3 days ago,UA6238,Embraer E175,AGU,IAH,PZ1
2026-09-27,3 days ago,UA5238,Embraer E175,AGU,IAH,PZ5
2026-09-27,3 days ago,UA5255,Embraer E175,AGU,IAH,PZ5
2026-06-22,3 days ago,UA4191,Bombardier CRJ550,EWR,CAE,PZ1
2026-09-19,3 days ago,UA5255,Embraer E175,AGU,IAH,PZ5
2026-11-25,3 days ago,UA5238,Embraer E175,AGU,IAH,PZ2
2026-11-19,3 days ago,UA5238,Embraer E175,AGU,IAH,PZ2
2026-11-19,3 days ago,UA5255,Embraer E175,AGU,IAH,PZ2
2027-01-31,3 days ago,UA6328,Embraer E175,AGU,IAH,PZ2
2027-01-31,3 days ago,UA6153,Embraer E175,AGU,IAH,PZ2
2026-05-25,3 days ago,UA4413,Bombardier CRJ550,CHA,EWR,PZ1
2026-11-20,3 days ago,UA5255,Embraer E175,AGU,IAH,PZ2
2026-09-05,1 day ago,UA539,Boeing 737 MAX 9,ORD,DFW,PZ3
2026-10-16,3 days ago,UA5238,Embraer E175,AGU,IAH,PZ2
2026-10-16,3 days ago,UA5255,Embraer E175,AGU,IAH,PZ2
2027-02-28,3 days ago,UA6328,Embraer E175,AGU,IAH,PZ1
2026-08-20,3 days ago,UA5238,Embraer E175,AGU,IAH,PZ5
2026-10-29,3 days ago,UA6238,Embraer E175,AGU,IAH,PZ2
2027-03-02,3 days ago,UA6328,Embraer E175,AGU,IAH,PZ1
2027-03-02,3 days ago,UA6153,Embraer E175,AGU,IAH,PZ1
2026-09-28,3 days ago,UA5238,Embraer E175,AGU,IAH,PZ2
2026-11-23,3 days ago,UA5238,Embraer E175,AGU,IAH,PZ2
2027-01-23,3 days ago,UA6328,Embraer E175,AGU,IAH,PZ2
2026-10-20,3 days ago,UA5238,Embraer E175,AGU,IAH,PZ2
2026-09-25,3 days ago,UA5238,Embraer E175,AGU,IAH,PZ5
2026-09-25,3 days ago,UA5255,Embraer E175,AGU,IAH,PZ5
2026-12-08,3 days ago,UA5255,Embraer E175,AGU,IAH,PZ2
2026-10-21,3 days ago,UA5238,Embraer E175,AGU,IAH,PZ2
2026-10-21,3 days ago,UA5255,Embraer E175,AGU,IAH,PZ2
2026-10-18,3 days ago,UA5238,Embraer E175,AGU,IAH,PZ2
2026-05-13,2 days ago,UA4493,Bombardier CRJ550,EWR,CAE,PZ1
2026-05-10,2 days ago,UA4493,Bombardier CRJ550,EWR,CAE,PZ3
2026-06-21,3 days ago,UA4191,Bombardier CRJ550,EWR,CAE,PZ1
2026-09-20,3 days ago,UA5238,Embraer E175,AGU,IAH,PZ5
2026-09-20,3 days ago,UA5255,Embraer E175,AGU,IAH,PZ5
2026-09-30,3 days ago,UA5255,Embraer E175,AGU,IAH,PZ2
2026-09-02,3 days ago,UA5238,Embraer E175,AGU,IAH,PZ5
2026-08-21,3 days ago,UA5238,Embraer E175,AGU,IAH,PZ5
2026-11-22,3 days ago,UA5238,Embraer E175,AGU,IAH,PZ2
2026-12-16,3 days ago,UA5238,Embraer E175,AGU,IAH,PZ2
2026-06-26,3 days ago,UA4413,Bombardier CRJ550,CHA,EWR,PZ1
2026-06-12,3 days ago,UA4413,Bombardier CRJ550,CHA,EWR,PZ1
2026-06-08,3 days ago,UA4191,Bombardier CRJ550,EWR,CAE,PZ3
2026-09-17,3 days ago,UA5238,Embraer E175,AGU,IAH,PZ5
2026-11-12,3 days ago,UA5255,Embraer E175,AGU,IAH,PZ2
2026-10-31,3 days ago,UA6153,Embraer E175,AGU,IAH,PZ2
2027-03-06,3 days ago,UA6268,Embraer E175,TAM,IAH,PZ1
2027-03-07,3 days ago,UA6268,Embraer E175,TAM,IAH,PZ1
2027-01-14,3 days ago,UA6268,Embraer E175,TAM,IAH,PZ1
2026-09-23,3 days ago,UA6268,Embraer E175,TAM,IAH,PZ3
2027-02-11,3 days ago,UA5073,Bombardier CRJ550,IAH,VCT,PZ8
2027-02-07,3 days ago,UA5073,Bombardier CRJ550,IAH,VCT,PZ8
2026-11-18,3 days ago,UA6268,Embraer E175,TAM,IAH,PZ2
2027-01-29,3 days ago,UA5073,Bombardier CRJ550,IAH,VCT,PZ8
2026-09-26,3 days ago,UA6221,Embraer E175,ACA,IAH,PZ4
2026-05-06,1 day ago,UA820,Boeing 787-9 Dreamliner,HKG,BKK,PZ9
2026-12-21,3 days ago,UA5319,Embraer E175,ACA,IAH,PZ2
2027-01-21,3 days ago,UA6268,Embraer E175,TAM,IAH,PZ1
2027-02-24,3 days ago,UA5073,Bombardier CRJ550,IAH,VCT,PZ9
2027-03-15,3 days ago,UA5073,Bombardier CRJ550,IAH,VCT,PZ9
2026-11-26,3 days ago,UA5073,Bombardier CRJ550,IAH,VCT,PZ7
2026-08-20,1 day ago,UA951,Boeing 777-300ER,BRU,IAD,PZ9
2026-09-19,3 days ago,UA6221,Embraer E175,ACA,IAH,PZ4
2026-08-24,3 days ago,UA5073,Bombardier CRJ550,IAH,VCT,PZ9
2027-03-21,3 days ago,UA5073,Bombardier CRJ550,IAH,VCT,PZ8
2026-12-17,3 days ago,UA5319,Embraer E175,ACA,IAH,PZ1
2026-05-05,1 day ago,UA820,Boeing 787-9 Dreamliner,HKG,BKK,PZ9
2026-08-09,23 hours ago,UA4763,Embraer E175,SLC,SFO,PZ1
2026-05-13,6 hours ago,UA17,Boeing 767-300,LHR,EWR,PZ9
2026-05-13,6 hours ago,UA147,Boeing 767-300,LHR,EWR,PZ9
2027-01-12,3 days ago,UA5073,Bombardier CRJ550,IAH,VCT,PZ9
2027-03-25,3 days ago,UA5073,Bombardier CRJ550,IAH,VCT,PZ8
2026-12-20,3 days ago,UA5073,Bombardier CRJ550,IAH,VCT,PZ8
2027-02-10,3 days ago,UA5073,Bombardier CRJ550,IAH,VCT,PZ8
2026-12-18,3 days ago,UA5073,Bombardier CRJ550,IAH,VCT,PZ8
2027-02-28,3 days ago,UA5073,Bombardier CRJ550,IAH,VCT,PZ8
2027-03-12,3 days ago,UA5073,Bombardier CRJ550,IAH,VCT,PZ8
2027-01-30,3 days ago,UA5073,Bombardier CRJ550,IAH,VCT,PZ8
2027-01-28,3 days ago,UA5073,Bombardier CRJ550,IAH,VCT,PZ8
2027-01-27,3 days ago,UA5073,Bombardier CRJ550,IAH,VCT,PZ8
2027-02-01,3 days ago,UA5073,Bombardier CRJ550,IAH,VCT,PZ9
2027-03-14,3 days ago,UA5073,Bombardier CRJ550,IAH,VCT,PZ8
2027-01-13,3 days ago,UA5073,Bombardier CRJ550,IAH,VCT,PZ9
2027-01-31,3 days ago,UA5073,Bombardier CRJ550,IAH,VCT,PZ8
2027-03-09,3 days ago,UA5073,Bombardier CRJ550,IAH,VCT,PZ8
2027-02-04,3 days ago,UA5073,Bombardier CRJ550,IAH,VCT,PZ8
2027-03-08,3 days ago,UA5073,Bombardier CRJ550,IAH,VCT,PZ9
2027-02-06,3 days ago,UA5073,Bombardier CRJ550,IAH,VCT,PZ8
2027-03-01,3 days ago,UA5073,Bombardier CRJ550,IAH,VCT,PZ9
2027-02-21,3 days ago,UA5073,Bombardier CRJ550,IAH,VCT,PZ8
2027-02-25,3 days ago,UA5073,Bombardier CRJ550,IAH,VCT,PZ8
2027-02-18,3 days ago,UA5073,Bombardier CRJ550,IAH,VCT,PZ8
2026-08-26,3 days ago,UA5073,Bombardier CRJ550,IAH,VCT,PZ9
2027-02-13,3 days ago,UA5073,Bombardier CRJ550,IAH,VCT,PZ8
2026-11-19,3 days ago,UA5073,Bombardier CRJ550,IAH,VCT,PZ9
2027-03-19,3 days ago,UA5073,Bombardier CRJ550,IAH,VCT,PZ8
2027-03-29,3 days ago,UA5073,Bombardier CRJ550,IAH,VCT,PZ8
2027-01-07,3 days ago,UA5073,Bombardier CRJ550,IAH,VCT,PZ8
2027-02-02,3 days ago,UA5073,Bombardier CRJ550,IAH,VCT,PZ9
2026-09-18,3 days ago,UA6288,Embraer E175,IAH,MLM,PZ5
2026-08-27,3 days ago,UA6288,Embraer E175,IAH,MLM,PZ5
2026-09-13,3 days ago,UA6288,Embraer E175,IAH,MLM,PZ5
2026-10-15,3 days ago,UA6289,Embraer E175,MLM,IAH,PZ2
2026-08-24,3 days ago,UA6289,Embraer E175,MLM,IAH,PZ5
2026-10-04,3 days ago,UA6289,Embraer E175,MLM,IAH,PZ2
2026-10-16,3 days ago,UA6289,Embraer E175,MLM,IAH,PZ2
2026-10-01,3 days ago,UA6289,Embraer E175,MLM,IAH,PZ2
2026-08-20,3 days ago,UA6289,Embraer E175,MLM,IAH,PZ5
2026-09-09,3 days ago,UA6289,Embraer E175,MLM,IAH,PZ5
2026-12-22,3 days ago,UA6289,Embraer E175,MLM,IAH,PZ2
2026-09-28,3 days ago,UA6289,Embraer E175,MLM,IAH,PZ2
2026-10-24,3 days ago,UA6289,Embraer E175,MLM,IAH,PZ2
2026-09-04,3 days ago,UA6289,Embraer E175,MLM,IAH,PZ5
2026-09-24,3 days ago,UA6289,Embraer E175,MLM,IAH,PZ5
2026-10-03,3 days ago,UA6289,Embraer E175,MLM,IAH,PZ2
2026-09-21,3 days ago,UA6289,Embraer E175,MLM,IAH,PZ5
2026-09-26,3 days ago,UA6289,Embraer E175,MLM,IAH,PZ5
2026-09-16,3 days ago,UA6289,Embraer E175,MLM,IAH,PZ5
2026-09-17,3 days ago,UA6289,Embraer E175,MLM,IAH,PZ5
2026-09-15,3 days ago,UA6289,Embraer E175,MLM,IAH,PZ5
2026-09-27,3 days ago,UA6289,Embraer E175,MLM,IAH,PZ5
2026-08-30,3 days ago,UA6289,Embraer E175,MLM,IAH,PZ5
2026-07-11,3 days ago,UA6267,Embraer E175,IAH,TAM,PZ3
2026-09-10,3 days ago,UA6289,Embraer E175,MLM,IAH,PZ5
2026-10-14,3 days ago,UA6289,Embraer E175,MLM,IAH,PZ2
2026-10-09,3 days ago,UA6289,Embraer E175,MLM,IAH,PZ2
2026-09-25,3 days ago,UA6289,Embraer E175,MLM,IAH,PZ5
2026-10-23,3 days ago,UA6289,Embraer E175,MLM,IAH,PZ2
2026-09-22,3 days ago,UA6289,Embraer E175,MLM,IAH,PZ5
2026-09-29,3 days ago,UA6289,Embraer E175,MLM,IAH,PZ2
2027-02-06,3 days ago,UA6267,Embraer E175,IAH,TAM,PZ2
2026-11-19,3 days ago,UA5073,Bombardier CRJ550,VCT,IAH,PZ9
2026-10-05,3 days ago,UA6289,Embraer E175,MLM,IAH,PZ2
2026-09-06,3 days ago,UA6289,Embraer E175,MLM,IAH,PZ5
2027-02-07,3 days ago,UA6267,Embraer E175,IAH,TAM,PZ2
2027-03-02,3 days ago,UA6267,Embraer E175,IAH,TAM,PZ1
2027-02-25,3 days ago,UA6267,Embraer E175,IAH,TAM,PZ1
2027-01-18,3 days ago,UA6267,Embraer E175,IAH,TAM,PZ2
2026-11-27,3 days ago,UA6267,Embraer E175,IAH,TAM,PZ2
2027-02-05,3 days ago,UA6267,Embraer E175,IAH,TAM,PZ2
2027-01-24,3 days ago,UA6267,Embraer E175,IAH,TAM,PZ2
2026-10-04,3 days ago,UA6267,Embraer E175,IAH,TAM,PZ2
2026-09-13,3 days ago,UA6267,Embraer E175,IAH,TAM,PZ2
2026-09-07,3 days ago,UA6267,Embraer E175,IAH,TAM,PZ3
2027-02-15,3 days ago,UA6267,Embraer E175,IAH,TAM,PZ2
2026-05-05,9 hours ago,UA969,Boeing 777-222B,AMS,SFO,PZ3
2027-01-20,3 days ago,UA6267,Embraer E175,IAH,TAM,PZ1
2026-09-08,3 days ago,UA6267,Embraer E175,IAH,TAM,PZ1
2026-09-26,3 days ago,UA6267,Embraer E175,IAH,TAM,PZ5
2027-01-19,3 days ago,UA6267,Embraer E175,IAH,TAM,PZ2
2027-01-30,3 days ago,UA6267,Embraer E175,IAH,TAM,PZ2
2027-01-28,3 days ago,UA6267,Embraer E175,IAH,TAM,PZ2
2027-01-31,3 days ago,UA6267,Embraer E175,IAH,TAM,PZ2
2027-02-18,3 days ago,UA6267,Embraer E175,IAH,TAM,PZ2
2027-03-13,3 days ago,UA6267,Embraer E175,IAH,TAM,PZ1
2027-02-22,3 days ago,UA6267,Embraer E175,IAH,TAM,PZ2
2027-02-21,3 days ago,UA6267,Embraer E175,IAH,TAM,PZ2
2026-08-25,3 days ago,UA6267,Embraer E175,IAH,TAM,PZ2
2027-01-25,3 days ago,UA6267,Embraer E175,IAH,TAM,PZ1
2026-09-18,3 days ago,UA6267,Embraer E175,IAH,TAM,PZ4
2026-12-31,3 days ago,UA6267,Embraer E175,IAH,TAM,PZ2
2027-03-01,3 days ago,UA6267,Embraer E175,IAH,TAM,PZ1
2027-02-14,3 days ago,UA6267,Embraer E175,IAH,TAM,PZ2
2027-01-23,3 days ago,UA6267,Embraer E175,IAH,TAM,PZ2
2026-09-05,3 days ago,UA6267,Embraer E175,IAH,TAM,PZ1
2026-10-11,3 days ago,UA6267,Embraer E175,IAH,TAM,PZ2
2027-01-21,3 days ago,UA6267,Embraer E175,IAH,TAM,PZ2
2027-02-19,3 days ago,UA6267,Embraer E175,IAH,TAM,PZ2
2027-03-08,3 days ago,UA6267,Embraer E175,IAH,TAM,PZ1
2027-02-17,3 days ago,UA6267,Embraer E175,IAH,TAM,PZ1
2026-07-05,3 days ago,UA3495,Embraer E175,IAD,DTW,PZ1
2027-01-17,3 days ago,UA6267,Embraer E175,IAH,TAM,PZ2
2027-01-11,3 days ago,UA6267,Embraer E175,IAH,TAM,PZ1
2027-03-14,3 days ago,UA6267,Embraer E175,IAH,TAM,PZ1
2027-03-04,3 days ago,UA6267,Embraer E175,IAH,TAM,PZ1
2027-01-22,3 days ago,UA6267,Embraer E175,IAH,TAM,PZ2
2027-02-28,3 days ago,UA6267,Embraer E175,IAH,TAM,PZ1
2027-03-11,3 days ago,UA6267,Embraer E175,IAH,TAM,PZ1
2027-02-27,3 days ago,UA6267,Embraer E175,IAH,TAM,PZ1
2027-01-01,3 days ago,UA6267,Embraer E175,IAH,TAM,PZ2
2026-11-28,3 days ago,UA6267,Embraer E175,IAH,TAM,PZ2
2026-09-22,3 days ago,UA6267,Embraer E175,IAH,TAM,PZ2
2026-11-07,3 days ago,UA6267,Embraer E175,IAH,TAM,PZ1
2026-12-05,3 days ago,UA5073,Bombardier CRJ550,VCT,IAH,PZ9
2026-10-02,3 days ago,UA6267,Embraer E175,IAH,TAM,PZ2
2027-02-16,3 days ago,UA6267,Embraer E175,IAH,TAM,PZ2
2027-02-20,3 days ago,UA6267,Embraer E175,IAH,TAM,PZ2
2026-07-05,3 days ago,UA6267,Embraer E175,IAH,TAM,PZ5
2026-11-05,3 days ago,UA5073,Bombardier CRJ550,VCT,IAH,PZ9
2027-03-09,3 days ago,UA6267,Embraer E175,IAH,TAM,PZ1
2026-11-29,3 days ago,UA5073,Bombardier CRJ550,VCT,IAH,PZ8
2027-03-30,3 days ago,UA6267,Embraer E175,IAH,TAM,PZ1
2026-09-21,3 days ago,UA5073,Bombardier CRJ550,VCT,IAH,PZ9
2026-09-19,3 days ago,UA5073,Bombardier CRJ550,VCT,IAH,PZ9
2027-01-05,3 days ago,UA5073,Bombardier CRJ550,VCT,IAH,PZ8
2026-12-22,3 days ago,UA5073,Bombardier CRJ550,VCT,IAH,PZ8
2026-05-08,9 hours ago,UA3650,Embraer E175,ATL,ORD,PZ4
2026-09-27,3 days ago,UA6267,Embraer E175,IAH,TAM,PZ5
2027-02-06,3 days ago,UA5073,Bombardier CRJ550,VCT,IAH,PZ8
2027-02-09,3 days ago,UA5073,Bombardier CRJ550,VCT,IAH,PZ8
2026-12-25,3 days ago,UA5073,Bombardier CRJ550,VCT,IAH,PZ8
2027-01-13,3 days ago,UA5073,Bombardier CRJ550,VCT,IAH,PZ9
2026-08-18,3 days ago,UA5073,Bombardier CRJ550,VCT,IAH,PZ9
2027-01-22,3 days ago,UA5073,Bombardier CRJ550,VCT,IAH,PZ8
2027-01-17,3 days ago,UA5073,Bombardier CRJ550,VCT,IAH,PZ9
2027-02-20,3 days ago,UA5073,Bombardier CRJ550,VCT,IAH,PZ8
2026-11-17,3 days ago,UA5073,Bombardier CRJ550,VCT,IAH,PZ9
2026-11-23,3 days ago,UA5073,Bombardier CRJ550,VCT,IAH,PZ9
2027-02-25,3 days ago,UA5073,Bombardier CRJ550,VCT,IAH,PZ8
2026-09-07,3 days ago,UA5073,Bombardier CRJ550,VCT,IAH,PZ9
2026-12-20,3 days ago,UA5073,Bombardier CRJ550,VCT,IAH,PZ8
2026-12-14,3 days ago,UA5073,Bombardier CRJ550,VCT,IAH,PZ9
2026-12-09,3 days ago,UA5073,Bombardier CRJ550,IAH,VCT,PZ9
2027-03-10,3 days ago,UA5073,Bombardier CRJ550,IAH,VCT,PZ9
2027-03-17,3 days ago,UA5073,Bombardier CRJ550,IAH,VCT,PZ8
2026-12-23,3 days ago,UA5073,Bombardier CRJ550,IAH,VCT,PZ8
2027-02-16,3 days ago,UA5073,Bombardier CRJ550,IAH,VCT,PZ8
2027-01-26,3 days ago,UA5073,Bombardier CRJ550,IAH,VCT,PZ9
2026-11-25,3 days ago,UA5073,Bombardier CRJ550,IAH,VCT,PZ9
2027-03-24,3 days ago,UA5073,Bombardier CRJ550,IAH,VCT,PZ8
2027-01-21,3 days ago,UA5073,Bombardier CRJ550,IAH,VCT,PZ8
2027-03-18,3 days ago,UA5073,Bombardier CRJ550,IAH,VCT,PZ8
2027-03-07,3 days ago,UA5073,Bombardier CRJ550,IAH,VCT,PZ1
2026-12-22,3 days ago,UA5073,Bombardier CRJ550,IAH,VCT,PZ8
2027-03-11,3 days ago,UA5073,Bombardier CRJ550,IAH,VCT,PZ8
2027-02-20,3 days ago,UA5073,Bombardier CRJ550,IAH,VCT,PZ8
2026-12-06,3 days ago,UA5073,Bombardier CRJ550,IAH,VCT,PZ9
2026-11-27,3 days ago,UA5073,Bombardier CRJ550,IAH,VCT,PZ9
2027-03-02,3 days ago,UA5073,Bombardier CRJ550,IAH,VCT,PZ9
2027-02-05,3 days ago,UA5073,Bombardier CRJ550,IAH,VCT,PZ8
2026-08-19,3 days ago,UA5073,Bombardier CRJ550,IAH,VCT,PZ9
2027-03-26,3 days ago,UA5073,Bombardier CRJ550,IAH,VCT,PZ7
2027-03-20,3 days ago,UA5073,Bombardier CRJ550,IAH,VCT,PZ7
2027-03-23,3 days ago,UA5073,Bombardier CRJ550,IAH,VCT,PZ8
2027-01-08,3 days ago,UA5073,Bombardier CRJ550,IAH,VCT,PZ8
2026-11-15,3 days ago,UA5073,Bombardier CRJ550,IAH,VCT,PZ9
2026-08-13,3 days ago,UA5073,Bombardier CRJ550,IAH,VCT,PZ9
2026-09-01,3 days ago,UA5073,Bombardier CRJ550,IAH,VCT,PZ9
2027-02-26,3 days ago,UA5073,Bombardier CRJ550,IAH,VCT,PZ8
2027-02-17,3 days ago,UA5073,Bombardier CRJ550,IAH,VCT,PZ8
2027-02-22,3 days ago,UA5073,Bombardier CRJ550,IAH,VCT,PZ8
2026-08-14,22 hours ago,UA951,Boeing 777-300ER,BRU,IAD,PZ9
2027-03-16,3 days ago,UA5073,Bombardier CRJ550,IAH,VCT,PZ9
2027-02-14,3 days ago,UA5073,Bombardier CRJ550,IAH,VCT,PZ8
2027-01-09,3 days ago,UA5073,Bombardier CRJ550,IAH,VCT,PZ8
2027-03-27,3 days ago,UA5073,Bombardier CRJ550,IAH,VCT,PZ7
2027-03-30,3 days ago,UA5073,Bombardier CRJ550,IAH,VCT,PZ8
2027-02-19,3 days ago,UA5073,Bombardier CRJ550,IAH,VCT,PZ8
2027-03-22,3 days ago,UA5073,Bombardier CRJ550,IAH,VCT,PZ9
2027-02-03,3 days ago,UA5073,Bombardier CRJ550,IAH,VCT,PZ8
2027-03-03,3 days ago,UA5073,Bombardier CRJ550,IAH,VCT,PZ8
2027-02-23,3 days ago,UA5073,Bombardier CRJ550,IAH,VCT,PZ8
2027-03-05,3 days ago,UA5073,Bombardier CRJ550,IAH,VCT,PZ4
2026-12-17,3 days ago,UA5073,Bombardier CRJ550,IAH,VCT,PZ8
2027-01-15,3 days ago,UA5073,Bombardier CRJ550,IAH,VCT,PZ8
2026-12-04,3 days ago,UA5073,Bombardier CRJ550,IAH,VCT,PZ9
2027-02-27,3 days ago,UA5073,Bombardier CRJ550,IAH,VCT,PZ8
2026-09-07,3 days ago,UA5073,Bombardier CRJ550,IAH,VCT,PZ9
2027-03-13,3 days ago,UA5073,Bombardier CRJ550,IAH,VCT,PZ8
2027-02-08,3 days ago,UA5073,Bombardier CRJ550,IAH,VCT,PZ8
2027-02-12,3 days ago,UA5073,Bombardier CRJ550,IAH,VCT,PZ7
2027-01-05,3 days ago,UA5073,Bombardier CRJ550,IAH,VCT,PZ8
2026-12-19,3 days ago,UA5073,Bombardier CRJ550,IAH,VCT,PZ7
2026-08-17,3 days ago,UA1185,Boeing 737-800,LAX,SJD,PZ4
2026-06-13,1 day ago,UA2199,Boeing 737-900,ORD,LAS,PZ3
2027-02-19,3 days ago,UA5073,Bombardier CRJ550,VCT,IAH,PZ8
2026-09-05,3 days ago,UA5073,Bombardier CRJ550,VCT,IAH,PZ9
2026-08-13,3 days ago,UA5073,Bombardier CRJ550,VCT,IAH,PZ9
2026-10-26,3 days ago,UA5073,Bombardier CRJ550,VCT,IAH,PZ9
2027-02-26,3 days ago,UA5073,Bombardier CRJ550,VCT,IAH,PZ8
2027-02-28,3 days ago,UA5073,Bombardier CRJ550,VCT,IAH,PZ8
2026-11-08,3 days ago,UA5073,Bombardier CRJ550,VCT,IAH,PZ9
2027-02-17,3 days ago,UA5073,Bombardier CRJ550,VCT,IAH,PZ8
2026-11-21,3 days ago,UA5073,Bombardier CRJ550,VCT,IAH,PZ9
2026-12-28,3 days ago,UA5073,Bombardier CRJ550,VCT,IAH,PZ8
2026-10-31,3 days ago,UA5073,Bombardier CRJ550,VCT,IAH,PZ9
2027-01-11,3 days ago,UA5073,Bombardier CRJ550,VCT,IAH,PZ9
2027-03-05,3 days ago,UA5073,Bombardier CRJ550,VCT,IAH,PZ8
2027-02-08,3 days ago,UA5073,Bombardier CRJ550,VCT,IAH,PZ8
2027-03-16,3 days ago,UA5073,Bombardier CRJ550,VCT,IAH,PZ9
2026-08-31,3 days ago,UA5073,Bombardier CRJ550,VCT,IAH,PZ9
2026-12-12,3 days ago,UA5073,Bombardier CRJ550,VCT,IAH,PZ9
2027-01-10,3 days ago,UA5073,Bombardier CRJ550,VCT,IAH,PZ8
2026-09-12,3 days ago,UA5073,Bombardier CRJ550,VCT,IAH,PZ9
2027-01-19,3 days ago,UA5073,Bombardier CRJ550,VCT,IAH,PZ9
2026-12-02,3 days ago,UA5073,Bombardier CRJ550,VCT,IAH,PZ9
2026-08-25,3 days ago,UA5073,Bombardier CRJ550,VCT,IAH,PZ9
2026-08-22,3 days ago,UA5073,Bombardier CRJ550,VCT,IAH,PZ9
2027-03-10,3 days ago,UA5073,Bombardier CRJ550,VCT,IAH,PZ8
2026-11-12,3 days ago,UA5073,Bombardier CRJ550,VCT,IAH,PZ9
2026-12-13,3 days ago,UA5073,Bombardier CRJ550,VCT,IAH,PZ8
2027-02-15,3 days ago,UA5073,Bombardier CRJ550,VCT,IAH,PZ3
2027-01-14,3 days ago,UA5073,Bombardier CRJ550,VCT,IAH,PZ8
2027-02-14,3 days ago,UA5073,Bombardier CRJ550,VCT,IAH,PZ8
2027-02-01,3 days ago,UA5073,Bombardier CRJ550,VCT,IAH,PZ9
2026-12-24,3 days ago,UA5073,Bombardier CRJ550,VCT,IAH,PZ8
2026-09-22,3 days ago,UA5073,Bombardier CRJ550,VCT,IAH,PZ9
2027-03-04,3 days ago,UA5073,Bombardier CRJ550,VCT,IAH,PZ8
2027-03-02,3 days ago,UA5073,Bombardier CRJ550,VCT,IAH,PZ9
2026-11-01,3 days ago,UA5073,Bombardier CRJ550,VCT,IAH,PZ9
2026-12-30,3 days ago,UA5073,Bombardier CRJ550,VCT,IAH,PZ8
2026-10-29,3 days ago,UA5073,Bombardier CRJ550,VCT,IAH,PZ9
2027-02-18,3 days ago,UA5073,Bombardier CRJ550,VCT,IAH,PZ8
2027-01-02,3 days ago,UA5073,Bombardier CRJ550,VCT,IAH,PZ5
2026-08-28,3 days ago,UA5073,Bombardier CRJ550,VCT,IAH,PZ9
2026-09-08,3 days ago,UA5073,Bombardier CRJ550,VCT,IAH,PZ9
2027-01-23,3 days ago,UA5073,Bombardier CRJ550,VCT,IAH,PZ8
2027-01-16,3 days ago,UA5073,Bombardier CRJ550,VCT,IAH,PZ8
2027-01-30,3 days ago,UA5073,Bombardier CRJ550,VCT,IAH,PZ8
2027-02-03,3 days ago,UA5073,Bombardier CRJ550,VCT,IAH,PZ9
2026-11-30,3 days ago,UA5073,Bombardier CRJ550,VCT,IAH,PZ9
2026-09-10,3 days ago,UA5073,Bombardier CRJ550,VCT,IAH,PZ9
2027-03-07,3 days ago,UA5073,Bombardier CRJ550,VCT,IAH,PZ8
2026-12-27,3 days ago,UA5073,Bombardier CRJ550,VCT,IAH,PZ8
2026-12-18,3 days ago,UA5073,Bombardier CRJ550,VCT,IAH,PZ7
2027-03-11,3 days ago,UA5073,Bombardier CRJ550,VCT,IAH,PZ2
2026-12-29,3 days ago,UA5073,Bombardier CRJ550,VCT,IAH,PZ8
2026-11-11,3 days ago,UA5073,Bombardier CRJ550,VCT,IAH,PZ9
2027-01-31,3 days ago,UA5073,Bombardier CRJ550,VCT,IAH,PZ9
2027-02-22,3 days ago,UA5073,Bombardier CRJ550,VCT,IAH,PZ9
2026-08-15,3 days ago,UA5073,Bombardier CRJ550,VCT,IAH,PZ9
2026-11-18,3 days ago,UA5073,Bombardier CRJ550,VCT,IAH,PZ9
2026-12-07,3 days ago,UA5073,Bombardier CRJ550,VCT,IAH,PZ9
2027-03-06,3 days ago,UA5073,Bombardier CRJ550,VCT,IAH,PZ8
2026-09-04,3 days ago,UA5073,Bombardier CRJ550,VCT,IAH,PZ9
2027-02-13,3 days ago,UA5073,Bombardier CRJ550,VCT,IAH,PZ8
2026-12-03,3 days ago,UA5073,Bombardier CRJ550,VCT,IAH,PZ9
2027-03-08,3 days ago,UA5073,Bombardier CRJ550,VCT,IAH,PZ9
2026-11-24,3 days ago,UA5073,Bombardier CRJ550,VCT,IAH,PZ8
2027-02-07,3 days ago,UA5073,Bombardier CRJ550,VCT,IAH,PZ8
2027-02-09,3 days ago,UA5073,Bombardier CRJ550,IAH,VCT,PZ8
2026-12-29,3 days ago,UA5073,Bombardier CRJ550,IAH,VCT,PZ7
2027-03-28,3 days ago,UA5073,Bombardier CRJ550,IAH,VCT,PZ8
2027-03-04,3 days ago,UA5073,Bombardier CRJ550,IAH,VCT,PZ8
2026-10-09,3 days ago,UA5238,Embraer E175,AGU,IAH,PZ2
2026-10-09,3 days ago,UA5255,Embraer E175,AGU,IAH,PZ2
2026-05-20,3 days ago,UA4510,Bombardier CRJ550,CHA,EWR,PZ5
2027-03-14,3 days ago,UA6328,Embraer E175,AGU,IAH,PZ1
2027-02-06,3 days ago,UA6328,Embraer E175,AGU,IAH,PZ2
2027-02-06,3 days ago,UA6153,Embraer E175,AGU,IAH,PZ2
2026-06-07,3 days ago,UA4413,Bombardier CRJ550,CHA,EWR,PZ3
2026-05-30,3 days ago,UA4413,Bombardier CRJ550,CHA,EWR,PZ1
2026-10-03,3 days ago,UA5238,Embraer E175,AGU,IAH,PZ2
2026-10-03,3 days ago,UA5255,Embraer E175,AGU,IAH,PZ2
2026-06-04,3 days ago,UA4413,Bombardier CRJ550,CHA,EWR,PZ1
2026-05-30,3 days ago,UA5650,Embraer E175,SFO,SNA,PZ4
2026-05-23,3 days ago,UA4413,Bombardier CRJ550,CHA,EWR,PZ1
2026-06-24,3 days ago,UA4413,Bombardier CRJ550,CHA,EWR,PZ2
2026-05-21,3 days ago,UA4413,Bombardier CRJ550,CHA,EWR,PZ1
2027-03-09,3 days ago,UA6328,Embraer E175,AGU,IAH,PZ1
2027-03-09,3 days ago,UA6153,Embraer E175,AGU,IAH,PZ1
2026-05-30,3 days ago,UA4419,Bombardier CRJ550,EWR,CHA,PZ2
2026-11-13,3 days ago,UA5238,Embraer E175,AGU,IAH,PZ2
2026-06-08,3 days ago,UA4419,Bombardier CRJ550,EWR,CHA,PZ3
2026-10-20,3 days ago,UA5255,Embraer E175,AGU,IAH,PZ2
2026-06-17,3 days ago,UA4413,Bombardier CRJ550,CHA,EWR,PZ2
2026-09-23,3 days ago,UA5238,Embraer E175,AGU,IAH,PZ5
2026-09-23,3 days ago,UA5255,Embraer E175,AGU,IAH,PZ5
2026-09-18,3 days ago,UA5238,Embraer E175,AGU,IAH,PZ5
2026-09-18,3 days ago,UA5255,Embraer E175,AGU,IAH,PZ5
2026-10-10,3 days ago,UA5238,Embraer E175,AGU,IAH,PZ2
2026-06-15,3 days ago,UA4413,Bombardier CRJ550,CHA,EWR,PZ1
2026-09-12,3 days ago,UA5238,Embraer E175,AGU,IAH,PZ5
2026-09-05,3 days ago,UA5238,Embraer E175,AGU,IAH,PZ3
2027-02-14,3 days ago,UA6328,Embraer E175,AGU,IAH,PZ2
2027-01-24,3 days ago,UA6328,Embraer E175,AGU,IAH,PZ2
2027-01-24,3 days ago,UA6153,Embraer E175,AGU,IAH,PZ2
2027-03-11,3 days ago,UA6328,Embraer E175,AGU,IAH,PZ1
2027-02-17,3 days ago,UA6328,Embraer E175,AGU,IAH,PZ2
2026-06-08,3 days ago,UA4413,Bombardier CRJ550,CHA,EWR,PZ2
2026-12-11,3 days ago,UA5238,Embraer E175,AGU,IAH,PZ2
2026-12-11,3 days ago,UA5255,Embraer E175,AGU,IAH,PZ2
2027-02-10,3 days ago,UA6328,Embraer E175,AGU,IAH,PZ2
2027-02-10,3 days ago,UA6153,Embraer E175,AGU,IAH,PZ2
2026-08-25,3 days ago,UA5238,Embraer E175,AGU,IAH,PZ5
2026-09-17,3 days ago,UA5255,Embraer E175,AGU,IAH,PZ5
2027-03-07,3 days ago,UA6328,Embraer E175,AGU,IAH,PZ1
2026-07-04,3 days ago,UA6238,Embraer E175,AGU,IAH,PZ5
2027-02-26,3 days ago,UA6328,Embraer E175,AGU,IAH,PZ1
2027-02-26,3 days ago,UA6153,Embraer E175,AGU,IAH,PZ1
2027-02-05,3 days ago,UA6328,Embraer E175,AGU,IAH,PZ2
2027-02-05,3 days ago,UA6153,Embraer E175,AGU,IAH,PZ2
2027-02-19,3 days ago,UA6328,Embraer E175,AGU,IAH,PZ2
2027-02-19,3 days ago,UA6153,Embraer E175,AGU,IAH,PZ2
2026-09-10,3 days ago,UA5238,Embraer E175,AGU,IAH,PZ5
2026-09-10,3 days ago,UA5255,Embraer E175,AGU,IAH,PZ5
2026-10-01,3 days ago,UA5238,Embraer E175,AGU,IAH,PZ2
2026-10-01,3 days ago,UA5255,Embraer E175,AGU,IAH,PZ2
2026-09-29,3 days ago,UA5238,Embraer E175,AGU,IAH,PZ2
2026-06-23,3 days ago,UA4413,Bombardier CRJ550,CHA,EWR,PZ2
2026-12-03,3 days ago,UA5238,Embraer E175,AGU,IAH,PZ2
2026-10-20,3 days ago,UA6289,Embraer E175,MLM,IAH,PZ2
2026-06-13,3 days ago,UA4413,Bombardier CRJ550,CHA,EWR,PZ2
2026-06-02,3 days ago,UA4413,Bombardier CRJ550,CHA,EWR,PZ1
2026-06-09,3 days ago,UA4413,Bombardier CRJ550,CHA,EWR,PZ1
2026-10-08,3 days ago,UA5238,Embraer E175,AGU,IAH,PZ2
2026-10-08,3 days ago,UA5255,Embraer E175,AGU,IAH,PZ2
2026-08-23,3 days ago,UA5238,Embraer E175,AGU,IAH,PZ5
2027-03-16,3 days ago,UA6328,Embraer E175,AGU,IAH,PZ1
2026-10-27,3 days ago,UA6153,Embraer E175,AGU,IAH,PZ2
2026-12-05,3 days ago,UA5238,Embraer E175,AGU,IAH,PZ2
2026-12-06,3 days ago,UA5238,Embraer E175,AGU,IAH,PZ2
2026-05-15,3 days ago,UA4510,Bombardier CRJ550,CHA,EWR,PZ4
2027-02-25,3 days ago,UA6328,Embraer E175,AGU,IAH,PZ1
2027-02-25,3 days ago,UA6153,Embraer E175,AGU,IAH,PZ1
2026-09-26,3 days ago,UA5238,Embraer E175,AGU,IAH,PZ5
2026-09-26,3 days ago,UA5255,Embraer E175,AGU,IAH,PZ3
2026-06-19,3 days ago,UA4413,Bombardier CRJ550,CHA,EWR,PZ1
2027-03-24,3 days ago,UA6328,Embraer E175,AGU,IAH,PZ1
2026-09-01,3 days ago,UA1406,Boeing 737-900,IAD,RSW,PZ4
2026-09-10,3 days ago,UA1406,Boeing 737-900,IAD,RSW,PZ2
2026-09-15,3 days ago,UA1406,Boeing 737-900,IAD,RSW,PZ3
2026-06-19,5 hours ago,UA1517,Airbus A319,DFW,ORD,PZ1
2026-08-18,3 days ago,UA1406,Boeing 737-900,IAD,RSW,PZ3
2026-05-06,6 hours ago,UA47,Boeing 777-222B,FRA,IAH,PZ4
2026-09-08,3 days ago,UA1406,Boeing 737-900,IAD,RSW,PZ4
2026-08-25,3 days ago,UA1406,Boeing 737-900,IAD,RSW,PZ4
2027-02-15,3 days ago,UA5073,Bombardier CRJ550,IAH,VCT,PZ9
2027-01-06,3 days ago,UA5073,Bombardier CRJ550,IAH,VCT,PZ8
2026-07-03,4 hours ago,UA1229,Boeing 737 MAX 8,DTW,IAH,PZ2
2026-09-02,3 hours ago,UA995,Boeing 787-10 Dreamliner,BRU,EWR,PZ9
2026-06-01,19 hours ago,UA1189,Boeing 737-800,SFO,SJD,PZ1
